datum,region,beruf,anzahl
2026-07-06,waiblingen_15km,Verkäufer/in,168
2026-07-06,waiblingen_15km,Erzieher/in,114
2026-07-06,waiblingen_15km,Gabelstaplerfahrer/in,102
2026-07-06,waiblingen_15km,Ingenieur/in - Elektrotechnik,98
2026-07-06,waiblingen_15km,Elektroanlagenmonteur/in,86
2026-07-06,waiblingen_15km,Helfer/in - Reinigung,85
2026-07-06,waiblingen_15km,"Helfer/in - Lagerwirtschaft, Transport",84
2026-07-06,waiblingen_15km,Altenpfleger/in,80
2026-07-06,waiblingen_15km,IT-Systemadministrator/in,65
2026-07-06,waiblingen_15km,Industriemechaniker/in,64
2026-07-06,waiblingen_15km,Gesundheits- und Krankenpfleger/in,62
2026-07-06,waiblingen_15km,Lager- und Transportarbeiter/in,62
2026-07-06,waiblingen_15km,Helfer/in - Verkauf,62
2026-07-06,waiblingen_15km,Berufskraftfahrer/in,56
2026-07-06,waiblingen_15km,Fachkraft - Lagerlogistik,56
2026-07-06,waiblingen_15km,"Anlagenmechaniker/in - Sanitär-, Heizungs- und Klimatechnik",54
2026-07-06,waiblingen_15km,IT-Berater/in,52
2026-07-06,waiblingen_15km,Medizinische/r Fachangestellte/r,52
2026-07-06,waiblingen_15km,Sozialarbeiter/in / Sozialpädagoge/-pädagogin,51
2026-07-06,waiblingen_15km,Elektroniker/in - Energie- und Gebäudetechnik,47
2026-07-06,waiblingen_15km,Mechatroniker/in,47
2026-07-06,waiblingen_15km,Elektroniker/in - Betriebstechnik,44
2026-07-06,waiblingen_15km,Bürokaufmann/-frau,44
2026-07-06,waiblingen_15km,Montierer/in,42
2026-07-06,waiblingen_15km,"Filialleiter/in, Verkaufsstellenleiter/in",42
2026-07-06,waiblingen_15km,Maschinen- und Anlagenführer/in (ohne Angabe des Schwerpunkts),41
2026-07-06,waiblingen_15km,Koch/Köchin,40
2026-07-06,waiblingen_15km,Informatiker/in,40
2026-07-06,waiblingen_15km,Kaufmann/-frau - Büromanagement,39
2026-07-06,waiblingen_15km,Helfer/in - Metallbearbeitung,38
2026-07-06,waiblingen_15km,Fachlagerist/in,37
2026-07-06,waiblingen_15km,Helfer/in - Elektro,36
2026-07-06,waiblingen_15km,Helfer/in - Küche,35
2026-07-06,waiblingen_15km,Anwendungsprogrammierer/in,35
2026-07-06,waiblingen_15km,Altenpflegehelfer/in,34
2026-07-06,waiblingen_15km,Buchhalter/in,34
2026-07-06,waiblingen_15km,Fachinformatiker/in - Systemintegration,33
2026-07-06,waiblingen_15km,Heilerziehungspfleger/in,32
2026-07-06,waiblingen_15km,Kaufmännische Fachkraft,32
2026-07-06,waiblingen_15km,Anlagenmechaniker/in,32
2026-07-06,waiblingen_15km,Zerspanungsmechaniker/in,31
2026-07-06,waiblingen_15km,Elektroinstallateur/in,31
2026-07-06,waiblingen_15km,Industriekaufmann/-frau,30
2026-07-06,waiblingen_15km,CNC-Dreher/in,29
2026-07-06,waiblingen_15km,Pflegefachmann/-frau (Altenpflege),29
2026-07-06,waiblingen_15km,Finanzbuchhalter/in,29
2026-07-06,waiblingen_15km,Physiotherapeut/in,29
2026-07-06,waiblingen_15km,CNC-Fräser/in,28
2026-07-06,waiblingen_15km,Ingenieur/in - Bau,28
2026-07-06,waiblingen_15km,IT-Projektkoordinator/in,28
2026-07-06,waiblingen_15km,Controller/in,27
2026-07-06,waiblingen_15km,Ingenieur/in - Maschinenbau,25
2026-07-06,waiblingen_15km,Softwareentwickler/in,25
2026-07-06,waiblingen_15km,Kaufmann/-frau - Einzelhandel,25
2026-07-06,waiblingen_15km,Projektleiter/in,25
2026-07-06,waiblingen_15km,Restaurantfachmann/-frau,24
2026-07-06,waiblingen_15km,Sales-Manager/in,24
2026-07-06,waiblingen_15km,"Helfer/in - Kunststoff, Kautschuk",23
2026-07-06,waiblingen_15km,Friseur/in,23
2026-07-06,waiblingen_15km,Bauleiter/in,23
2026-07-06,waiblingen_15km,Bankkaufmann/-frau,23
2026-07-06,waiblingen_15km,Maler/in und Lackierer/in - Maler/in,22
2026-07-06,waiblingen_15km,Kommissionierer/in,22
2026-07-06,waiblingen_15km,Tischler/in,22
2026-07-06,waiblingen_15km,"Maschinen- und Anlagenführer/in - Metall-, Kunststofftechnik",21
2026-07-06,waiblingen_15km,Büroassistent/in,21
2026-07-06,waiblingen_15km,Außendienstmitarbeiter/in,20
2026-07-06,waiblingen_15km,Kraftfahrzeugmechaniker/in,20
2026-07-06,waiblingen_15km,Hausmeister/in,20
2026-07-06,waiblingen_15km,Betreuungskraft / Alltagsbegleiter/in,19
2026-07-06,waiblingen_15km,"Montagemechaniker/in, Anlagenmonteur/in",19
2026-07-06,waiblingen_15km,Betriebswirt/in (Hochschule),19
2026-07-06,waiblingen_15km,Operationstechnische/r Assistent/in,18
2026-07-06,waiblingen_15km,Löter/in,18
2026-07-06,waiblingen_15km,Metallbauer/in - Konstruktionstechnik,18
2026-07-06,waiblingen_15km,Servicekraft - Gastronomie und Gastgewerbe,18
2026-07-06,waiblingen_15km,Arzt/Ärztin,18
2026-07-06,waiblingen_15km,Steuerfachangestellte/r,17
2026-07-06,waiblingen_15km,Sachbearbeiter/in - Logistik,17
2026-07-06,waiblingen_15km,Pflegefachmann/-frau (Gesundheits- und Krankenpflege),17
2026-07-06,waiblingen_15km,Schweißer/in,17
2026-07-06,waiblingen_15km,Fachkrankenpfleger/in - Intensivpflege/Anästhesie,16
2026-07-06,waiblingen_15km,Vertriebsassistent/in,16
2026-07-06,waiblingen_15km,Betriebsschlosser/in,16
2026-07-06,waiblingen_15km,Zahnmedizinische/r Fachangestellte/r,16
2026-07-06,waiblingen_15km,Gebäudereiniger/in,16
2026-07-06,waiblingen_15km,Einkäufer/in,15
2026-07-06,waiblingen_15km,Industrieelektriker/in - Betriebstechnik,15
2026-07-06,waiblingen_15km,Helfer/in - Hauswirtschaft,15
2026-07-06,waiblingen_15km,Feinwerkmechaniker/in,15
2026-07-06,waiblingen_15km,Ergotherapeut/in,15
2026-07-06,waiblingen_15km,Projektingenieur/in,15
2026-07-06,waiblingen_15km,Rechtsanwaltsfachangestellte/r,15
2026-07-06,waiblingen_15km,Pflegeassistent/in,15
2026-07-06,waiblingen_15km,Rechtsanwalt/Rechtsanwältin,15
2026-07-06,waiblingen_15km,Hauswirtschafter/in,14
2026-07-06,waiblingen_15km,Einzelhandelskaufmann/-frau,14
2026-07-06,waiblingen_15km,Konstruktionsmechaniker/in,14
2026-07-06,waiblingen_15km,Ingenieur/in - Fahrzeugtechnik,14
2026-07-06,waiblingen_15km,Speditionskaufmann/-frau,14
2026-07-06,waiblingen_15km,Verwaltungswirt/in / Verwaltungsbetriebswirt/in,13
2026-07-06,waiblingen_15km,Maschineneinrichter/in (allgemein),13
2026-07-06,waiblingen_15km,Vertriebsberater/in,13
2026-07-06,waiblingen_15km,Gärtner/in - Garten- und Landschaftsbau,13
2026-07-06,waiblingen_15km,Steuerberater/in,13
2026-07-06,waiblingen_15km,Qualitätskontrolleur/in,13
2026-07-06,waiblingen_15km,CNC-Fachkraft/NC-Anwendungsfachmann/-frau,13
2026-07-06,waiblingen_15km,Gesundheits- und Krankenpflegehelfer/in,13
2026-07-06,waiblingen_15km,Elektroniker/in - Geräte und Systeme,13
2026-07-06,waiblingen_15km,Fachberater/in - Vertrieb,12
2026-07-06,waiblingen_15km,Personaldisponent/in,12
2026-07-06,waiblingen_15km,Auslieferungsfahrer/in (nicht Verkaufsfahrer/in),12
2026-07-06,waiblingen_15km,Elektrofachkraft für festgelegte Tätigkeiten,12
2026-07-06,waiblingen_15km,Account-Manager/in,12
2026-07-06,waiblingen_15km,Pflegefachmann/-frau (Ausbildung),12
2026-07-06,waiblingen_15km,IT-Administrator/in,12
2026-07-06,waiblingen_15km,Verwaltungsfachangestellte/r - Kommunalverwaltung,11
2026-07-06,waiblingen_15km,Personalsachbearbeiter/in,11
2026-07-06,waiblingen_15km,Automobilkaufmann/-frau,11
2026-07-06,waiblingen_15km,Fachverkäufer/in - Lebensmittelhandwerk (Fleischerei),11
2026-07-06,waiblingen_15km,Architekt/in,11
2026-07-06,waiblingen_15km,Bilanzbuchhalter/in/Bachelor Professional in Bilanzbuchhaltung,11
2026-07-06,waiblingen_15km,Werkzeugmechaniker/in,11
2026-07-06,waiblingen_15km,"Helfer/in - Papier, Verpackung",11
2026-07-06,waiblingen_15km,Lohn- und Gehaltsbuchhalter/in,11
2026-07-06,waiblingen_15km,Kaufmann/-frau - Spedition und Logistikdienstleistung,10
2026-07-06,waiblingen_15km,"Kundendienstmonteur/in, -techniker/in",10
2026-07-06,waiblingen_15km,Helfer/in - Fahrzeugbau und -instandhaltung,10
2026-07-06,waiblingen_15km,Pflegedienstleiter/in,10
2026-07-06,waiblingen_15km,Sozialpädagogische/r Assistent/in / Kinderpfleger/in,10
2026-07-06,waiblingen_15km,Empfangskraft,10
2026-07-06,waiblingen_15km,Zahnarzt/-ärztin,10
2026-07-06,waiblingen_15km,Wartungs- und Servicetechniker/in - Maschinenbau,10
2026-07-06,waiblingen_15km,Facility-Manager/in,10
2026-07-06,waiblingen_15km,Helfer/in - Metallbau,10
2026-07-06,waiblingen_15km,Empfangsmitarbeiter/in (Hotel),9
2026-07-06,waiblingen_15km,Kraftfahrzeugmechatroniker/in - Personenkraftwagentechnik,9
2026-07-06,waiblingen_15km,"Helfer/in - Maschinenbau, Betriebstechnik",9
2026-07-06,waiblingen_15km,Elektrotechnikermeister/in/Bachelor Professional im Elektrotechniker-Handwerk,9
2026-07-06,waiblingen_15km,Erzieher/in - Jugend- und Heimerziehung,9
2026-07-06,waiblingen_15km,Hauswart/in/Haustechniker/in,9
2026-07-06,waiblingen_15km,Servicetechniker/in - IT,9
2026-07-06,waiblingen_15km,Betriebswirt/in (Hochschule) - Personalmanagement,9
2026-07-06,waiblingen_15km,Fachverkäufer/in - Lebensmittelhandwerk (Bäckerei),9
2026-07-06,waiblingen_15km,Wirtschaftsingenieur/in,9
2026-07-06,waiblingen_15km,Assistenzarzt/-ärztin,9
2026-07-06,waiblingen_15km,Personalreferent/in,9
2026-07-06,waiblingen_15km,Gesundheits- und Kinderkrankenpfleger/in,9
2026-07-06,waiblingen_15km,ERP-Berater/in - ERP-Consultant,9
2026-07-06,waiblingen_15km,IT-Tester/in,9
2026-07-06,waiblingen_15km,Anästhesietechnische/r Assistent/in,8
2026-07-06,waiblingen_15km,Kassierer/in (Handel),8
2026-07-06,waiblingen_15km,Sachbearbeiter/in - Einkauf,8
2026-07-06,waiblingen_15km,Projektassistent/in,8
2026-07-06,waiblingen_15km,Sekretär/in,8
2026-07-06,waiblingen_15km,Elektroniker/in - Automatisierungstechnik,8
2026-07-06,waiblingen_15km,Industriereiniger/in (Gebäudereinigung),8
2026-07-06,waiblingen_15km,Kaufmann/-frau - Bürokommunikation,8
2026-07-06,waiblingen_15km,Ingenieur/in - Automatisierungstechnik,8
2026-07-06,waiblingen_15km,Metallbearbeiter/in,8
2026-07-06,waiblingen_15km,Logopäde/Logopädin,8
2026-07-06,waiblingen_15km,Verkaufssachbearbeiter/in,8
2026-07-06,waiblingen_15km,Forschungs- und Entwicklungsingenieur/in,8
2026-07-06,waiblingen_15km,DevOps Engineer,8
2026-07-06,waiblingen_15km,Jurist/in,8
2026-07-06,waiblingen_15km,Disponent/in - Lager,8
2026-07-06,waiblingen_15km,Ingenieur/in - Luft- und Raumfahrttechnik,8
2026-07-06,waiblingen_15km,Wirtschaftsprüfer/in,8
2026-07-06,waiblingen_15km,"Gruppen-, Teamleiter/in",8
2026-07-06,waiblingen_15km,Fachberater/in - Bau- und Heimwerkermärkte,7
2026-07-06,waiblingen_15km,Vertriebstechniker/in,7
2026-07-06,waiblingen_15km,Event-Manager/in,7
2026-07-06,waiblingen_15km,Fahrzeuglackierer/in,7
2026-07-06,waiblingen_15km,EDV-Sachbearbeiter/in,7
2026-07-06,waiblingen_15km,Industrieelektriker/in - Geräte und Systeme,7
2026-07-06,waiblingen_15km,"Helfer/in - Büro, Verwaltung",7
2026-07-06,waiblingen_15km,Servicefahrer/in,7
2026-07-06,waiblingen_15km,Zahnmedizinische/r Prophylaxeassistent/in,7
2026-07-06,waiblingen_15km,Versicherungsberater/in,7
2026-07-06,waiblingen_15km,Verwaltungsangestellte/r - gehobener Dienst,7
2026-07-06,waiblingen_15km,Zahntechniker/in,7
2026-07-06,waiblingen_15km,Facharzt/-ärztin - Allgemeinmedizin (Hausarzt/-ärztin),7
2026-07-06,waiblingen_15km,Sozialassistent/in,7
2026-07-06,waiblingen_15km,Wirtschaftsinformatiker/in (Hochschule),7
2026-07-06,waiblingen_15km,Qualitätsingenieur/in,7
2026-07-06,waiblingen_15km,Automobilmechaniker/in,7
2026-07-06,waiblingen_15km,Elektroniker/in - Gebäude- und Infrastruktursysteme,6
2026-07-06,waiblingen_15km,Logistiker/in,6
2026-07-06,waiblingen_15km,"Helfer/in - Feinmechanik, Werkzeugbau",6
2026-07-06,waiblingen_15km,Fachkraft - Kreislauf- und Abfallwirtschaft,6
2026-07-06,waiblingen_15km,Netzwerk-Servicetechniker/in,6
2026-07-06,waiblingen_15km,Fahrer/in - Personenbeförderung,6
2026-07-06,waiblingen_15km,Küchenchef/in,6
2026-07-06,waiblingen_15km,Tiefbaufacharbeiter/in (ohne Angabe des Schwerpunkts),6
2026-07-06,waiblingen_15km,Rollladen- und Sonnenschutzmechatroniker/in,6
2026-07-06,waiblingen_15km,Fachkraft - Brief- und Frachtverkehr,6
2026-07-06,waiblingen_15km,Abfüller/in,6
2026-07-06,waiblingen_15km,Personalberater/in,6
2026-07-06,waiblingen_15km,Key-Account-Manager/in,6
2026-07-06,waiblingen_15km,Stuckateur/in,6
2026-07-06,waiblingen_15km,Kraftfahrzeugtechnikermeister/in/Bachelor Professional im Kraftfahrzeugtechniker-Handwerk,6
2026-07-06,waiblingen_15km,Helfer/in - Ver- und Entsorgung,6
2026-07-06,waiblingen_15km,Baumaschinenführer/in,6
2026-07-06,waiblingen_15km,WIG-Schweißer/in,6
2026-07-06,waiblingen_15km,IT-Qualitätssicherungskoordinator/in,6
2026-07-06,waiblingen_15km,Produktionsfachkraft Chemie,6
2026-07-06,waiblingen_15km,IT-Sicherheitskoordinator/in,6
2026-07-06,waiblingen_15km,"Vorarbeiter/in - Sanitär-, Heizungs- und Klimatechnik",6
2026-07-06,waiblingen_15km,Kindergartenleiter/in,6
2026-07-06,waiblingen_15km,Medizinisch-technische/r Radiologieassistent/in,6
2026-07-06,waiblingen_15km,"Fachverkäufer/in - Textilien, Bekleidung",6
2026-07-06,waiblingen_15km,Assistent/in/Fachkraft - Rechnungswesen,6
2026-07-06,waiblingen_15km,Beton- und Stahlbetonbauer/in,6
2026-07-06,waiblingen_15km,Facharzt/-ärztin - Innere Medizin,6
2026-07-06,waiblingen_15km,Helfer/in - Altenpflege/Persönliche Assistenz,6
2026-07-06,waiblingen_15km,Stationsleiter/in - Kranken-/Alten-/Kinderkrankenpflege,6
2026-07-06,waiblingen_15km,Industriemeister/in - Elektrotechnik,6
2026-07-06,waiblingen_15km,Testingenieur/in,6
2026-07-06,waiblingen_15km,Vertriebsingenieur/in,6
2026-07-06,waiblingen_15km,Verkaufsberater/in,6
2026-07-06,waiblingen_15km,Bauelektriker/in,6
2026-07-06,waiblingen_15km,Industriemeister/in - Metall,6
2026-07-06,waiblingen_15km,Maschinenzusammensetzer/in,6
2026-07-06,waiblingen_15km,Lackierer/in - Spritzlackierung,5
2026-07-06,waiblingen_15km,Geprüfte Schutz- und Sicherheitskraft (IHK),5
2026-07-06,waiblingen_15km,Recruiter/in,5
2026-07-06,waiblingen_15km,Pädagoge/Pädagogin,5
2026-07-06,waiblingen_15km,Zimmerer/Zimmerin,5
2026-07-06,waiblingen_15km,Qualitätsmanager/in,5
2026-07-06,waiblingen_15km,Kinderpflegehelfer/in,5
2026-07-06,waiblingen_15km,Vorarbeiter/in - Reinigung,5
2026-07-06,waiblingen_15km,Disponent/in - Güterverkehr,5
2026-07-06,waiblingen_15km,Bereichsleiter/in,5
2026-07-06,waiblingen_15km,Werkzeugmacher/in,5
2026-07-06,waiblingen_15km,Augenoptiker/in,5
2026-07-06,waiblingen_15km,Maler/in und Lackierer/in - Gestaltung und Instandhaltung,5
2026-07-06,waiblingen_15km,Dachdecker/in,5
2026-07-06,waiblingen_15km,Kartenverkäufer/in,5
2026-07-06,waiblingen_15km,Facharzt/-ärztin - Arbeitsmedizin,5
2026-07-06,waiblingen_15km,"Helfer/in - Malerei, Lackiererei",5
2026-07-06,waiblingen_15km,Promoter/in,5
2026-07-06,waiblingen_15km,Beamter/Beamtin - Allgemeine Innere Verwaltung (gehobener nichttechnischer Dienst),5
2026-07-06,waiblingen_15km,Business-Analyst/in,5
2026-07-06,waiblingen_15km,Elektroniker/in - Informations- und Telekommunikationstechnik,5
2026-07-06,waiblingen_15km,Compliance-Manager/in,5
2026-07-06,waiblingen_15km,Kinderbetreuer/in,5
2026-07-06,waiblingen_15km,Jugendreferent/in,5
2026-07-06,waiblingen_15km,Masseur/in und medizinische/r Bademeister/in,5
2026-07-06,waiblingen_15km,Elektroniker/in - Automatisierungs- und Systemtechnik,5
2026-07-06,waiblingen_15km,IT-Kundenbetreuer/in,5
2026-07-06,waiblingen_15km,Data Engineer,5
2026-07-06,waiblingen_15km,Inbetriebnahmetechniker/in - Elektrotechnik,5
2026-07-06,waiblingen_15km,Mechatroniker/in - Kältetechnik,5
2026-07-06,waiblingen_15km,Sicherheitsmitarbeiter/in,5
2026-07-06,waiblingen_15km,Zentralheizungs- und Lüftungsbauer/in,5
2026-07-06,waiblingen_15km,"Ingenieur/in - Informations-, Kommunikationstechnik",5
2026-07-06,waiblingen_15km,Fachkinderkrankenpfleger/in - Intensivpflege/Anästhesie,5
2026-07-06,waiblingen_15km,Berater/in - Immobilienfinanzierung,4
2026-07-06,waiblingen_15km,Dreher/in,4
2026-07-06,waiblingen_15km,Fachverkäufer/in - Nahrungsmittelhandwerk (Bäckerei/Konditorei),4
2026-07-06,waiblingen_15km,Verfahrensmechaniker/in - Kunststoff- und Kautschuktechnik - Formteile,4
2026-07-06,waiblingen_15km,Fachkraft - Logistik/Materialwirtschaft,4
2026-07-06,waiblingen_15km,Bautischler/in,4
2026-07-06,waiblingen_15km,Marketingfachkraft/-assistent/in,4
2026-07-06,waiblingen_15km,Verfahrensmechaniker/in - Kunststoff- und Kautschuktechnik - Bauteile,4
2026-07-06,waiblingen_15km,Operationstechnische/r Angestellte/r,4
2026-07-06,waiblingen_15km,Fachkraft - Qualitätssicherung/-management,4
2026-07-06,waiblingen_15km,Automobil-Serviceberater/in,4
2026-07-06,waiblingen_15km,Schweißer/in - Konstruktionstechnik,4
2026-07-06,waiblingen_15km,IT-Vertriebsbeauftragte/r,4
2026-07-06,waiblingen_15km,Instandhaltungstechniker/in,4
2026-07-06,waiblingen_15km,Verkäufer/in - Nahrungsmittelhandwerk,4
2026-07-06,waiblingen_15km,Nachtwache - Pflege,4
2026-07-06,waiblingen_15km,Niederlassungsleiter/in,4
2026-07-06,waiblingen_15km,Tischlermeister/in/Bachelor Professional im Tischler-Handwerk,4
2026-07-06,waiblingen_15km,Klempner/in,4
2026-07-06,waiblingen_15km,Hörakustiker/in,4
2026-07-06,waiblingen_15km,Mechaniker/in - Karosserieinstandhaltungstechnik,4
2026-07-06,waiblingen_15km,Social-Media-Manager/in,4
2026-07-06,waiblingen_15km,Fachkraft - Schutz und Sicherheit,4
2026-07-06,waiblingen_15km,Pizzabäcker/in,4
2026-07-06,waiblingen_15km,Fachkraft - Metalltechnik - Montagetechnik,4
2026-07-06,waiblingen_15km,Fullstack-Entwickler/in,4
2026-07-06,waiblingen_15km,Medientechnologe/-technologin Druck,4
2026-07-06,waiblingen_15km,Datenbankentwickler/in,4
2026-07-06,waiblingen_15km,Metallbauer/in - Anlagen- und Fördertechnik,4
2026-07-06,waiblingen_15km,Kindheitspädagoge/-pädagogin,4
2026-07-06,waiblingen_15km,Fachkraft - Marketing/Verkauf/Vertrieb,4
2026-07-06,waiblingen_15km,Content-Manager/in,4
2026-07-06,waiblingen_15km,Praxisanleiter/in - Pflegeberufe,4
2026-07-06,waiblingen_15km,Betriebswirt/in (Hochschule) - Marketing,4
2026-07-06,waiblingen_15km,IT-Projektleiter/in (Weiterbildung/Ausbildung),4
2026-07-06,waiblingen_15km,Ingenieur/in - Versorgungstechnik,4
2026-07-06,waiblingen_15km,Spezialitätenkoch/-köchin,4
2026-07-06,waiblingen_15km,Kunststoff-Formgeber/in,4
2026-07-06,waiblingen_15km,Fachverkäufer/in - Kraftfahrzeuge,4
2026-07-06,waiblingen_15km,Fachkraft - Mechatronik,4
2026-07-06,waiblingen_15km,Produktionstechnologe/-technologin,4
2026-07-06,waiblingen_15km,Leiter/in - Vertrieb,4
2026-07-06,waiblingen_15km,"Fachkraft - Möbel-, Küchen- und Umzugsservice",4
2026-07-06,waiblingen_15km,"Helfer/in - Klempnerei, Installation",4
2026-07-06,waiblingen_15km,Gas- und Wasserinstallateur/in,4
2026-07-06,waiblingen_15km,Krankenschwester/-pfleger,4
2026-07-06,waiblingen_15km,Unternehmensberater/in,4
2026-07-06,waiblingen_15km,Bauleitende/r Monteur/in,4
2026-07-06,waiblingen_15km,Fuhrparkleiter/in,4
2026-07-06,waiblingen_15km,IT-Manager/in,4
2026-07-06,waiblingen_15km,Kommunikationselektroniker/in - Telekommunikationstechnik,4
2026-07-06,waiblingen_15km,Facharzt/-ärztin - Psychiatrie und Psychotherapie,4
2026-07-06,waiblingen_15km,HR Business Partner,4
2026-07-06,waiblingen_15km,CNC-Schleifer/in,4
2026-07-06,waiblingen_15km,Konditor/in,4
2026-07-06,waiblingen_15km,Verfahrensmechaniker/in - Kunststoff- und Kautschuktechnik (mit Schwerpunkten),4
2026-07-06,waiblingen_15km,Helfer/in - Friseurgewerbe,4
2026-07-06,waiblingen_15km,Techniker/in - Bautechnik (ohne Schwerpunkt)/Bachelor Professional in Technik,3
2026-07-06,waiblingen_15km,Lehrer/in/Dozent/in - Erwachsenenbildung,3
2026-07-06,waiblingen_15km,Kreditsachbearbeiter/in,3
2026-07-06,waiblingen_15km,Fachlehrkraft - Förderschulen,3
2026-07-06,waiblingen_15km,Immobilienmakler/in,3
2026-07-06,waiblingen_15km,Friseurmeister/in/Bachelor Professional im Friseur-Handwerk,3
2026-07-06,waiblingen_15km,Florist/in,3
2026-07-06,waiblingen_15km,Helfer/in - Chemie- und Pharmatechnik,3
2026-07-06,waiblingen_15km,Schulbegleiter/in,3
2026-07-06,waiblingen_15km,Pflegeassistent/in (Gesundheits- und Krankenpflege),3
2026-07-06,waiblingen_15km,Polier/in - Tiefbau,3
2026-07-06,waiblingen_15km,Vorarbeiter/in - Tiefbau,3
2026-07-06,waiblingen_15km,Leiter/in - Logistik,3
2026-07-06,waiblingen_15km,Gerüstbauer/in,3
2026-07-06,waiblingen_15km,EDV-Fachkraft,3
2026-07-06,waiblingen_15km,Helfer/in - Tiefbau,3
2026-07-06,waiblingen_15km,Testfahrer/in,3
2026-07-06,waiblingen_15km,Facharzt/-ärztin - Innere Medizin und Endokrinologie und Diabetologie,3
2026-07-06,waiblingen_15km,Innendienstleiter/in,3
2026-07-06,waiblingen_15km,Leiter/in - Gastronomiebetrieb,3
2026-07-06,waiblingen_15km,"Techniker/in - Heizungs-, Lüftungs-, Klimatechnik/Bachelor Professional in Technik",3
2026-07-06,waiblingen_15km,Helfer/in - Ausbau,3
2026-07-06,waiblingen_15km,Kommunikationswissenschaftler/in,3
2026-07-06,waiblingen_15km,Fachkrankenpfleger/in - Nephrologie,3
2026-07-06,waiblingen_15km,Fachkraft - Gastronomie (Restaurantservice),3
2026-07-06,waiblingen_15km,Büfettkraft,3
2026-07-06,waiblingen_15km,Empfangschef/in (Hotel),3
2026-07-06,waiblingen_15km,Beikoch/-köchin,3
2026-07-06,waiblingen_15km,Geschäftsführer/in,3
2026-07-06,waiblingen_15km,Assistent/in - Logistik,3
2026-07-06,waiblingen_15km,Immobilienkaufmann/-frau,3
2026-07-06,waiblingen_15km,Maschinen- und Anlagenführer/in - Lebensmitteltechnik,3
2026-07-06,waiblingen_15km,Nachhaltigkeitsmanager/in,3
2026-07-06,waiblingen_15km,Holzmechaniker/in - Möbelbau und Innenausbau,3
2026-07-06,waiblingen_15km,Schleifer/in,3
2026-07-06,waiblingen_15km,Finanzwirt/in,3
2026-07-06,waiblingen_15km,Psychologe/Psychologin,3
2026-07-06,waiblingen_15km,Wirtschaftsjurist/in,3
2026-07-06,waiblingen_15km,Objektverwalter/in (Immobilien),3
2026-07-06,waiblingen_15km,Fachkaufmann/-frau - Einkauf und Logistik,3
2026-07-06,waiblingen_15km,Fachkraft - Veranstaltungstechnik,3
2026-07-06,waiblingen_15km,Gärtnermeister/in - Garten- und Landschaftsbau,3
2026-07-06,waiblingen_15km,Arbeitsvorbereiter/in,3
2026-07-06,waiblingen_15km,Kraftfahrzeugsachverständige/r,3
2026-07-06,waiblingen_15km,Ingenieur/in - Umweltschutz/Umwelttechnik,3
2026-07-06,waiblingen_15km,Verfahrensmechaniker/in - Beschichtungstechnik,3
2026-07-06,waiblingen_15km,Servicetechniker/in - Sicherheits-/Alarmanlagen,3
2026-07-06,waiblingen_15km,Maurer/in,3
2026-07-06,waiblingen_15km,Fachkraft - Kindertageseinrichtungen,3
2026-07-06,waiblingen_15km,Lehrkraft - Schulen im Gesundheitswesen,3
2026-07-06,waiblingen_15km,"Verwaltungsangestellte/r - Krankenkassen, Krankenhäuser, Kliniken",3
2026-07-06,waiblingen_15km,Glaser/in - Fenster- und Glasfassadenbau,3
2026-07-06,waiblingen_15km,Data-Consultant,3
2026-07-06,waiblingen_15km,Kaufmännische/r Assistent/in/Wirtschaftsassistent/in - Bürowirtschaft,3
2026-07-06,waiblingen_15km,Maler/in und Tapezierer/in,3
2026-07-06,waiblingen_15km,Hotelfachmann/-frau,3
2026-07-06,waiblingen_15km,Kundendienstberater/in,3
2026-07-06,waiblingen_15km,Kunststoff- und Kautschuktechnologe/-technologin - Bauteile,3
2026-07-06,waiblingen_15km,Biologisch-technische/r Assistent/in,3
2026-07-06,waiblingen_15km,Kosmetiker/in,3
2026-07-06,waiblingen_15km,Betriebswirt/in (Fachschule) - Projektmanagement,3
2026-07-06,waiblingen_15km,Einrichtungsfachberater/in/Bachelor Professional in Wirtschaft,3
2026-07-06,waiblingen_15km,Schilder- und Lichtreklamehersteller/in,3
2026-07-06,waiblingen_15km,Kraftfahrzeugmechatroniker/in - Nutzfahrzeugtechnik,3
2026-07-06,waiblingen_15km,Kalkulator/in,3
2026-07-06,waiblingen_15km,Helfer/in - Gastgewerbe,3
2026-07-06,waiblingen_15km,Helfer/in - Hotel,3
2026-07-06,waiblingen_15km,Netzwerkadministrator/in,3
2026-07-06,waiblingen_15km,Technische/r Systemplaner/in - Versorgungs- und Ausrüstungstechnik,3
2026-07-06,waiblingen_15km,First-Level-Supporter/in,3
2026-07-06,waiblingen_15km,Content-Marketing-Manager/in,3
2026-07-06,waiblingen_15km,Elektroniker/in - Automatisierungstechnik (Handwerk),3
2026-07-06,waiblingen_15km,Trockenbaumonteur/in,3
2026-07-06,waiblingen_15km,Leiter/in - Risikomanagement,3
2026-07-06,waiblingen_15km,Ingenieur/in - Verkehrswesen,3
2026-07-06,waiblingen_15km,Leitende/r Haustechniker/in,3
2026-07-06,waiblingen_15km,Kraftfahrzeug-Servicetechniker/in,3
2026-07-06,waiblingen_15km,Taxifahrer/in,3
2026-07-06,waiblingen_15km,Fachkraft - Lagerwirtschaft,3
2026-07-06,waiblingen_15km,Verwaltungswissenschaftler/in,3
2026-07-06,waiblingen_15km,Telefonist/in,3
2026-07-06,waiblingen_15km,Fahrzeugpfleger/in,3
2026-07-06,waiblingen_15km,Bäcker/in,3
2026-07-06,waiblingen_15km,Klempner/in und Installateur/in,3
2026-07-06,waiblingen_15km,Pharmazeutisch-technische/r Assistent/in,3
2026-07-06,waiblingen_15km,Business-Development-Manager/in,3
2026-07-06,waiblingen_15km,Kaufmann/-frau - Groß- und Außenhandel (Großhandel),3
2026-07-06,waiblingen_15km,Helfer/in - stationäre Krankenpflege,3
2026-07-06,waiblingen_15km,Kaufmann/-frau - IT-System-Management,3
2026-07-06,waiblingen_15km,Forstwirt/in,3
2026-07-06,waiblingen_15km,Betriebswirt/in (Hochschule) - Immobilien,3
2026-07-06,waiblingen_15km,Mechaniker/in - Land- und Baumaschinentechnik,3
2026-07-06,waiblingen_15km,Technische/r Redakteur/in,3
2026-07-06,waiblingen_15km,Fachkaufmann/-frau - Büromanagement,3
2026-07-06,waiblingen_15km,Assistent/in - Steuerberatung,3
2026-07-06,waiblingen_15km,Ingenieur/in - technische Gebäudeausrüstung,3
2026-07-06,waiblingen_15km,Techniker/in - Elektrotechnik (ohne Schwerpunkt)/Bachelor Professional in Technik,3
2026-07-06,waiblingen_15km,Glasfasermonteur/in,3
2026-07-06,waiblingen_15km,Film- und Videoeditor/in,3
2026-07-06,waiblingen_15km,Berufseinstiegsbegleiter/in,2
2026-07-06,waiblingen_15km,Elektroniker/in - Maschinen und Antriebstechnik (Ausbildung bis 2021),2
2026-07-06,waiblingen_15km,Hotelkaufmann/-frau,2
2026-07-06,waiblingen_15km,Qualitätssicherungstechniker/in,2
2026-07-06,waiblingen_15km,"Fliesen-, Platten- und Mosaiklegermeister/in/Bachelor Professional im Fliesen-, Platten- und Mosaikleger-Handwerk",2
2026-07-06,waiblingen_15km,Konstrukteur/in - Maschinen-/Anlagentechnik,2
2026-07-06,waiblingen_15km,Kaufmännische/r Assistent/in/Wirtschaftsassistent/in - E-Business Management,2
2026-07-06,waiblingen_15km,Karosserie- und Fahrzeugbaumechaniker/in - Fahrzeugbautechnik,2
2026-07-06,waiblingen_15km,Techniker/in - Maschinentechnik (Fertigungstechnik)/Bachelor Professional in Technik,2
2026-07-06,waiblingen_15km,Meister/in - Veranstaltungstechnik (Beleuchtung),2
2026-07-06,waiblingen_15km,Fachkraft - Veranstaltungstechnik (mit Schwerpunkten),2
2026-07-06,waiblingen_15km,Bauwerksabdichter/in,2
2026-07-06,waiblingen_15km,Physiker/in,2
2026-07-06,waiblingen_15km,Lehrer/in - Förderschulen,2
2026-07-06,waiblingen_15km,Bauzeichner/in,2
2026-07-06,waiblingen_15km,Warenannehmer/in,2
2026-07-06,waiblingen_15km,Baugeräteführer/in,2
2026-07-06,waiblingen_15km,Leiter/in - Verkauf (Handel),2
2026-07-06,waiblingen_15km,Fachverkäufer/in - Nahrungsmittel,2
2026-07-06,waiblingen_15km,Bar-Chef/in,2
2026-07-06,waiblingen_15km,Podologe/Podologin,2
2026-07-06,waiblingen_15km,Heilpädagoge/-pädagogin,2
2026-07-06,waiblingen_15km,Chef de rang,2
2026-07-06,waiblingen_15km,Aktuar/in,2
2026-07-06,waiblingen_15km,"Helfer/in - Metallerzeugung, Gießerei",2
2026-07-06,waiblingen_15km,Energieelektroniker/in - Anlagentechnik,2
2026-07-06,waiblingen_15km,Fitnesstrainer/in,2
2026-07-06,waiblingen_15km,"Ingenieur/in - Robotik, Autonome Systeme",2
2026-07-06,waiblingen_15km,Betriebswirt/in (Hochschule) - Steuern und Prüfungswesen,2
2026-07-06,waiblingen_15km,Fachkrankenpfleger/in - Psychiatrie,2
2026-07-06,waiblingen_15km,Bestattungsfachkraft,2
2026-07-06,waiblingen_15km,Fachwirt/in - Steuer,2
2026-07-06,waiblingen_15km,"Fliesen-, Platten- und Mosaikleger/in",2
2026-07-06,waiblingen_15km,Elektroniker/in - Prüffeld,2
2026-07-06,waiblingen_15km,Betriebsleiter/in - Hotel und Gaststätten/Bachelor Professional in Hauswirtschaft,2
2026-07-06,waiblingen_15km,Objektleiter/in (Gebäudereinigung),2
2026-07-06,waiblingen_15km,Zweiradmechaniker/in - Motorradtechnik,2
2026-07-06,waiblingen_15km,Hauswirtschafter/in - Personenbetreuende Dienstleistungen,2
2026-07-06,waiblingen_15km,Kaufmann/-frau - Versicherungen und Finanzanlagen,2
2026-07-06,waiblingen_15km,Gerätezusammensetzer/in,2
2026-07-06,waiblingen_15km,"Barmixer/in, Barkeeper/in",2
2026-07-06,waiblingen_15km,Chefarzt/-ärztin,2
2026-07-06,waiblingen_15km,Supply-Chain-Manager/in,2
2026-07-06,waiblingen_15km,Technische/r Einkäufer/in,2
2026-07-06,waiblingen_15km,Fachkaufmann/-frau - Vertrieb,2
2026-07-06,waiblingen_15km,Medizinisch-technische/r Laboratoriumsassistent/in,2
2026-07-06,waiblingen_15km,Helfer/in - Lebensmittelherstellung,2
2026-07-06,waiblingen_15km,Feinwerkmechaniker/in - Werkzeugbau,2
2026-07-06,waiblingen_15km,Kundenberater/in - Tischlerhandwerk,2
2026-07-06,waiblingen_15km,Volkswirt/in,2
2026-07-06,waiblingen_15km,Web Developer,2
2026-07-06,waiblingen_15km,Helfer/in - Textilherstellung,2
2026-07-06,waiblingen_15km,Rettungsassistent/in,2
2026-07-06,waiblingen_15km,Rohrleitungsbauer/in,2
2026-07-06,waiblingen_15km,Straßenbauer/in,2
2026-07-06,waiblingen_15km,Tierarzt/-ärztin - Haus- und Heimtiere,2
2026-07-06,waiblingen_15km,Verkehrsbauingenieur/in,2
2026-07-06,waiblingen_15km,Reiseberater/in (Bahn),2
2026-07-06,waiblingen_15km,Energiemanager/in,2
2026-07-06,waiblingen_15km,Application-Engineer/-Manager/in,2
2026-07-06,waiblingen_15km,Callcenteragent/in,2
2026-07-06,waiblingen_15km,Fachwirt/in - Verwaltung,2
2026-07-06,waiblingen_15km,Tierarzt/Tierärztin,2
2026-07-06,waiblingen_15km,Wirtschaftsinformatiker/in - IT-Systeme,2
2026-07-06,waiblingen_15km,Schadensregulierer/in (Versicherung),2
2026-07-06,waiblingen_15km,Industriemechaniker/in - Betriebstechnik,2
2026-07-06,waiblingen_15km,"Kundenberater/in (Bank, Sparkasse)",2
2026-07-06,waiblingen_15km,Betriebswirt/in (Fachschule) - Absatz/Marketing/Bachelor Professional in Wirtschaft,2
2026-07-06,waiblingen_15km,Chemisch-technische/r Assistent/in,2
2026-07-06,waiblingen_15km,Fachanwalt/-anwältin,2
2026-07-06,waiblingen_15km,Helfer/in - Metalloberflächenbearbeitung,2
2026-07-06,waiblingen_15km,Fachmann/-frau - Systemgastronomie,2
2026-07-06,waiblingen_15km,Brandschutzfachkraft,2
2026-07-06,waiblingen_15km,IT-Compliance-Consultant,2
2026-07-06,waiblingen_15km,Pädagogische/r Psychologe/Psychologin,2
2026-07-06,waiblingen_15km,Second-Level-Supporter/in,2
2026-07-06,waiblingen_15km,Ingenieur/in - Gebäudetechnik/Facility-Management,2
2026-07-06,waiblingen_15km,Schädlingsbekämpfer/in,2
2026-07-06,waiblingen_15km,Geldwäschebeauftragte/r,2
2026-07-06,waiblingen_15km,Fleischer/in,2
2026-07-06,waiblingen_15km,Beamter/Beamtin - Kommunalverwaltung (gehobener nichttechnischer Dienst),2
2026-07-06,waiblingen_15km,Vermessungstechniker/in - Vermessung,2
2026-07-06,waiblingen_15km,Interviewer/in,2
2026-07-06,waiblingen_15km,Fachinformatiker/in - Anwendungsentwicklung,2
2026-07-06,waiblingen_15km,Fachwirt/in - Facility-Management,2
2026-07-06,waiblingen_15km,Leiter/in - Finanz- und Rechnungswesen,2
2026-07-06,waiblingen_15km,Helfer/in - Druck,2
2026-07-06,waiblingen_15km,Facharzt/-ärztin - Laboratoriumsmedizin,2
2026-07-06,waiblingen_15km,SPS-Fachkraft,2
2026-07-06,waiblingen_15km,Ingenieur/in - Service/Instandhaltung,2
2026-07-06,waiblingen_15km,Eisenbahner/in - Betriebsdienst - Lokführer/in und Transport,2
2026-07-06,waiblingen_15km,Versicherungskaufmann/-frau,2
2026-07-06,waiblingen_15km,Fachkraft - Gastronomie,2
2026-07-06,waiblingen_15km,Servicetechniker/in - Land- und Baumaschinen,2
2026-07-06,waiblingen_15km,Chemielaborant/in,2
2026-07-06,waiblingen_15km,Brandschutzfachkraft (Brandschutzmonteur/in),2
2026-07-06,waiblingen_15km,Facharzt/-ärztin - Anästhesiologie,2
2026-07-06,waiblingen_15km,Industriemechaniker/in - Produktionstechnik,2
2026-07-06,waiblingen_15km,Cyber-Security-Consultant,2
2026-07-06,waiblingen_15km,Betriebstechniker/in,2
2026-07-06,waiblingen_15km,MAG-Schweißer/in,2
2026-07-06,waiblingen_15km,Parkettleger/in,2
2026-07-06,waiblingen_15km,Anlagenmechaniker/in - Schweißtechnik,2
2026-07-06,waiblingen_15km,Werkzeugmechaniker/in - Formentechnik,2
2026-07-06,waiblingen_15km,Kaufmann/-frau - Gesundheitswesen,2
2026-07-06,waiblingen_15km,Heilerziehungspfleger/in - Rehabilitation,2
2026-07-06,waiblingen_15km,Tiefbauingenieur/in,2
2026-07-06,waiblingen_15km,Ingenieur/in - Erneuerbare Energien,2
2026-07-06,waiblingen_15km,Leiter/in - IT,2
2026-07-06,waiblingen_15km,Arzthelfer/in,2
2026-07-06,waiblingen_15km,Technische/r Systemplaner/in - Elektrotechnische Systeme,2
2026-07-06,waiblingen_15km,Bauklempner/in,2
2026-07-06,waiblingen_15km,Helfer/in - Farb- und Lacktechnik,2
2026-07-06,waiblingen_15km,Lehrer/in (Uni) - Gesamtschulen,2
2026-07-06,waiblingen_15km,Schwimmlehrer/in,2
2026-07-06,waiblingen_15km,Berufstrainer/in - Sport,2
2026-07-06,waiblingen_15km,Pädagogische/r Assistent/in,2
2026-07-06,waiblingen_15km,Elektromaschinenbauer/in,2
2026-07-06,waiblingen_15km,Verwaltungsfachangestellte/r - Bundesverwaltung,2
2026-07-06,waiblingen_15km,Fachkraft - Demontage,2
2026-07-06,waiblingen_15km,Cloud-Architect,2
2026-07-06,waiblingen_15km,Sicherheitstechniker/in (IT),2
2026-07-06,waiblingen_15km,Hauswirtschaftliche/r Betriebsleiter/in/Bachelor Professional in Wirtschaft,2
2026-07-06,waiblingen_15km,Verkaufsleiter/in im Lebensmittelhandwerk,2
2026-07-06,waiblingen_15km,Pflegepädagoge/-pädagogin,2
2026-07-06,waiblingen_15km,Pädagogische Fachkraft - Grundschulkindbetreuung,2
2026-07-06,waiblingen_15km,Sozialwissenschaftler/in,2
2026-07-06,waiblingen_15km,Installateur- und Heizungsbauermeister/in/Bachelor Professional im Installateur- und Heizungsbauer-Handwerk,2
2026-07-06,waiblingen_15km,Personaldienstleistungskaufmann/-frau,2
2026-07-06,waiblingen_15km,Werkstoffprüfer/in - Metalltechnik,2
2026-07-06,waiblingen_15km,Fachberater/in - Finanzdienstleistungen,2
2026-07-06,waiblingen_15km,Anlagenmechaniker/in - Versorgungstechnik,2
2026-07-06,waiblingen_15km,Berufsspezialist/in - ambulante medizinische Versorgung,2
2026-07-06,waiblingen_15km,Werkstattleiter/in,2
2026-07-06,waiblingen_15km,Rettungshelfer/in,2
2026-07-06,waiblingen_15km,Agiler Coach / Scrum Master,2
2026-07-06,waiblingen_15km,Umweltwissenschaftler/in,2
2026-07-06,waiblingen_15km,Klinische Kodierfachkraft,2
2026-07-06,waiblingen_15km,Techniker/in - Maschinentechnik (ohne Schwerpunkt)/Bachelor Professional in Technik,2
2026-07-06,waiblingen_15km,Regulatory-Affairs-Manager/in,2
2026-07-06,waiblingen_15km,Fachpflegekraft - Psychiatrie,2
2026-07-06,waiblingen_15km,Produktmanager/in,2
2026-07-06,waiblingen_15km,Assistent/in - Personalwesen,2
2026-07-06,waiblingen_15km,Geowissenschaftler/in,2
2026-07-06,waiblingen_15km,Binnenschiffer/in,2
2026-07-06,waiblingen_15km,Physiotherapeut/in (Sportphysiotherapie),2
2026-07-06,waiblingen_15km,Leiter/in - Kundendienst (kaufmännisch),2
2026-07-06,waiblingen_15km,Bauabrechner/in,2
2026-07-06,waiblingen_15km,Helfer/in - Gartenbau,2
2026-07-06,waiblingen_15km,Techniker/in - Kraftfahrzeugtechnik/Bachelor Professional in Technik,2
2026-07-06,waiblingen_15km,IT-System-Elektroniker/in,2
2026-07-06,waiblingen_15km,Techniker/in - Bautechnik (Hochbau)/Bachelor Professional in Technik,2
2026-07-06,waiblingen_15km,Konstrukteur/in - Elektrotechnik,2
2026-07-06,waiblingen_15km,Lean-Manager/in,2
2026-07-06,waiblingen_15km,Biologielaborant/in,2
2026-07-06,waiblingen_15km,Personalentwickler/in,2
2026-07-06,waiblingen_15km,E-Commerce-Manager/in,2
2026-07-06,waiblingen_15km,Hebamme,2
2026-07-06,waiblingen_15km,Medizinische/r Technologe/Technologin - Radiologie,2
2026-07-06,waiblingen_15km,Ingenieur/in - Sicherheitstechnik,2
2026-07-06,waiblingen_15km,CRM-Manager/in,2
2026-07-06,waiblingen_15km,Redakteur/in,2
2026-07-06,waiblingen_15km,Drogist/in,2
2026-07-06,waiblingen_15km,Anwendungssystemadministrator/in,2
2026-07-06,waiblingen_15km,Helfer/in - Hochbau,2
2026-07-06,waiblingen_15km,Glasreiniger/in,2
2026-07-06,waiblingen_15km,Sporttherapeut/in,2
2026-07-06,waiblingen_15km,Rettungssanitäter/in,2
2026-07-06,waiblingen_15km,Sous-Chef/in,2
2026-07-06,waiblingen_15km,Inbetriebnahmeingenieur/in,2
2026-07-06,waiblingen_15km,Insolvenzsachbearbeiter/in,2
2026-07-06,waiblingen_15km,Notfallsanitäter/in,2
2026-07-06,waiblingen_15km,Bürogehilf(e/in),2
2026-07-06,waiblingen_15km,Maler- und Lackierermeister/in/Bachelor Professional im Maler- und Lackierer-Handwerk,2
2026-07-06,waiblingen_15km,Bau- und Projektkaufmann/-frau,2
2026-07-06,waiblingen_15km,Medizinprodukteberater/in,2
2026-07-06,waiblingen_15km,Leiter/in - Engineering,2
2026-07-06,waiblingen_15km,Ingenieur/in - Verfahrenstechnik,2
2026-07-06,waiblingen_15km,Techniker/in - Gebäudesystemtechnik/Bachelor Professional in Technik,1
2026-07-06,waiblingen_15km,Steinmetz/in und Steinbildhauer/in - Steinmetzarbeiten,1
2026-07-06,waiblingen_15km,Maler/in und Lackierer/in - Ausbautechnik und Oberflächengestaltung,1
2026-07-06,waiblingen_15km,Eisenbahner/in - Betriebsdienst - Fahrweg,1
2026-07-06,waiblingen_15km,Facharzt/-ärztin - Orthopädie und Unfallchirurgie,1
2026-07-06,waiblingen_15km,Haus- und Familienpfleger/in,1
2026-07-06,waiblingen_15km,Ausbilder/in - Erste Hilfe,1
2026-07-06,waiblingen_15km,Elektroniker/in - Maschinen und Antriebstechnik (BBiG),1
2026-07-06,waiblingen_15km,Wirtschafter/in - Hauswirtschaft/Bachelor Professional in Agrarwirtschaft,1
2026-07-06,waiblingen_15km,Kommunikationselektroniker/in - Informationstechnik,1
2026-07-06,waiblingen_15km,Kaufmännische/r Geschäftsführer/in,1
2026-07-06,waiblingen_15km,Holzmechaniker/in - Montieren von Innenausbauten und Bauelementen,1
2026-07-06,waiblingen_15km,Textilreiniger/in,1
2026-07-06,waiblingen_15km,Rechtsanwaltsgehilfe/-gehilfin,1
2026-07-06,waiblingen_15km,Techniker/in - Farb- und Lacktechnik (Anwendungs- und Betriebstechnik),1
2026-07-06,waiblingen_15km,Betriebswirt/in (Hochschule) - Logistik,1
2026-07-06,waiblingen_15km,Technische/r Zeichner/in - Elektrotechnik,1
2026-07-06,waiblingen_15km,Techniker/in - Verfahrenstechnik/Bachelor Professional in Technik,1
2026-07-06,waiblingen_15km,Medientechnologe/-technologin Druckverarbeitung,1
2026-07-06,waiblingen_15km,Master of Business Administration,1
2026-07-06,waiblingen_15km,Fachkraft - Sprachförderung,1
2026-07-06,waiblingen_15km,Raumausstatter/in - Boden,1
2026-07-06,waiblingen_15km,Fachinformatiker/in - Digitale Vernetzung,1
2026-07-06,waiblingen_15km,Geoinformatiker/in,1
2026-07-06,waiblingen_15km,Medientechniker/in (Kommunikationselektronik),1
2026-07-06,waiblingen_15km,Kunsthandwerker/in,1
2026-07-06,waiblingen_15km,Entwicklungstechniker/in,1
2026-07-06,waiblingen_15km,Techniker/in - Informatik (Nachhaltige Digitalisierung)/Bachelor Professional in Technik,1
2026-07-06,waiblingen_15km,Anwendungsberater/in,1
2026-07-06,waiblingen_15km,Fachmann/-frau - Restaurants und Veranstaltungsgastronomie,1
2026-07-06,waiblingen_15km,Hauswirtschafter/in - Serviceorientierte Dienstleistungen,1
2026-07-06,waiblingen_15km,Messebauer/in,1
2026-07-06,waiblingen_15km,Gesundheitsberater/in,1
2026-07-06,waiblingen_15km,Ingenieur/in - Energietechnik,1
2026-07-06,waiblingen_15km,Rechtspfleger/in,1
2026-07-06,waiblingen_15km,Vorarbeiter/in - Hochbau,1
2026-07-06,waiblingen_15km,Leiter/in - Anwendungsentwicklung (EDV),1
2026-07-06,waiblingen_15km,Syndikus-Anwalt/-Anwältin,1
2026-07-06,waiblingen_15km,Elektroniker/in - Maschinen und Antriebstechnik (HwO),1
2026-07-06,waiblingen_15km,Kartograf/in (Hochschule),1
2026-07-06,waiblingen_15km,Brauer/in und Mälzer/in,1
2026-07-06,waiblingen_15km,Fachkrankenpfleger/in - Rehabilitation/Langzeitpflege,1
2026-07-06,waiblingen_15km,Fachwirt/in - Musik,1
2026-07-06,waiblingen_15km,Stahl- und Metallbauingenieur/in,1
2026-07-06,waiblingen_15km,Solarmonteur/in,1
2026-07-06,waiblingen_15km,Karosserie- und Fahrzeugbaumechaniker/in - Karosserie- und Fahrzeugbautechnik,1
2026-07-06,waiblingen_15km,Steinmetz- und Steinbildhauermeister/in/Bachelor Professional im Steinmetz- und Steinbildhauer-Handwerk,1
2026-07-06,waiblingen_15km,Steinmetz/in und Steinbildhauer/in - Denkmalpflege,1
2026-07-06,waiblingen_15km,Verwaltungsleiter/in (Krankenhaus),1
2026-07-06,waiblingen_15km,"Ausbaufacharbeiter/in - Fliesen-, Platten- und Mosaikarbeiten",1
2026-07-06,waiblingen_15km,"Kaufmann/-frau - Einzelhandel (Kraftfahrzeuge, Teile und Zubehör)",1
2026-07-06,waiblingen_15km,Facharzt/-ärztin - Gefäßchirurgie,1
2026-07-06,waiblingen_15km,Museumspädagoge/-pädagogin,1
2026-07-06,waiblingen_15km,Galvaniseur/in,1
2026-07-06,waiblingen_15km,Baureiniger/in (Gebäudereinigung),1
2026-07-06,waiblingen_15km,Metallschleifer/in,1
2026-07-06,waiblingen_15km,Fertigungsmechaniker/in,1
2026-07-06,waiblingen_15km,Holzbearbeitungsmechaniker/in,1
2026-07-06,waiblingen_15km,Tanzlehrer/in,1
2026-07-06,waiblingen_15km,Fachkraft - Fruchtsafttechnik,1
2026-07-06,waiblingen_15km,Kälteanlagenbauer/in,1
2026-07-06,waiblingen_15km,Leiter/in - Supply-Chain-Management,1
2026-07-06,waiblingen_15km,Gärtner/in - Staudengärtnerei,1
2026-07-06,waiblingen_15km,Ingenieur/in - Biotechnologie,1
2026-07-06,waiblingen_15km,DGUV-Prüfer/in,1
2026-07-06,waiblingen_15km,Kunststoffspritzer/in,1
2026-07-06,waiblingen_15km,Sonderpädagoge/-pädagogin (Fachschule),1
2026-07-06,waiblingen_15km,Schweißfachingenieur/in,1
2026-07-06,waiblingen_15km,Kaufmann/-frau - Einzelhandel (Sportartikel),1
2026-07-06,waiblingen_15km,Berufsspezialist/in - Haushaltsführung und Familienbetreuung (Dorfhelfer/in),1
2026-07-06,waiblingen_15km,Techniker/in - Holztechnik (Holzbau),1
2026-07-06,waiblingen_15km,Kiosk-/Imbissverkäufer/in,1
2026-07-06,waiblingen_15km,Kinderkrankenschwester/-pfleger,1
2026-07-06,waiblingen_15km,Kantinenleiter/in,1
2026-07-06,waiblingen_15km,Verwaltungsfachangestellte/r - Kirchenverwaltung - evangelische Kirche,1
2026-07-06,waiblingen_15km,Fachkraft - Sozialarbeit,1
2026-07-06,waiblingen_15km,Leiter/in - Materialwirtschaft,1
2026-07-06,waiblingen_15km,Meister/in - Lagerwirtschaft,1
2026-07-06,waiblingen_15km,Eurokaufmann/-frau,1
2026-07-06,waiblingen_15km,Gleisbauer/in,1
2026-07-06,waiblingen_15km,Sport- und Fitnesskaufmann/-frau,1
2026-07-06,waiblingen_15km,Beteiligungsmanager/in,1
2026-07-06,waiblingen_15km,Brunnenbautechniker/in,1
2026-07-06,waiblingen_15km,Pflegeassistent/in (Altenpflege),1
2026-07-06,waiblingen_15km,Berufsspezialist/in - Informationssicherheit,1
2026-07-06,waiblingen_15km,Integrationsmanager/in,1
2026-07-06,waiblingen_15km,Leiter/in - Digitalisierung,1
2026-07-06,waiblingen_15km,Fachkraft - Gastronomie (Systemgastronomie),1
2026-07-06,waiblingen_15km,Medizinisch-technische/r Assistent/in - Funktionsdiagnostik,1
2026-07-06,waiblingen_15km,Fachassistent/in Lohn und Gehalt,1
2026-07-06,waiblingen_15km,Fachkrankenschwester/-pfleger - Operationsdienst,1
2026-07-06,waiblingen_15km,Employer-Branding-Manager/in,1
2026-07-06,waiblingen_15km,Information-Architect,1
2026-07-06,waiblingen_15km,Vergabemanager/in,1
2026-07-06,waiblingen_15km,Bildungsreferent/in,1
2026-07-06,waiblingen_15km,Jobcoach,1
2026-07-06,waiblingen_15km,Schweißer/in - Fahrzeugbau,1
2026-07-06,waiblingen_15km,Tankwagenfahrer/in,1
2026-07-06,waiblingen_15km,Fräser/in,1
2026-07-06,waiblingen_15km,Barista,1
2026-07-06,waiblingen_15km,Diakon/in (Sozialarbeit),1
2026-07-06,waiblingen_15km,Art-Director,1
2026-07-06,waiblingen_15km,Lacklaborant/in,1
2026-07-06,waiblingen_15km,Kraftfahrzeugmechatroniker/in - Karosserietechnik,1
2026-07-06,waiblingen_15km,Betriebswirt/in (Fachschule) - Controlling/Bachelor Professional in Wirtschaft,1
2026-07-06,waiblingen_15km,Außendienstleiter/in (Versicherung),1
2026-07-06,waiblingen_15km,Leiter/in - Projekt-/Programmmanagement,1
2026-07-06,waiblingen_15km,Versicherungssachbearbeiter/in,1
2026-07-06,waiblingen_15km,IT-Entwickler/in (Weiterbildung/Ausbildung),1
2026-07-06,waiblingen_15km,Fachwirt/in - Einkauf/Bachelor Professional in Procurement,1
2026-07-06,waiblingen_15km,"Fachverkäufer/in - Kfz-Zubehör, Reifen",1
2026-07-06,waiblingen_15km,Orthopädietechnikermeister/in/Bachelor Professional im Orthopädietechniker-Handwerk,1
2026-07-06,waiblingen_15km,Mediendesigner/in,1
2026-07-06,waiblingen_15km,"Fachkraft - Rohr-, Kanal- und Industrieservice",1
2026-07-06,waiblingen_15km,Medienmanager/in,1
2026-07-06,waiblingen_15km,Fachkaufmann/-frau - Verwaltung von Wohnungseigentum,1
2026-07-06,waiblingen_15km,Berufspädagoge/-pädagogin,1
2026-07-06,waiblingen_15km,Fachkraft - Trockenbau,1
2026-07-06,waiblingen_15km,Gewerbekundenberater/in,1
2026-07-06,waiblingen_15km,Technische/r Zeichner/in - Maschinen- und Anlagentechnik,1
2026-07-06,waiblingen_15km,Fachverkäufer/in - Nahrungsmittelhandwerk (Fleischerei),1
2026-07-06,waiblingen_15km,Dachdecker/in und Bauklempner/in,1
2026-07-06,waiblingen_15km,Kaufmann/-frau - Groß- und Außenhandel (Außenhandel),1
2026-07-06,waiblingen_15km,Campaigner/in,1
2026-07-06,waiblingen_15km,Kraftfahrzeugservicemechaniker/in,1
2026-07-06,waiblingen_15km,"Maschinen-, Anlagen- und Behälterreiniger/in",1
2026-07-06,waiblingen_15km,Busfahrer/in,1
2026-07-06,waiblingen_15km,Polier/in - Hochbau,1
2026-07-06,waiblingen_15km,Baukalkulator/in,1
2026-07-06,waiblingen_15km,Beamter/Beamtin - Eichwesen (gehobener technischer Dienst),1
2026-07-06,waiblingen_15km,Beamter/Beamtin - Eichwesen (mittlerer technischer Dienst),1
2026-07-06,waiblingen_15km,Betriebswirt/in (Hochschule) - Bank und Finanzdienstleistungen,1
2026-07-06,waiblingen_15km,Karosseriebauer/in,1
2026-07-06,waiblingen_15km,Reisehelfer/in für Menschen mit Behinderungen,1
2026-07-06,waiblingen_15km,Hostess/Host,1
2026-07-06,waiblingen_15km,Leiter/in - Marketing,1
2026-07-06,waiblingen_15km,Spezialreiniger/in,1
2026-07-06,waiblingen_15km,OP-Manager/in,1
2026-07-06,waiblingen_15km,Ausbilder/in - Anerkannte Ausbildungsberufe,1
2026-07-06,waiblingen_15km,Fachwirt/in - Versicherung,1
2026-07-06,waiblingen_15km,Hundefriseur/in,1
2026-07-06,waiblingen_15km,Gießereimechaniker/in,1
2026-07-06,waiblingen_15km,Techniker/in - Informatik (Betriebsinformatik)/Bachelor Professional in Technik,1
2026-07-06,waiblingen_15km,Assistent/in - Hotelmanagement,1
2026-07-06,waiblingen_15km,Verkehrsplaner/in,1
2026-07-06,waiblingen_15km,Gehilfe/Gehilfin - wirtschafts- und steuerberatende Berufe,1
2026-07-06,waiblingen_15km,Techniker/in - Galvanotechnik/Bachelor Professional in Technik,1
2026-07-06,waiblingen_15km,Oberflächenbeschichter/in,1
2026-07-06,waiblingen_15km,Messtechniker/in (Energietechnik),1
2026-07-06,waiblingen_15km,Detektiv/in,1
2026-07-06,waiblingen_15km,Karosserie- und Fahrzeugbauermeister/in/Bachelor Professional im Karosserie- und Fahrzeugbauer-Handwerk,1
2026-07-06,waiblingen_15km,Bodenleger/in,1
2026-07-06,waiblingen_15km,Helfer/in - Bodenverlegung,1
2026-07-06,waiblingen_15km,Fahrzeugglaser/in,1
2026-07-06,waiblingen_15km,Handelsfachpacker/in,1
2026-07-06,waiblingen_15km,Fachkrankenpfleger/in - Operations-/Endoskopiedienst,1
2026-07-06,waiblingen_15km,Karosserie- und Fahrzeugbauer/in - Fahrzeugbau,1
2026-07-06,waiblingen_15km,Schilder- und Lichtreklameherstellermeister/in/Bachelor Professional im Schilder- und Lichtreklamehersteller-Handwerk,1
2026-07-06,waiblingen_15km,Musikpädagoge/-pädagogin,1
2026-07-06,waiblingen_15km,Fachwirt/in - Immobilien,1
2026-07-06,waiblingen_15km,Leiter/in - Unternehmenskommunikation,1
2026-07-06,waiblingen_15km,Data-Analyst/in,1
2026-07-06,waiblingen_15km,Kostenanalytiker/in,1
2026-07-06,waiblingen_15km,Chief-Information-Security-Officer,1
2026-07-06,waiblingen_15km,Leiter/in - Informations-/Cybersicherheit,1
2026-07-06,waiblingen_15km,Wertpapieranalyst/in,1
2026-07-06,waiblingen_15km,Hochbauingenieur/in,1
2026-07-06,waiblingen_15km,Isolierfacharbeiter/in,1
2026-07-06,waiblingen_15km,Elektromechaniker/in,1
2026-07-06,waiblingen_15km,Spezialist/in - Industrie 4.0,1
2026-07-06,waiblingen_15km,Konstrukteur/in - Steuerungs- und Automatisierungstechnik,1
2026-07-06,waiblingen_15km,UX-Designer/in,1
2026-07-06,waiblingen_15km,Assistent/in - Produktionsleitung,1
2026-07-06,waiblingen_15km,Feinmechaniker/in - Feingerätebau,1
2026-07-06,waiblingen_15km,Haushälter/in (Privathaushalt),1
2026-07-06,waiblingen_15km,Vorarbeiter/in - Ver- und Entsorgung,1
2026-07-06,waiblingen_15km,Webdesigner/in,1
2026-07-06,waiblingen_15km,Ingenieur/in - technische Informatik,1
2026-07-06,waiblingen_15km,Betriebswirt/in (Fachschule) - Steuern/Bachelor Professional in Wirtschaft,1
2026-07-06,waiblingen_15km,Zahntechnische Hilfskraft,1
2026-07-06,waiblingen_15km,Werkpolier/in - Tiefbau,1
2026-07-06,waiblingen_15km,"Kaufmann/-frau - Einzelhandel (Diät- und Reformwaren, Lebensmittel)",1
2026-07-06,waiblingen_15km,Betriebswirt/in (Fachschule) - Personalwirtschaft/Bachelor Professional in Wirtschaft,1
2026-07-06,waiblingen_15km,Agrarwissenschaftler/in / Agrarökonom/in,1
2026-07-06,waiblingen_15km,Zeltmacher/in,1
2026-07-06,waiblingen_15km,Wirtschaftsinformatiker/in (Fachschule)/Bachelor Professional in Wirtschaft,1
2026-07-06,waiblingen_15km,Berater/in - digitale Transformation,1
2026-07-06,waiblingen_15km,Bezirksleiter/in,1
2026-07-06,waiblingen_15km,Leiter/in - Marktfolge (Banken),1
2026-07-06,waiblingen_15km,Techniker/in - Informatik (technische Informatik)/Bachelor Professional in Technik,1
2026-07-06,waiblingen_15km,BIM-Manager/in,1
2026-07-06,waiblingen_15km,Kaufmann/-frau - Grundstücks- und Wohnungswirtschaft,1
2026-07-06,waiblingen_15km,Wertpapiersachbearbeiter/in,1
2026-07-06,waiblingen_15km,Arbeitserzieher/in,1
2026-07-06,waiblingen_15km,Immobiliensachverständige/r,1
2026-07-06,waiblingen_15km,Ingenieur/in - Fahrzeugelektronik,1
2026-07-06,waiblingen_15km,Galvaniseur/in und Metallschleifer/in,1
2026-07-06,waiblingen_15km,Kaufmann/-frau - Versicherungen und Finanzen - Versicherung,1
2026-07-06,waiblingen_15km,Techniker/in - Zerspanungstechnik/Bachelor Professional in Technik,1
2026-07-06,waiblingen_15km,Fachkraft - innovative Fahrzeugaufbereitung,1
2026-07-06,waiblingen_15km,Informationssicherheitsbeauftragte/r,1
2026-07-06,waiblingen_15km,Techniker/in - Elektrotechnik (Automatisierungstechnik)/Bachelor Professional in Technik,1
2026-07-06,waiblingen_15km,Techniker/in - Versorgungstechnik,1
2026-07-06,waiblingen_15km,Feinpolierer/in,1
2026-07-06,waiblingen_15km,Mediengestalter/in - Digital-/Printmedien - Mediendesign,1
2026-07-06,waiblingen_15km,Innenarchitekt/in,1
2026-07-06,waiblingen_15km,Tierpfleger/in - Zoo,1
2026-07-06,waiblingen_15km,KI-Manager/in,1
2026-07-06,waiblingen_15km,Mediengestalter/in Digital und Print - Gestaltung und Technik,1
2026-07-06,waiblingen_15km,Lehrer/in - berufliche Schulen,1
2026-07-06,waiblingen_15km,Stadt- und Regionalplaner/in,1
2026-07-06,waiblingen_15km,Leiter/in - Betriebliche Instandhaltung,1
2026-07-06,waiblingen_15km,Public-Relations-Manager/in,1
2026-07-06,waiblingen_15km,Gestalter/in - visuelles Marketing,1
2026-07-06,waiblingen_15km,Schulleiter/in - allgemeinbildende Schulen,1
2026-07-06,waiblingen_15km,Lerntherapeut/in,1
2026-07-06,waiblingen_15km,Fachkraft - Lebensmitteltechnik,1
2026-07-06,waiblingen_15km,Fachverkäufer/in - Zoobedarf und Heimtierverkauf,1
2026-07-06,waiblingen_15km,Verwaltungsjurist/in,1
2026-07-06,waiblingen_15km,CAD-Fachkraft - Maschinenbau,1
2026-07-06,waiblingen_15km,Managementassistent/in,1
2026-07-06,waiblingen_15km,Medizinische/r Dokumentationsassistent/in,1
2026-07-06,waiblingen_15km,Raumausstatter/in - Polstern,1
2026-07-06,waiblingen_15km,Bäckermeister/in/Bachelor Professional im Bäcker-Handwerk,1
2026-07-06,waiblingen_15km,Industrie-Isolierer/in,1
2026-07-06,waiblingen_15km,Pflegewissenschaftler/in,1
2026-07-06,waiblingen_15km,Techniker/in - Bekleidungstechnik/Bachelor Professional in Technik,1
2026-07-06,waiblingen_15km,Garten-/Landschaftsgestalter/in,1
2026-07-06,waiblingen_15km,Fachverkäufer/in - Haushaltswaren,1
2026-07-06,waiblingen_15km,Apotheker/in,1
2026-07-06,waiblingen_15km,Botenfahrer/in,1
2026-07-06,waiblingen_15km,Berufsspezialist/in - Industrielle Transformation (gewerblich-technisch),1
2026-07-06,waiblingen_15km,Sozialarbeiter/in - Strafvollzug,1
2026-07-06,waiblingen_15km,Leiter/in - Altenpflegeeinrichtung,1
2026-07-06,waiblingen_15km,Verkaufsaufsicht,1
2026-07-06,waiblingen_15km,Zimmerermeister/in/Bachelor Professional im Zimmerer-Handwerk,1
2026-07-06,waiblingen_15km,Dachdeckermeister/in/Bachelor Professional im Dachdecker-Handwerk,1
2026-07-06,waiblingen_15km,Facharzt/-ärztin - Psychosomatische Medizin und Psychotherapie,1
2026-07-06,waiblingen_15km,Facharzt/-ärztin - Kinder- und Jugendmedizin,1
2026-07-06,waiblingen_15km,Schweißwerkmeister/in,1
2026-07-06,waiblingen_15km,Staatsanwalt/-anwältin,1
2026-07-06,waiblingen_15km,Forschungsreferent/in,1
2026-07-06,waiblingen_15km,Technische/r Fachwirt/in,1
2026-07-06,waiblingen_15km,Tiefbaufacharbeiter/in - Straßenbauarbeiten,1
2026-07-06,waiblingen_15km,Fertighausmonteur/in,1
2026-07-06,waiblingen_15km,Organisationsprogrammierer/in,1
2026-07-06,waiblingen_15km,Onlinemarketing-Manager/in,1
2026-07-06,waiblingen_15km,Betriebswirt/in (Fachschule) - Produktionswirtschaft/Bachelor Professional in Wirtschaft,1
2026-07-06,waiblingen_15km,Aufzugmonteur/in,1
2026-07-06,waiblingen_15km,Ingenieur/in - Medientechnik/Multimedia,1
2026-07-06,waiblingen_15km,Energieelektroniker/in - Betriebstechnik,1
2026-07-06,waiblingen_15km,Medieninformatiker/in,1
2026-07-06,waiblingen_15km,Fachkaufmann/-frau - Personal,1
2026-07-06,waiblingen_15km,Kindergartenhelfer/in,1
2026-07-06,waiblingen_15km,Fachwirt/in - Marketing/Bachelor Professional in Marketing,1
2026-07-06,waiblingen_15km,Konditormeister/in/Bachelor Professional im Konditor-Handwerk,1
2026-07-06,waiblingen_15km,Fachwirt/in - Zahnärztliches Praxismanagement,1
2026-07-06,waiblingen_15km,Fachverkäufer/in - Sanitätsfachhandel,1
2026-07-06,waiblingen_15km,Lehrer/in - Deutsch als Fremdsprache,1
2026-07-06,waiblingen_15km,Leiter/in - Asset Management,1
2026-07-06,waiblingen_15km,Jurist/in - Informationsrecht,1
2026-07-06,waiblingen_15km,Frontend-Entwickler/in,1
2026-07-06,waiblingen_15km,Luftfrachtagent/in,1
2026-07-06,waiblingen_15km,Ingenieur/in - Chemietechnik,1
2026-07-06,waiblingen_15km,Spielhallenaufsicht,1
2026-07-06,waiblingen_15km,Pharmazeut/in,1
2026-07-06,waiblingen_15km,Kunsttherapeut/in,1
2026-07-06,waiblingen_15km,Küchenplaner/in,1
2026-07-06,waiblingen_15km,Facharzt/-ärztin - Neurologie,1
2026-07-06,waiblingen_15km,Isolierer/in,1
2026-07-06,waiblingen_15km,Messingenieur/in,1
2026-07-06,waiblingen_15km,Fertigungsplaner/in - Tischlerhandwerk,1
2026-07-06,waiblingen_15km,Facharzt/-ärztin - Pathologie,1
2026-07-06,waiblingen_15km,Erwachsenenheimleiter/in,1
2026-07-06,waiblingen_15km,Physikalisch-technische/r Assistent/in,1
2026-07-06,waiblingen_15km,Fachwirt/in - Recht,1
2026-07-06,waiblingen_15km,Arztsekretär/in,1
2026-07-06,waiblingen_15km,Ingenieur/in - Mechatronik,1
2026-07-06,waiblingen_15km,Produktionsingenieur/in,1
2026-07-06,waiblingen_15km,Ingenieur/in - Batterietechnik,1
2026-07-06,waiblingen_15km,Landwirtschaftliche/r Sachverständige/r,1
2026-07-06,waiblingen_15km,Bezirksnotar/in,1
2026-07-06,waiblingen_15km,Business-Intelligence-Consultant,1
2026-07-06,waiblingen_15km,Leiter/in - Einkauf,1
2026-07-06,waiblingen_15km,IT-Organisator/in,1
2026-07-06,waiblingen_15km,Fachkinderkrankenpfleger/in - Psychiatrie,1
2026-07-06,waiblingen_15km,Fachverkäufer/in - Spielwaren,1
2026-07-06,waiblingen_15km,Ingenieur/in - Gießereitechnik,1
2026-07-06,waiblingen_15km,Schweißer/in - Anlagen- und Apparatebau,1
2026-07-06,waiblingen_15km,Werkzeugmechaniker/in - Stanz- und Umformtechnik,1
2026-07-06,waiblingen_15km,Kraftfahrzeugführer/in von Baufahrzeugen,1
2026-07-06,waiblingen_15km,Bibliothekar/in,1
2026-07-06,waiblingen_15km,Fachassistent/in Digitalisierung und IT-Prozesse,1
2026-07-06,waiblingen_15km,Kaufmann/-frau - E-Commerce,1
2026-07-06,waiblingen_15km,Techniker/in - Metallbautechnik (Gebäudetechnik)/Bachelor Professional in Technik,1
2026-07-06,waiblingen_15km,Betriebswirt/in (Fachschule) - Marketingkommunikation/Bachelor Professional in Wirtschaft,1
2026-07-06,waiblingen_15km,Wundmanager/in,1
2026-07-06,waiblingen_15km,Konstruktionsmechaniker/in - Schweißtechnik,1
2026-07-06,waiblingen_15km,Land- und Baumaschinenmechatronikermeister/in/Bachelor Professional im Land- und Baumaschinenmechatroniker-Handwerk,1
2026-07-06,waiblingen_15km,Pharmareferent/in,1
2026-07-06,waiblingen_15km,Ingenieur/in - Mikrosystemtechnik,1
2026-07-06,waiblingen_15km,Cloud-Consultant,1
2026-07-06,waiblingen_15km,Landschaftsarchitekt/in,1
2026-07-06,waiblingen_15km,Berufsspezialist/in - Softwareentwicklung,1
2026-07-06,waiblingen_15km,Großküchenkoch/-köchin,1
2026-07-06,waiblingen_15km,Karosserie- und Fahrzeugbaumechaniker/in - Caravan- und Reisemobiltechnik,1
2026-07-06,waiblingen_15km,Veranstaltungskaufmann/-frau,1
2026-07-06,waiblingen_15km,Fachassistent/in - Hirnleistungstraining,1
2026-07-06,waiblingen_15km,Land- und Baumaschinenmechatroniker/in,1
2026-07-06,waiblingen_15km,Betriebswirt/in (Hochschule) - Hotelmanagement,1
2026-07-06,waiblingen_15km,Verwaltungsinformatiker/in,1
2026-07-06,waiblingen_15km,Wissenschaftliche/r Mitarbeiter/in,1
2026-07-06,waiblingen_15km,Gärtner/in - Zierpflanzenbau,1
2026-07-06,waiblingen_15km,Berufsspezialist/in - Vertrieb,1
2026-07-06,waiblingen_15km,Ingenieur/in - Medizintechnik,1
2026-07-06,waiblingen_15km,Siebdrucker/in,1
2026-07-06,waiblingen_15km,Assistent/in - Beschaffungswesen,1
2026-07-06,waiblingen_15km,Lackierer/in - Holz und Metall,1
2026-07-06,waiblingen_15km,Ingenieur/in - Lüftungstechnik,1
2026-07-06,waiblingen_15km,Auftragsleiter/in,1
2026-07-06,waiblingen_15km,Bachelor Professional - Künstliche Intelligenz und Maschinelles Lernen,1
2026-07-06,waiblingen_15km,Biologe/Biologin,1
2026-07-06,waiblingen_15km,Bautechnische/r Konstrukteur/in - Ingenieurbau,1
2026-07-06,waiblingen_15km,Fachkraft - Straßen- und Verkehrstechnik,1
2026-07-06,waiblingen_15km,Übungsleiter/in - Breitensport,1
2026-07-06,waiblingen_15km,Bausachverständige/r,1
2026-07-06,waiblingen_15km,Beamter/Beamtin - Höherer bautechnischer Dienst,1
2026-07-06,waiblingen_15km,ESG-Manager/in,1
2026-07-06,waiblingen_15km,Dentalhygieniker/in,1
2026-07-06,waiblingen_15km,Techniker/in - Bautechnik (Tiefbau)/Bachelor Professional in Technik,1
2026-07-06,waiblingen_15km,Ingenieur/in - Verpackungstechnik,1
2026-07-06,waiblingen_15km,Leiter/in - Controlling,1
2026-07-06,waiblingen_15km,Mathematiker/in,1
2026-07-06,waiblingen_15km,POS-Manager/in,1
2026-07-06,waiblingen_15km,Brückenkranführer/in,1
2026-07-06,waiblingen_15km,Revisor/in,1
2026-07-06,waiblingen_15km,Autor/in / Schriftsteller/in,1
2026-07-06,waiblingen_15km,Flachdachdecker/in,1
2026-07-06,waiblingen_15km,Soldat/in auf Zeit - Laufbahngruppe Mannschaften,1
2026-07-06,waiblingen_15km,Sozialversicherungsfachangestellte/r - Unfallversicherung,1
2026-07-06,waiblingen_15km,Ingenieur/in - Innenarchitektur,1
2026-07-06,waiblingen_15km,Ingenieur/in - Architektur,1
2026-07-06,waiblingen_15km,Klimaschutzmanager/in,1
2026-07-06,waiblingen_15km,Leiter/in - Softwareentwicklung,1
2026-07-06,waiblingen_15km,Fachkraft - Metalltechnik - Zerspanungstechnik,1
2026-07-06,waiblingen_15km,Dokumentar/in,1
2026-07-06,waiblingen_15km,Facharzt/-ärztin - Radiologie,1
2026-07-06,waiblingen_15km,Pferdewirt/in - Klassische Reitausbildung,1
2026-07-06,waiblingen_15km,Pferdewirt/in (mit Schwerpunkten),1
2026-07-06,waiblingen_15km,Operations Manager/in,1
2026-07-06,waiblingen_15km,Fachverkäufer/in - Lebensmittelhandwerk (Konditorei),1
2026-07-06,waiblingen_15km,Betriebswirt/in (Fachschule) - Management im Gesundheitswesen/Bachelor Professional in Wirtschaft,1
2026-07-06,waiblingen_15km,Betriebswirt/in (Fachschule) - Logistik/Bachelor Professional in Wirtschaft,1
2026-07-06,waiblingen_15km,Industriemeister/in - Elektrotechnik (Elektronik),1
2026-07-06,waiblingen_15km,Pflegefachmann/-frau (Gesundheits- und Kinderkrankenpflege),1
2026-07-06,waiblingen_15km,Techniker/in - Kunststoff- und Kautschuktechnik/Bachelor Professional in Technik,1
2026-07-06,waiblingen_15km,Technische/r Assistent/in - Bautechnik,1
2026-07-06,waiblingen_15km,General Manager/in (Hotellerie),1
2026-07-06,waiblingen_15km,Datenschutzbeauftragte/r,1
2026-07-06,waiblingen_15km,Maurer- und Betonbauermeister/in/Bachelor Professional im Maurer- und Betonbauer-Handwerk,1
2026-07-06,waiblingen_15km,Sozialversicherungsfachangestellte/r - Rentenversicherung,1
2026-07-06,waiblingen_15km,Inbetriebnahmetechniker/in - Maschinenbau,1
2026-07-06,waiblingen_15km,IT-Einkäufer/in,1
2026-07-06,waiblingen_15km,IT-Lizenzmanager/in,1
2026-07-06,waiblingen_15km,Fachangestellte/r - Medien- und Informationsdienste - Bibliothek,1
2026-07-06,waiblingen_15km,Arztassistent/in / Physician Assistant,1
2026-07-06,waiblingen_15km,"Berater/in - Bildung, Beruf und Beschäftigung",1
2026-07-06,waiblingen_15km,Fachkraft - Arbeitssicherheit,1
2026-07-06,waiblingen_15km,Fahrlehrer/in,1
2026-07-06,waiblingen_15km,Fachverkäufer/in - Bürobedarf,1
2026-07-06,waiblingen_15km,Wassermeister/in,1
2026-07-06,waiblingen_15km,Bankettleiter/in,1
2026-07-06,waiblingen_15km,Zugsteward/-stewardess,1
2026-07-06,waiblingen_15km,Zählerableser/in,1
2026-07-06,waiblingen_15km,Landwirt/in,1
2026-07-06,waiblingen_15km,Zerspanungsmechaniker/in - Drehtechnik,1
2026-07-06,waiblingen_15km,Augenoptikermeister/in/Bachelor Professional im Augenoptiker-Handwerk,1
2026-07-06,waiblingen_15km,Zerspanungsmechaniker/in - Frästechnik,1
2026-07-06,waiblingen_15km,Verzinker/in,1
2026-07-06,waiblingen_15km,Arbeitsmedizinische/r Assistent/in,1
2026-07-06,waiblingen_15km,Arbeitsplanungsingenieur/in,1
2026-07-06,waiblingen_15km,Rohrvorrichter/in,1
2026-07-06,waiblingen_15km,Heimleiter/in,1
2026-07-06,waiblingen_15km,Gesundheitswissenschaftler/in - Öffentliches Gesundheitswesen,1
2026-07-06,waiblingen_15km,Assistent/in - Gesundheits- und Sozialwesen,1
2026-07-06,waiblingen_15km,Textil- und Modenäher/in,1
2026-07-06,waiblingen_15km,Vorarbeiter/in - Maler- und Lackiererarbeiten,1
2026-07-06,waiblingen_15km,Fachkraft - Automatisierungstechnik,1
2026-07-06,waiblingen_15km,KI-Engineer,1
2026-07-06,waiblingen_15km,Hörakustikermeister/in/Bachelor Professional im Hörakustiker-Handwerk,1
2026-07-06,waiblingen_15km,Eisenbahner/in - Betriebsdienst - Lokführer und Transport (Ausbildung bis 2022),1
2026-07-06,waiblingen_15km,Stuckateur/in - Restaurierungsarbeiten,1
2026-07-06,waiblingen_15km,Straßenmeister/in,1
2026-07-06,waiblingen_15km,Risk-Manager/in,1
2026-07-06,waiblingen_15km,Restaurantmeister/in,1
2026-07-06,waiblingen_15km,Fachplaner/in - Energie- und Gebäudetechnik,1
2026-07-06,waiblingen_15km,Facharzt/-ärztin - Augenheilkunde,1
2026-07-06,waiblingen_15km,Betriebswirt/in (Ausbildung) - Verkehr/Logistik,1
2026-07-06,waiblingen_15km,Förster/in (Hochschule),1
2026-07-06,waiblingen_15km,IT-System-Kaufmann/-frau,1
2026-07-06,waiblingen_15km,Baumaschinenmechaniker/in,1
2026-07-06,waiblingen_15km,Kraftfahrzeugmechatroniker/in - Motorradtechnik,1
2026-07-06,waiblingen_15km,Vermessungsingenieur/in,1
2026-07-06,waiblingen_15km,Werkzeugingenieur/in,1
2026-07-06,waiblingen_15km,Technisch-kaufmännische Fachkraft - Handwerk,1
2026-07-06,waiblingen_15km,Fachwirt/in - Visual Merchandising,1
2026-07-06,waiblingen_15km,Fachwirt/in - Energiewirtschaft/Bachelor Professional in Energiewirtschaft,1
2026-07-06,waiblingen_15km,CAD-Fachkraft - Elektrotechnik,1
2026-07-06,waiblingen_15km,Lernbetreuer/in,1
2026-07-06,waiblingen_15km,Zweiradmechatroniker/in - Fahrradtechnik,1
2026-07-06,waiblingen_15km,Fachkraft - EDV-gestützte Unternehmensführung,1
2026-07-06,waiblingen_15km,Pförtner/in,1
2026-07-06,waiblingen_15km,Oberarzt/-ärztin,1
2026-07-06,waiblingen_15km,Tiefbaufacharbeiter/in - Kanalbauarbeiten,1
2026-07-06,waiblingen_15km,Sozialökonom/in / Sozialwirt/in,1
2026-07-06,waiblingen_15km,Textildrucker/in,1
2026-07-06,waiblingen_15km,Maschinen- und Anlagensicherheitssachverständige/r,1
2026-07-06,waiblingen_15km,"Kabelmonteur/in (Fern-, Frei- und Fahrleitungsbau)",1
2026-07-06,waiblingen_15km,Lehrkraft - Naturwissenschaften und Technik,1
2026-07-06,waiblingen_15km,Techniker/in - Maschinentechnik (Verfahrenstechnik)/Bachelor Professional in Technik,1
2026-07-06,waiblingen_15km,Bäcker/in und Konditor/in,1
2026-07-06,waiblingen_15km,Informationselektroniker/in - Geräte- und Systemtechnik,1
2026-07-06,waiblingen_15km,Leiter/in - Key Account Management,1
2026-07-06,waiblingen_15km,Maschinen- und Anlagenführer/in - Druckweiter- und Papierverarbeitung,1
2026-07-06,waiblingen_15km,Fachverkäufer/in - Schuhe,1
2026-07-06,waiblingen_15km,Fachanwalt/-anwältin - Steuerrecht,1
2026-07-06,waiblingen_15km,Sozialversicherungsfachangestellte/r - allgemeine Krankenversicherung,1
2026-07-06,waiblingen_15km,Techniker/in - Feinwerktechnik/Bachelor Professional in Technik,1
2026-07-06,waiblingen_15km,Helfer/in - Veranstaltungsservice,1
2026-07-06,waiblingen_15km,Kaufmännische/r Assistent/in/Wirtschaftsassistent/in - Datenverarbeitung/Rechnungswesen,1
2026-07-06,waiblingen_15km,Betonsanierer/in,1
2026-07-06,waiblingen_15km,Leiter/in - betriebliche Aus- und Weiterbildung,1
2026-07-06,waiblingen_15km,Technische/r Produktdesigner/in (ohne Fachrichtungen),1
2026-07-06,waiblingen_15km,Maschinenbaumechaniker/in,1
2026-07-06,waiblingen_15km,Fachwirt/in - Fertigungs- und Prozessmanagement,1
2026-07-06,waiblingen_15km,Industriemeister/in - Qualitätskontrolle,1
2026-07-06,waiblingen_15km,Leiter/in - Presse- und Öffentlichkeitsarbeit,1
2026-07-06,rems-murr-kreis,Verkäufer/in,218
2026-07-06,rems-murr-kreis,Gabelstaplerfahrer/in,136
2026-07-06,rems-murr-kreis,"Helfer/in - Lagerwirtschaft, Transport",121
2026-07-06,rems-murr-kreis,Industriemechaniker/in,106
2026-07-06,rems-murr-kreis,Helfer/in - Reinigung,99
2026-07-06,rems-murr-kreis,Altenpfleger/in,90
2026-07-06,rems-murr-kreis,Helfer/in - Verkauf,86
2026-07-06,rems-murr-kreis,Erzieher/in,81
2026-07-06,rems-murr-kreis,Fachkraft - Lagerlogistik,79
2026-07-06,rems-murr-kreis,Lager- und Transportarbeiter/in,78
2026-07-06,rems-murr-kreis,Berufskraftfahrer/in,75
2026-07-06,rems-murr-kreis,Helfer/in - Metallbearbeitung,71
2026-07-06,rems-murr-kreis,Ingenieur/in - Elektrotechnik,68
2026-07-06,rems-murr-kreis,Maschinen- und Anlagenführer/in (ohne Angabe des Schwerpunkts),62
2026-07-06,rems-murr-kreis,Elektroniker/in - Energie- und Gebäudetechnik,58
2026-07-06,rems-murr-kreis,Gesundheits- und Krankenpfleger/in,54
2026-07-06,rems-murr-kreis,Mechatroniker/in,53
2026-07-06,rems-murr-kreis,Zerspanungsmechaniker/in,52
2026-07-06,rems-murr-kreis,Helfer/in - Elektro,51
2026-07-06,rems-murr-kreis,Montierer/in,50
2026-07-06,rems-murr-kreis,Bürokaufmann/-frau,50
2026-07-06,rems-murr-kreis,Heilerziehungspfleger/in,46
2026-07-06,rems-murr-kreis,"Maschinen- und Anlagenführer/in - Metall-, Kunststofftechnik",46
2026-07-06,rems-murr-kreis,Fachlagerist/in,45
2026-07-06,rems-murr-kreis,"Filialleiter/in, Verkaufsstellenleiter/in",45
2026-07-06,rems-murr-kreis,Elektroniker/in - Betriebstechnik,44
2026-07-06,rems-murr-kreis,Medizinische/r Fachangestellte/r,44
2026-07-06,rems-murr-kreis,Metallbearbeiter/in,44
2026-07-06,rems-murr-kreis,"Anlagenmechaniker/in - Sanitär-, Heizungs- und Klimatechnik",44
2026-07-06,rems-murr-kreis,Koch/Köchin,44
2026-07-06,rems-murr-kreis,Kommissionierer/in,44
2026-07-06,rems-murr-kreis,CNC-Dreher/in,42
2026-07-06,rems-murr-kreis,Sozialarbeiter/in / Sozialpädagoge/-pädagogin,40
2026-07-06,rems-murr-kreis,Anlagenmechaniker/in,40
2026-07-06,rems-murr-kreis,Kaufmännische Fachkraft,38
2026-07-06,rems-murr-kreis,"Helfer/in - Kunststoff, Kautschuk",37
2026-07-06,rems-murr-kreis,Helfer/in - Küche,36
2026-07-06,rems-murr-kreis,CNC-Fräser/in,36
2026-07-06,rems-murr-kreis,Industriekaufmann/-frau,36
2026-07-06,rems-murr-kreis,Finanzbuchhalter/in,36
2026-07-06,rems-murr-kreis,Altenpflegehelfer/in,35
2026-07-06,rems-murr-kreis,Kaufmann/-frau - Büromanagement,33
2026-07-06,rems-murr-kreis,Pflegefachmann/-frau (Altenpflege),33
2026-07-06,rems-murr-kreis,Kaufmann/-frau - Einzelhandel,32
2026-07-06,rems-murr-kreis,Betreuungskraft / Alltagsbegleiter/in,31
2026-07-06,rems-murr-kreis,Elektroinstallateur/in,31
2026-07-06,rems-murr-kreis,Informatiker/in,30
2026-07-06,rems-murr-kreis,"Montagemechaniker/in, Anlagenmonteur/in",30
2026-07-06,rems-murr-kreis,Buchhalter/in,30
2026-07-06,rems-murr-kreis,Tischler/in,29
2026-07-06,rems-murr-kreis,Physiotherapeut/in,29
2026-07-06,rems-murr-kreis,Zahnmedizinische/r Fachangestellte/r,27
2026-07-06,rems-murr-kreis,Vertriebsassistent/in,25
2026-07-06,rems-murr-kreis,Feinwerkmechaniker/in,25
2026-07-06,rems-murr-kreis,Controller/in,25
2026-07-06,rems-murr-kreis,Löter/in,24
2026-07-06,rems-murr-kreis,Industrieelektriker/in - Betriebstechnik,23
2026-07-06,rems-murr-kreis,Schweißer/in,23
2026-07-06,rems-murr-kreis,Servicekraft - Gastronomie und Gastgewerbe,23
2026-07-06,rems-murr-kreis,Steuerfachangestellte/r,23
2026-07-06,rems-murr-kreis,Hauswirtschafter/in,23
2026-07-06,rems-murr-kreis,IT-Systemadministrator/in,22
2026-07-06,rems-murr-kreis,Fachverkäufer/in - Lebensmittelhandwerk (Fleischerei),22
2026-07-06,rems-murr-kreis,Betriebsschlosser/in,21
2026-07-06,rems-murr-kreis,Fachinformatiker/in - Systemintegration,21
2026-07-06,rems-murr-kreis,Friseur/in,21
2026-07-06,rems-murr-kreis,Kraftfahrzeugmechaniker/in,21
2026-07-06,rems-murr-kreis,Metallbauer/in - Konstruktionstechnik,21
2026-07-06,rems-murr-kreis,Personalsachbearbeiter/in,20
2026-07-06,rems-murr-kreis,Gebäudereiniger/in,20
2026-07-06,rems-murr-kreis,Ergotherapeut/in,20
2026-07-06,rems-murr-kreis,Maler/in und Lackierer/in - Maler/in,19
2026-07-06,rems-murr-kreis,Helfer/in - Hauswirtschaft,19
2026-07-06,rems-murr-kreis,CNC-Fachkraft/NC-Anwendungsfachmann/-frau,19
2026-07-06,rems-murr-kreis,Sachbearbeiter/in - Logistik,19
2026-07-06,rems-murr-kreis,Projektleiter/in,19
2026-07-06,rems-murr-kreis,Fahrzeuglackierer/in,18
2026-07-06,rems-murr-kreis,Einkäufer/in,18
2026-07-06,rems-murr-kreis,Ingenieur/in - Maschinenbau,17
2026-07-06,rems-murr-kreis,Gesundheits- und Krankenpflegehelfer/in,17
2026-07-06,rems-murr-kreis,Zimmerer/Zimmerin,17
2026-07-06,rems-murr-kreis,Konstruktionsmechaniker/in,16
2026-07-06,rems-murr-kreis,Hausmeister/in,16
2026-07-06,rems-murr-kreis,Kraftfahrzeugmechatroniker/in - Personenkraftwagentechnik,16
2026-07-06,rems-murr-kreis,Softwareentwickler/in,16
2026-07-06,rems-murr-kreis,Außendienstmitarbeiter/in,15
2026-07-06,rems-murr-kreis,Qualitätskontrolleur/in,15
2026-07-06,rems-murr-kreis,Ingenieur/in - Bau,15
2026-07-06,rems-murr-kreis,Pflegefachmann/-frau (Gesundheits- und Krankenpflege),15
2026-07-06,rems-murr-kreis,"Helfer/in - Papier, Verpackung",15
2026-07-06,rems-murr-kreis,Personalreferent/in,14
2026-07-06,rems-murr-kreis,Fachkrankenpfleger/in - Intensivpflege/Anästhesie,14
2026-07-06,rems-murr-kreis,Lohn- und Gehaltsbuchhalter/in,14
2026-07-06,rems-murr-kreis,Kassierer/in (Handel),14
2026-07-06,rems-murr-kreis,Elektrofachkraft für festgelegte Tätigkeiten,14
2026-07-06,rems-murr-kreis,Stuckateur/in,14
2026-07-06,rems-murr-kreis,Büroassistent/in,14
2026-07-06,rems-murr-kreis,Betriebswirt/in (Hochschule),13
2026-07-06,rems-murr-kreis,Gärtner/in - Garten- und Landschaftsbau,13
2026-07-06,rems-murr-kreis,"Helfer/in - Maschinenbau, Betriebstechnik",13
2026-07-06,rems-murr-kreis,Einzelhandelskaufmann/-frau,13
2026-07-06,rems-murr-kreis,Steuerberater/in,13
2026-07-06,rems-murr-kreis,Automobilkaufmann/-frau,13
2026-07-06,rems-murr-kreis,Kaufmann/-frau - Spedition und Logistikdienstleistung,12
2026-07-06,rems-murr-kreis,"Ingenieur/in - Informations-, Kommunikationstechnik",12
2026-07-06,rems-murr-kreis,Elektroniker/in - Automatisierungstechnik,12
2026-07-06,rems-murr-kreis,Elektroniker/in - Geräte und Systeme,12
2026-07-06,rems-murr-kreis,Personaldisponent/in,12
2026-07-06,rems-murr-kreis,Restaurantfachmann/-frau,12
2026-07-06,rems-murr-kreis,Fachverkäufer/in - Lebensmittelhandwerk (Bäckerei),12
2026-07-06,rems-murr-kreis,Fachberater/in - Vertrieb,12
2026-07-06,rems-murr-kreis,Maschineneinrichter/in (allgemein),12
2026-07-06,rems-murr-kreis,Bauleiter/in,12
2026-07-06,rems-murr-kreis,Verwaltungswirt/in / Verwaltungsbetriebswirt/in,11
2026-07-06,rems-murr-kreis,Lackierer/in - Spritzlackierung,11
2026-07-06,rems-murr-kreis,Industrieelektriker/in - Geräte und Systeme,11
2026-07-06,rems-murr-kreis,Helfer/in - Metallbau,11
2026-07-06,rems-murr-kreis,Fachkraft - Brief- und Frachtverkehr,11
2026-07-06,rems-murr-kreis,Operationstechnische/r Assistent/in,11
2026-07-06,rems-murr-kreis,Werkzeugmechaniker/in,11
2026-07-06,rems-murr-kreis,Elektroanlagenmonteur/in,11
2026-07-06,rems-murr-kreis,Produktionsfachkraft Chemie,11
2026-07-06,rems-murr-kreis,Speditionskaufmann/-frau,11
2026-07-06,rems-murr-kreis,Pflegefachmann/-frau (Ausbildung),10
2026-07-06,rems-murr-kreis,Maler/in und Lackierer/in - Gestaltung und Instandhaltung,10
2026-07-06,rems-murr-kreis,Elektrotechnikermeister/in/Bachelor Professional im Elektrotechniker-Handwerk,10
2026-07-06,rems-murr-kreis,Vertriebsberater/in,10
2026-07-06,rems-murr-kreis,Pflegedienstleiter/in,10
2026-07-06,rems-murr-kreis,Auslieferungsfahrer/in (nicht Verkaufsfahrer/in),10
2026-07-06,rems-murr-kreis,"Helfer/in - Feinmechanik, Werkzeugbau",10
2026-07-06,rems-murr-kreis,Helfer/in - Fahrzeugbau und -instandhaltung,10
2026-07-06,rems-murr-kreis,Logopäde/Logopädin,10
2026-07-06,rems-murr-kreis,ERP-Berater/in - ERP-Consultant,10
2026-07-06,rems-murr-kreis,Erzieher/in - Jugend- und Heimerziehung,9
2026-07-06,rems-murr-kreis,Ingenieur/in - Luft- und Raumfahrttechnik,9
2026-07-06,rems-murr-kreis,Versicherungsberater/in,9
2026-07-06,rems-murr-kreis,Sales-Manager/in,9
2026-07-06,rems-murr-kreis,Arbeitsvorbereiter/in,9
2026-07-06,rems-murr-kreis,IT-Administrator/in,9
2026-07-06,rems-murr-kreis,Verkaufssachbearbeiter/in,9
2026-07-06,rems-murr-kreis,Bilanzbuchhalter/in/Bachelor Professional in Bilanzbuchhaltung,9
2026-07-06,rems-murr-kreis,Ingenieur/in - Fahrzeugtechnik,9
2026-07-06,rems-murr-kreis,Kaufmann/-frau - Bürokommunikation,9
2026-07-06,rems-murr-kreis,Gesundheits- und Kinderkrankenpfleger/in,9
2026-07-06,rems-murr-kreis,Verkaufsberater/in,9
2026-07-06,rems-murr-kreis,Sozialpädagogische/r Assistent/in / Kinderpfleger/in,8
2026-07-06,rems-murr-kreis,Projektingenieur/in,8
2026-07-06,rems-murr-kreis,Forschungs- und Entwicklungsingenieur/in,8
2026-07-06,rems-murr-kreis,Zahntechniker/in,8
2026-07-06,rems-murr-kreis,"Kundendienstmonteur/in, -techniker/in",8
2026-07-06,rems-murr-kreis,"Helfer/in - Kurier-, Zustell- und Postdienstleistungen",8
2026-07-06,rems-murr-kreis,Kraftfahrzeugtechnikermeister/in/Bachelor Professional im Kraftfahrzeugtechniker-Handwerk,8
2026-07-06,rems-murr-kreis,"Helfer/in - Malerei, Lackiererei",8
2026-07-06,rems-murr-kreis,Industriereiniger/in (Gebäudereinigung),8
2026-07-06,rems-murr-kreis,Werkzeugmacher/in,8
2026-07-06,rems-murr-kreis,Sekretär/in,8
2026-07-06,rems-murr-kreis,Fahrer/in - Personenbeförderung,8
2026-07-06,rems-murr-kreis,Rechtsanwaltsfachangestellte/r,8
2026-07-06,rems-murr-kreis,Wartungs- und Servicetechniker/in - Maschinenbau,8
2026-07-06,rems-murr-kreis,WIG-Schweißer/in,8
2026-07-06,rems-murr-kreis,Architekt/in,7
2026-07-06,rems-murr-kreis,Wirtschaftsingenieur/in,7
2026-07-06,rems-murr-kreis,Helfer/in - stationäre Krankenpflege,7
2026-07-06,rems-murr-kreis,Verkäufer/in - Nahrungsmittelhandwerk,7
2026-07-06,rems-murr-kreis,Servicetechniker/in - IT,7
2026-07-06,rems-murr-kreis,Geprüfte Schutz- und Sicherheitskraft (IHK),7
2026-07-06,rems-murr-kreis,Empfangsmitarbeiter/in (Hotel),7
2026-07-06,rems-murr-kreis,Dachdecker/in,7
2026-07-06,rems-murr-kreis,Zahnmedizinische/r Prophylaxeassistent/in,7
2026-07-06,rems-murr-kreis,Hauswart/in/Haustechniker/in,7
2026-07-06,rems-murr-kreis,Betriebswirt/in (Hochschule) - Personalmanagement,7
2026-07-06,rems-murr-kreis,Assistenzarzt/-ärztin,7
2026-07-06,rems-murr-kreis,Verfahrensmechaniker/in - Kunststoff- und Kautschuktechnik (mit Schwerpunkten),7
2026-07-06,rems-murr-kreis,Rollladen- und Sonnenschutzmechatroniker/in,6
2026-07-06,rems-murr-kreis,Feinmechaniker/in - Feingerätebau,6
2026-07-06,rems-murr-kreis,Fachverkäufer/in - Nahrungsmittelhandwerk (Bäckerei/Konditorei),6
2026-07-06,rems-murr-kreis,Bäcker/in,6
2026-07-06,rems-murr-kreis,Technische/r Einkäufer/in,6
2026-07-06,rems-murr-kreis,Logistiker/in,6
2026-07-06,rems-murr-kreis,Empfangskraft,6
2026-07-06,rems-murr-kreis,Verwaltungsfachangestellte/r - Kommunalverwaltung,6
2026-07-06,rems-murr-kreis,Medizinisch-technische/r Radiologieassistent/in,6
2026-07-06,rems-murr-kreis,Fachberater/in - Bau- und Heimwerkermärkte,6
2026-07-06,rems-murr-kreis,Kartenverkäufer/in,6
2026-07-06,rems-murr-kreis,Glaser/in - Fenster- und Glasfassadenbau,6
2026-07-06,rems-murr-kreis,Automobilmechaniker/in,6
2026-07-06,rems-murr-kreis,"Helfer/in - Büro, Verwaltung",6
2026-07-06,rems-murr-kreis,Klempner/in,6
2026-07-06,rems-murr-kreis,Verfahrensmechaniker/in - Beschichtungstechnik,6
2026-07-06,rems-murr-kreis,Fachkraft - Qualitätssicherung/-management,6
2026-07-06,rems-murr-kreis,Facility-Manager/in,6
2026-07-06,rems-murr-kreis,Tiefbaufacharbeiter/in (ohne Angabe des Schwerpunkts),6
2026-07-06,rems-murr-kreis,Ingenieur/in - Automatisierungstechnik,6
2026-07-06,rems-murr-kreis,Karosseriebauer/in,6
2026-07-06,rems-murr-kreis,Sachbearbeiter/in - Einkauf,5
2026-07-06,rems-murr-kreis,Elektroniker/in - Automatisierungs- und Systemtechnik,5
2026-07-06,rems-murr-kreis,Bauelektriker/in,5
2026-07-06,rems-murr-kreis,Lackierer/in - Holz und Metall,5
2026-07-06,rems-murr-kreis,Konditor/in,5
2026-07-06,rems-murr-kreis,"Fliesen-, Platten- und Mosaikleger/in",5
2026-07-06,rems-murr-kreis,Vertriebsingenieur/in,5
2026-07-06,rems-murr-kreis,Helfer/in - Ausbau,5
2026-07-06,rems-murr-kreis,Verfahrensmechaniker/in - Kunststoff- und Kautschuktechnik - Formteile,5
2026-07-06,rems-murr-kreis,Trockenbaumonteur/in,5
2026-07-06,rems-murr-kreis,Qualitätsmanager/in,5
2026-07-06,rems-murr-kreis,Disponent/in - Lager,5
2026-07-06,rems-murr-kreis,Fleischer/in,5
2026-07-06,rems-murr-kreis,Schleifer/in,5
2026-07-06,rems-murr-kreis,Abfüller/in,5
2026-07-06,rems-murr-kreis,Kaufmann/-frau - Groß- und Außenhandel (Großhandel),5
2026-07-06,rems-murr-kreis,Fachkraft - Logistik/Materialwirtschaft,5
2026-07-06,rems-murr-kreis,"Helfer/in - Metallerzeugung, Gießerei",5
2026-07-06,rems-murr-kreis,Augenoptiker/in,5
2026-07-06,rems-murr-kreis,Servicefahrer/in,5
2026-07-06,rems-murr-kreis,Küchenchef/in,5
2026-07-06,rems-murr-kreis,Verfahrensmechaniker/in - Kunststoff- und Kautschuktechnik - Bauteile,5
2026-07-06,rems-murr-kreis,Helfer/in - Hochbau,5
2026-07-06,rems-murr-kreis,Facharzt/-ärztin - Allgemeinmedizin (Hausarzt/-ärztin),5
2026-07-06,rems-murr-kreis,Projektassistent/in,5
2026-07-06,rems-murr-kreis,Finanzwirt/in,5
2026-07-06,rems-murr-kreis,Helfer/in - Ver- und Entsorgung,5
2026-07-06,rems-murr-kreis,Anästhesietechnische/r Assistent/in,5
2026-07-06,rems-murr-kreis,Fachkraft - Kreislauf- und Abfallwirtschaft,5
2026-07-06,rems-murr-kreis,Baumaschinenführer/in,5
2026-07-06,rems-murr-kreis,Disponent/in - Güterverkehr,5
2026-07-06,rems-murr-kreis,Jurist/in,5
2026-07-06,rems-murr-kreis,Promoter/in,5
2026-07-06,rems-murr-kreis,Helfer/in - Metalloberflächenbearbeitung,5
2026-07-06,rems-murr-kreis,Vertriebstechniker/in,5
2026-07-06,rems-murr-kreis,Fachwirt/in - Steuer,5
2026-07-06,rems-murr-kreis,Account-Manager/in,5
2026-07-06,rems-murr-kreis,Fachkraft - Lagerwirtschaft,5
2026-07-06,rems-murr-kreis,Sicherheitsmitarbeiter/in,5
2026-07-06,rems-murr-kreis,Zahnarzt/-ärztin,5
2026-07-06,rems-murr-kreis,Friseurmeister/in/Bachelor Professional im Friseur-Handwerk,5
2026-07-06,rems-murr-kreis,Beton- und Stahlbetonbauer/in,5
2026-07-06,rems-murr-kreis,Beikoch/-köchin,5
2026-07-06,rems-murr-kreis,Helfer/in - Tiefbau,5
2026-07-06,rems-murr-kreis,Medientechnologe/-technologin Druck,4
2026-07-06,rems-murr-kreis,Kunststoff-Formgeber/in,4
2026-07-06,rems-murr-kreis,Kaufmann/-frau - Groß- und Außenhandel (Außenhandel),4
2026-07-06,rems-murr-kreis,Qualitätssicherungstechniker/in,4
2026-07-06,rems-murr-kreis,Holzbearbeitungsmechaniker/in,4
2026-07-06,rems-murr-kreis,Baugeräteführer/in,4
2026-07-06,rems-murr-kreis,Fachkrankenpfleger/in - Nephrologie,4
2026-07-06,rems-murr-kreis,IT-Berater/in,4
2026-07-06,rems-murr-kreis,Fachkraft - Gastronomie,4
2026-07-06,rems-murr-kreis,Metallbauer/in - Anlagen- und Fördertechnik,4
2026-07-06,rems-murr-kreis,Büfettkraft,4
2026-07-06,rems-murr-kreis,Ingenieur/in - Versorgungstechnik,4
2026-07-06,rems-murr-kreis,"Helfer/in - Holz, Flechtwaren",4
2026-07-06,rems-murr-kreis,Fachkraft - Metalltechnik - Montagetechnik,4
2026-07-06,rems-murr-kreis,Callcenteragent/in,4
2026-07-06,rems-murr-kreis,Marketingfachkraft/-assistent/in,4
2026-07-06,rems-murr-kreis,Content-Manager/in,4
2026-07-06,rems-murr-kreis,Maschinen- und Anlagenführer/in - Lebensmitteltechnik,4
2026-07-06,rems-murr-kreis,Automobil-Serviceberater/in,4
2026-07-06,rems-murr-kreis,"Kundenberater/in (Bank, Sparkasse)",4
2026-07-06,rems-murr-kreis,Rechtsanwalt/Rechtsanwältin,4
2026-07-06,rems-murr-kreis,Inbetriebnahmetechniker/in - Elektrotechnik,4
2026-07-06,rems-murr-kreis,Pädagoge/Pädagogin,4
2026-07-06,rems-murr-kreis,Mechaniker/in - Karosserieinstandhaltungstechnik,4
2026-07-06,rems-murr-kreis,Facharzt/-ärztin - Innere Medizin,4
2026-07-06,rems-murr-kreis,Fachverkäufer/in - Kraftfahrzeuge,4
2026-07-06,rems-murr-kreis,Assistent/in - Logistik,4
2026-07-06,rems-murr-kreis,Dreher/in,4
2026-07-06,rems-murr-kreis,Nachtwache - Pflege,4
2026-07-06,rems-murr-kreis,CNC-Schleifer/in,4
2026-07-06,rems-murr-kreis,Straßenbauer/in,4
2026-07-06,rems-murr-kreis,"Fachverkäufer/in - Textilien, Bekleidung",4
2026-07-06,rems-murr-kreis,Sozialassistent/in,4
2026-07-06,rems-murr-kreis,Spezialitätenkoch/-köchin,4
2026-07-06,rems-murr-kreis,Gärtnermeister/in - Garten- und Landschaftsbau,4
2026-07-06,rems-murr-kreis,Instandhaltungstechniker/in,4
2026-07-06,rems-murr-kreis,Tischlermeister/in/Bachelor Professional im Tischler-Handwerk,4
2026-07-06,rems-murr-kreis,Fachkraft - Mechatronik,4
2026-07-06,rems-murr-kreis,Bautischler/in,4
2026-07-06,rems-murr-kreis,Tiermedizinische/r Fachangestellte/r,4
2026-07-06,rems-murr-kreis,Pflegefachmann/-frau (Gesundheits- und Kinderkrankenpflege),4
2026-07-06,rems-murr-kreis,Kundendienstberater/in,4
2026-07-06,rems-murr-kreis,Schweißer/in - Konstruktionstechnik,4
2026-07-06,rems-murr-kreis,Pharmazeutisch-technische/r Assistent/in,4
2026-07-06,rems-murr-kreis,"Gruppen-, Teamleiter/in",4
2026-07-06,rems-murr-kreis,Berufsspezialist/in - Vertrieb,4
2026-07-06,rems-murr-kreis,Pflegeassistent/in (Gesundheits- und Krankenpflege),4
2026-07-06,rems-murr-kreis,Helfer/in - Gartenbau,4
2026-07-06,rems-murr-kreis,Helfer/in - Altenpflege/Persönliche Assistenz,4
2026-07-06,rems-murr-kreis,Arzt/Ärztin,4
2026-07-06,rems-murr-kreis,Werkstattleiter/in,4
2026-07-06,rems-murr-kreis,Helfer/in - Friseurgewerbe,4
2026-07-06,rems-murr-kreis,Masseur/in und medizinische/r Bademeister/in,4
2026-07-06,rems-murr-kreis,Kinderpflegehelfer/in,3
2026-07-06,rems-murr-kreis,Techniker/in - Elektrotechnik (ohne Schwerpunkt)/Bachelor Professional in Technik,3
2026-07-06,rems-murr-kreis,Ingenieur/in - Kunststofftechnik,3
2026-07-06,rems-murr-kreis,Industriemechaniker/in - Geräte- und Feinwerktechnik,3
2026-07-06,rems-murr-kreis,Fahrlehrer/in,3
2026-07-06,rems-murr-kreis,Busfahrer/in,3
2026-07-06,rems-murr-kreis,Konstrukteur/in - Maschinen-/Anlagentechnik,3
2026-07-06,rems-murr-kreis,Bauwerksabdichter/in,3
2026-07-06,rems-murr-kreis,Niederlassungsleiter/in,3
2026-07-06,rems-murr-kreis,Objektleiter/in (Gebäudereinigung),3
2026-07-06,rems-murr-kreis,Pflegeassistent/in,3
2026-07-06,rems-murr-kreis,Glasfasermonteur/in,3
2026-07-06,rems-murr-kreis,Polier/in - Tiefbau,3
2026-07-06,rems-murr-kreis,Vorarbeiter/in - Tiefbau,3
2026-07-06,rems-murr-kreis,Helfer/in - Chemie- und Pharmatechnik,3
2026-07-06,rems-murr-kreis,IT-Projektkoordinator/in,3
2026-07-06,rems-murr-kreis,Event-Manager/in,3
2026-07-06,rems-murr-kreis,Vorarbeiter/in - Reinigung,3
2026-07-06,rems-murr-kreis,Fachkraft - Metalltechnik - Zerspanungstechnik,3
2026-07-06,rems-murr-kreis,Nachhaltigkeitsmanager/in,3
2026-07-06,rems-murr-kreis,Lehrer/in/Dozent/in - Erwachsenenbildung,3
2026-07-06,rems-murr-kreis,Technische/r Zeichner/in - Elektrotechnik,3
2026-07-06,rems-murr-kreis,Kraftfahrzeugelektriker/in,3
2026-07-06,rems-murr-kreis,Fachlehrkraft - Förderschulen,3
2026-07-06,rems-murr-kreis,Supply-Chain-Manager/in,3
2026-07-06,rems-murr-kreis,Techniker/in - Bautechnik (ohne Schwerpunkt)/Bachelor Professional in Technik,3
2026-07-06,rems-murr-kreis,Berater/in - Immobilienfinanzierung,3
2026-07-06,rems-murr-kreis,Facharzt/-ärztin - Anästhesiologie,3
2026-07-06,rems-murr-kreis,"Fachkraft - Rohr-, Kanal- und Industrieservice",3
2026-07-06,rems-murr-kreis,Maler- und Lackierermeister/in/Bachelor Professional im Maler- und Lackierer-Handwerk,3
2026-07-06,rems-murr-kreis,Garten-/Landschaftsgestalter/in,3
2026-07-06,rems-murr-kreis,Biologisch-technische/r Assistent/in,3
2026-07-06,rems-murr-kreis,Kinderkrankenschwester/-pfleger,3
2026-07-06,rems-murr-kreis,Psychologe/Psychologin,3
2026-07-06,rems-murr-kreis,Sporttherapeut/in,3
2026-07-06,rems-murr-kreis,"Helfer/in - Klempnerei, Installation",3
2026-07-06,rems-murr-kreis,Servicetechniker/in - Sicherheits-/Alarmanlagen,3
2026-07-06,rems-murr-kreis,Chemielaborant/in,3
2026-07-06,rems-murr-kreis,Personalberater/in,3
2026-07-06,rems-murr-kreis,Managementassistent/in,3
2026-07-06,rems-murr-kreis,Unternehmensberater/in,3
2026-07-06,rems-murr-kreis,Kindergartenleiter/in,3
2026-07-06,rems-murr-kreis,IT-Kundenbetreuer/in,3
2026-07-06,rems-murr-kreis,Zimmerermeister/in/Bachelor Professional im Zimmerer-Handwerk,3
2026-07-06,rems-murr-kreis,Schilder- und Lichtreklamehersteller/in,3
2026-07-06,rems-murr-kreis,Wirtschaftsinformatiker/in (Hochschule),3
2026-07-06,rems-murr-kreis,Helfer/in - Druck,3
2026-07-06,rems-murr-kreis,Fachkraft - Gastronomie (Restaurantservice),3
2026-07-06,rems-murr-kreis,Elektroniker/in - Gebäude- und Infrastruktursysteme,3
2026-07-06,rems-murr-kreis,Qualitätsingenieur/in,3
2026-07-06,rems-murr-kreis,IT-Vertriebsbeauftragte/r,3
2026-07-06,rems-murr-kreis,Einrichtungsfachberater/in/Bachelor Professional in Wirtschaft,3
2026-07-06,rems-murr-kreis,Fachmann/-frau - Systemgastronomie,3
2026-07-06,rems-murr-kreis,Kinderbetreuer/in,3
2026-07-06,rems-murr-kreis,Maler/in und Tapezierer/in,3
2026-07-06,rems-murr-kreis,MAG-Schweißer/in,3
2026-07-06,rems-murr-kreis,Maurer/in,3
2026-07-06,rems-murr-kreis,Rohrleitungsbauer/in,3
2026-07-06,rems-murr-kreis,Tiefbaufacharbeiter/in - Straßenbauarbeiten,3
2026-07-06,rems-murr-kreis,Personaldienstleistungskaufmann/-frau,3
2026-07-06,rems-murr-kreis,Praxisanleiter/in - Pflegeberufe,3
2026-07-06,rems-murr-kreis,Recruiter/in,3
2026-07-06,rems-murr-kreis,Rettungshelfer/in,3
2026-07-06,rems-murr-kreis,Telefonist/in,3
2026-07-06,rems-murr-kreis,Mechaniker/in - Land- und Baumaschinentechnik,3
2026-07-06,rems-murr-kreis,Vermessungstechniker/in - Vermessung,3
2026-07-06,rems-murr-kreis,Hörakustiker/in,3
2026-07-06,rems-murr-kreis,Apotheker/in,3
2026-07-06,rems-murr-kreis,E-Commerce-Manager/in,3
2026-07-06,rems-murr-kreis,Techniker/in - Elektrotechnik (Energietechnik)/Bachelor Professional in Technik,3
2026-07-06,rems-murr-kreis,Holzmechaniker/in - Möbelbau und Innenausbau,3
2026-07-06,rems-murr-kreis,IT-System-Elektroniker/in,3
2026-07-06,rems-murr-kreis,Dentalhygieniker/in,3
2026-07-06,rems-murr-kreis,Kunststoff- und Kautschuktechnologe/-technologin - Bauteile,3
2026-07-06,rems-murr-kreis,SPS-Fachkraft,2
2026-07-06,rems-murr-kreis,Berufsspezialist/in - Haushaltsführung und Familienbetreuung (Dorfhelfer/in),2
2026-07-06,rems-murr-kreis,Fachkraft - Marketing/Verkauf/Vertrieb,2
2026-07-06,rems-murr-kreis,IT-Manager/in,2
2026-07-06,rems-murr-kreis,Konstruktionsmechaniker/in - Schweißtechnik,2
2026-07-06,rems-murr-kreis,Techniker/in - Maschinentechnik (ohne Schwerpunkt)/Bachelor Professional in Technik,2
2026-07-06,rems-murr-kreis,Ingenieur/in - Verfahrenstechnik,2
2026-07-06,rems-murr-kreis,Industriemeister/in - Elektrotechnik,2
2026-07-06,rems-murr-kreis,Techniker/in - Elektrotechnik (Informations- und Kommunikationstechnik)/Bachelor Professional in Technik,2
2026-07-06,rems-murr-kreis,Fachkinderkrankenpfleger/in - Intensivpflege/Anästhesie,2
2026-07-06,rems-murr-kreis,Technische/r Zeichner/in - Maschinen- und Anlagentechnik,2
2026-07-06,rems-murr-kreis,Elektroniker/in - Informations- und Telekommunikationstechnik,2
2026-07-06,rems-murr-kreis,Schulbegleiter/in,2
2026-07-06,rems-murr-kreis,Stadt- und Regionalplaner/in,2
2026-07-06,rems-murr-kreis,Kommunikationselektroniker/in - Informationstechnik,2
2026-07-06,rems-murr-kreis,Kaufmann/-frau - Einzelhandel (Sportartikel),2
2026-07-06,rems-murr-kreis,"Maschinen-, Anlagen- und Behälterreiniger/in",2
2026-07-06,rems-murr-kreis,Drucker/in - Digitaldruck,2
2026-07-06,rems-murr-kreis,Bestattungsfachkraft,2
2026-07-06,rems-murr-kreis,Chefarzt/-ärztin,2
2026-07-06,rems-murr-kreis,Mechatroniker/in - Kältetechnik,2
2026-07-06,rems-murr-kreis,Key-Account-Manager/in,2
2026-07-06,rems-murr-kreis,Notfallsanitäter/in,2
2026-07-06,rems-murr-kreis,Netzwerk-Servicetechniker/in,2
2026-07-06,rems-murr-kreis,Objektverwalter/in (Immobilien),2
2026-07-06,rems-murr-kreis,Operationstechnische/r Angestellte/r,2
2026-07-06,rems-murr-kreis,Sport- und Fitnesskaufmann/-frau,2
2026-07-06,rems-murr-kreis,Wirtschafter/in - Hauswirtschaft/Bachelor Professional in Agrarwirtschaft,2
2026-07-06,rems-murr-kreis,Berufstrainer/in - Sport,2
2026-07-06,rems-murr-kreis,Karosserie- und Fahrzeugbaumechaniker/in - Fahrzeugbautechnik,2
2026-07-06,rems-murr-kreis,Energieelektroniker/in - Anlagentechnik,2
2026-07-06,rems-murr-kreis,Pizzabäcker/in,2
2026-07-06,rems-murr-kreis,Binnenschiffer/in,2
2026-07-06,rems-murr-kreis,Fachkraft - Sozialarbeit,2
2026-07-06,rems-murr-kreis,Kraftfahrzeugmechatroniker/in - Karosserietechnik,2
2026-07-06,rems-murr-kreis,Bauzeichner/in,2
2026-07-06,rems-murr-kreis,Leiter/in - Gastronomiebetrieb,2
2026-07-06,rems-murr-kreis,Berufseinstiegsbegleiter/in,2
2026-07-06,rems-murr-kreis,Steinmetz/in und Steinbildhauer/in - Denkmalpflege,2
2026-07-06,rems-murr-kreis,Arzthelfer/in,2
2026-07-06,rems-murr-kreis,Techniker/in - Maschinentechnik (Fertigungstechnik)/Bachelor Professional in Technik,2
2026-07-06,rems-murr-kreis,Betriebswirt/in (Fachschule) - Projektmanagement,2
2026-07-06,rems-murr-kreis,Konstrukteur/in - Elektrotechnik,2
2026-07-06,rems-murr-kreis,Medizinische/r Technologe/Technologin - Radiologie,2
2026-07-06,rems-murr-kreis,Arbeitserzieher/in,2
2026-07-06,rems-murr-kreis,Fachkaufmann/-frau - Vertrieb,2
2026-07-06,rems-murr-kreis,Messtechniker/in (Energietechnik),2
2026-07-06,rems-murr-kreis,Betriebstechniker/in,2
2026-07-06,rems-murr-kreis,Medizinisch-technische/r Laboratoriumsassistent/in,2
2026-07-06,rems-murr-kreis,Bereichsleiter/in,2
2026-07-06,rems-murr-kreis,Heilpädagoge/-pädagogin,2
2026-07-06,rems-murr-kreis,Tierarzt/-ärztin - Haus- und Heimtiere,2
2026-07-06,rems-murr-kreis,Pflegepädagoge/-pädagogin,2
2026-07-06,rems-murr-kreis,Kunststoffspritzer/in,2
2026-07-06,rems-murr-kreis,Testfahrer/in,2
2026-07-06,rems-murr-kreis,Fahrzeugpfleger/in,2
2026-07-06,rems-murr-kreis,Konstruktionsmechaniker/in - Feinblechbautechnik,2
2026-07-06,rems-murr-kreis,Leiter/in - Immobilienmanagement,2
2026-07-06,rems-murr-kreis,Schichtführer/in,2
2026-07-06,rems-murr-kreis,Kindheitspädagoge/-pädagogin,2
2026-07-06,rems-murr-kreis,Hauswirtschafter/in - Personenbetreuende Dienstleistungen,2
2026-07-06,rems-murr-kreis,EDV-Sachbearbeiter/in,2
2026-07-06,rems-murr-kreis,Berufsspezialist/in - ambulante medizinische Versorgung,2
2026-07-06,rems-murr-kreis,Servicetechniker/in - Land- und Baumaschinen,2
2026-07-06,rems-murr-kreis,Gießereimechaniker/in,2
2026-07-06,rems-murr-kreis,Verkehrsplaner/in,2
2026-07-06,rems-murr-kreis,Leiter/in - Betriebliche Instandhaltung,2
2026-07-06,rems-murr-kreis,Fachkraft - Arbeitssicherheit,2
2026-07-06,rems-murr-kreis,Fachverkäufer/in - Nahrungsmittelhandwerk (Fleischerei),2
2026-07-06,rems-murr-kreis,Ingenieur/in - Umweltschutz/Umwelttechnik,2
2026-07-06,rems-murr-kreis,Verkehrsbauingenieur/in,2
2026-07-06,rems-murr-kreis,Strahlenschutzfachkraft,2
2026-07-06,rems-murr-kreis,Baggerführer/in,2
2026-07-06,rems-murr-kreis,Designer/in (Ausbildung) - Grafik,2
2026-07-06,rems-murr-kreis,Wirtschaftsinformatiker/in - IT-Systeme,2
2026-07-06,rems-murr-kreis,IT-Sicherheitskoordinator/in,2
2026-07-06,rems-murr-kreis,Ingenieur/in - Service/Instandhaltung,2
2026-07-06,rems-murr-kreis,Bodenleger/in,2
2026-07-06,rems-murr-kreis,Fuhrparkleiter/in,2
2026-07-06,rems-murr-kreis,Inbetriebnahmetechniker/in - Energietechnik,2
2026-07-06,rems-murr-kreis,Fachanwalt/-anwältin,2
2026-07-06,rems-murr-kreis,Industriemechaniker/in - Betriebstechnik,2
2026-07-06,rems-murr-kreis,Landmaschinenmechaniker/in,2
2026-07-06,rems-murr-kreis,Tankwagenfahrer/in,2
2026-07-06,rems-murr-kreis,Helfer/in - Textilherstellung,2
2026-07-06,rems-murr-kreis,First-Level-Supporter/in,2
2026-07-06,rems-murr-kreis,Fachwirt/in - Facility-Management,2
2026-07-06,rems-murr-kreis,Karosserie- und Fahrzeugbaumechaniker/in - Caravan- und Reisemobiltechnik,2
2026-07-06,rems-murr-kreis,Anlagenmechaniker/in - Schweißtechnik,2
2026-07-06,rems-murr-kreis,Facharzt/-ärztin - Arbeitsmedizin,2
2026-07-06,rems-murr-kreis,Feinwerkmechaniker/in - Werkzeugbau,2
2026-07-06,rems-murr-kreis,Kaufmann/-frau - Gesundheitswesen,2
2026-07-06,rems-murr-kreis,Elektromechaniker/in,2
2026-07-06,rems-murr-kreis,"Fachkraft - Möbel-, Küchen- und Umzugsservice",2
2026-07-06,rems-murr-kreis,Cyber-Security-Consultant,2
2026-07-06,rems-murr-kreis,Betriebswirt/in (Hochschule) - Steuern und Prüfungswesen,2
2026-07-06,rems-murr-kreis,Industriemechaniker/in - Produktionstechnik,2
2026-07-06,rems-murr-kreis,Holzmechaniker/in - Montieren von Innenausbauten und Bauelementen,2
2026-07-06,rems-murr-kreis,Beamter/Beamtin - Allgemeine Innere Verwaltung (gehobener nichttechnischer Dienst),2
2026-07-06,rems-murr-kreis,Fachverkäufer/in - Nahrungsmittel,2
2026-07-06,rems-murr-kreis,Hotelfachmann/-frau,2
2026-07-06,rems-murr-kreis,Werkzeugmechaniker/in - Formentechnik,2
2026-07-06,rems-murr-kreis,Meister/in - Veranstaltungstechnik (Beleuchtung),2
2026-07-06,rems-murr-kreis,Kosmetiker/in,2
2026-07-06,rems-murr-kreis,Onlinemarketing-Manager/in,2
2026-07-06,rems-murr-kreis,Elektromaschinenbauer/in,2
2026-07-06,rems-murr-kreis,Testingenieur/in,2
2026-07-06,rems-murr-kreis,Ingenieur/in - Erneuerbare Energien,2
2026-07-06,rems-murr-kreis,IT-Produktkoordinator/in,2
2026-07-06,rems-murr-kreis,Baureiniger/in (Gebäudereinigung),2
2026-07-06,rems-murr-kreis,Kraftfahrzeug-Servicetechniker/in,2
2026-07-06,rems-murr-kreis,Fachkraft - Veranstaltungstechnik (mit Schwerpunkten),2
2026-07-06,rems-murr-kreis,Betriebswirt/in (Hochschule) - Marketing,2
2026-07-06,rems-murr-kreis,HR Business Partner,2
2026-07-06,rems-murr-kreis,Verkaufsleiter/in im Lebensmittelhandwerk,2
2026-07-06,rems-murr-kreis,Klinische Kodierfachkraft,2
2026-07-06,rems-murr-kreis,Gerüstbauer/in,2
2026-07-06,rems-murr-kreis,Elektroniker/in - Prüffeld,2
2026-07-06,rems-murr-kreis,Kreditsachbearbeiter/in,2
2026-07-06,rems-murr-kreis,Betriebswirt/in - allgemeine Betriebswirtschaft,2
2026-07-06,rems-murr-kreis,Innenarchitekt/in,2
2026-07-06,rems-murr-kreis,Warenannehmer/in,2
2026-07-06,rems-murr-kreis,Zweiradmechaniker/in - Motorradtechnik,2
2026-07-06,rems-murr-kreis,Konstrukteur/in,2
2026-07-06,rems-murr-kreis,Tourismuskaufmann/-frau (Privat- und Geschäftsreisen),2
2026-07-06,rems-murr-kreis,Stationsleiter/in - Kranken-/Alten-/Kinderkrankenpflege,2
2026-07-06,rems-murr-kreis,IT-Tester/in,2
2026-07-06,rems-murr-kreis,Pferdewirt/in (mit Schwerpunkten),2
2026-07-06,rems-murr-kreis,Beamter/Beamtin - Wehrverwaltung (mittlerer nichttechnischer Dienst),2
2026-07-06,rems-murr-kreis,Volkswirt/in,2
2026-07-06,rems-murr-kreis,Fachkraft - Demontage,2
2026-07-06,rems-murr-kreis,Medizinprodukteberater/in,2
2026-07-06,rems-murr-kreis,Techniker/in - Bekleidungstechnik/Bachelor Professional in Technik,2
2026-07-06,rems-murr-kreis,Physiotherapeut/in (Sportphysiotherapie),2
2026-07-06,rems-murr-kreis,Spielhallenaufsicht,2
2026-07-06,rems-murr-kreis,Haushälter/in (Privathaushalt),2
2026-07-06,rems-murr-kreis,Küchenplaner/in,2
2026-07-06,rems-murr-kreis,Immobilienmakler/in,2
2026-07-06,rems-murr-kreis,Sicherheitstechniker/in (IT),2
2026-07-06,rems-murr-kreis,Betriebswirt/in (Hochschule) - Immobilien,2
2026-07-06,rems-murr-kreis,Elektroniker/in - Automatisierungstechnik (Handwerk),2
2026-07-06,rems-murr-kreis,Technische/r Zeichner/in - Heizungs-/Klima-/Sanitärtechnik,2
2026-07-06,rems-murr-kreis,Fachkaufmann/-frau - Büromanagement,2
2026-07-06,rems-murr-kreis,Fachpflegekraft - Psychiatrie,2
2026-07-06,rems-murr-kreis,Application-Engineer/-Manager/in,2
2026-07-06,rems-murr-kreis,Kraftfahrzeugmechatroniker/in - Nutzfahrzeugtechnik,2
2026-07-06,rems-murr-kreis,Technische/r Systemplaner/in - Elektrotechnische Systeme,2
2026-07-06,rems-murr-kreis,Glasreiniger/in,2
2026-07-06,rems-murr-kreis,Jugendreferent/in,2
2026-07-06,rems-murr-kreis,Land- und Baumaschinenmechatroniker/in,2
2026-07-06,rems-murr-kreis,Land- und Baumaschinenmechatronikermeister/in/Bachelor Professional im Land- und Baumaschinenmechatroniker-Handwerk,2
2026-07-06,rems-murr-kreis,Florist/in,2
2026-07-06,rems-murr-kreis,Podologe/Podologin,2
2026-07-06,rems-murr-kreis,CAD-Fachkraft - Elektrotechnik,2
2026-07-06,rems-murr-kreis,Fachwirt/in - Marktforschung,2
2026-07-06,rems-murr-kreis,Helfer/in - Farb- und Lacktechnik,2
2026-07-06,rems-murr-kreis,"Fliesen-, Platten- und Mosaiklegermeister/in/Bachelor Professional im Fliesen-, Platten- und Mosaikleger-Handwerk",2
2026-07-06,rems-murr-kreis,Haus- und Familienpfleger/in,2
2026-07-06,rems-murr-kreis,Brandschutzfachkraft (Brandschutzmonteur/in),2
2026-07-06,rems-murr-kreis,Steinmetz/in und Steinbildhauer/in - Steinmetzarbeiten,2
2026-07-06,rems-murr-kreis,Schwimmlehrer/in,2
2026-07-06,rems-murr-kreis,Technische/r Systemplaner/in - Versorgungs- und Ausrüstungstechnik,2
2026-07-06,rems-murr-kreis,Polsterer/Polsterin,2
2026-07-06,rems-murr-kreis,Stuckateurmeister/in/Bachelor Professional im Stuckateur-Handwerk,2
2026-07-06,rems-murr-kreis,Karosserie- und Fahrzeugbauer/in - Fahrzeugbau,2
2026-07-06,rems-murr-kreis,Fertigungsmechaniker/in,2
2026-07-06,rems-murr-kreis,CRM-Manager/in,2
2026-07-06,rems-murr-kreis,Kaufmann/-frau - Versicherungen und Finanzanlagen,2
2026-07-06,rems-murr-kreis,Fachkrankenpfleger/in - Onkologie,2
2026-07-06,rems-murr-kreis,Empfangschef/in (Hotel),2
2026-07-06,rems-murr-kreis,Fachkraft - Schutz und Sicherheit,2
2026-07-06,rems-murr-kreis,Gerätezusammensetzer/in,2
2026-07-06,rems-murr-kreis,Heilerziehungspfleger/in - Rehabilitation,1
2026-07-06,rems-murr-kreis,Elektroniker/in - Maschinen und Antriebstechnik (BBiG),1
2026-07-06,rems-murr-kreis,Produktionstechnologe/-technologin,1
2026-07-06,rems-murr-kreis,Produktionsingenieur/in,1
2026-07-06,rems-murr-kreis,Zerspanungsmechaniker/in - Drehtechnik,1
2026-07-06,rems-murr-kreis,Leiter/in - Engineering,1
2026-07-06,rems-murr-kreis,Techniker/in - Maschinentechnik (Verfahrenstechnik)/Bachelor Professional in Technik,1
2026-07-06,rems-murr-kreis,Techniker/in - Feinwerktechnik/Bachelor Professional in Technik,1
2026-07-06,rems-murr-kreis,Techniker/in - Mikrosystemtechnik,1
2026-07-06,rems-murr-kreis,Klebfachingenieur/in,1
2026-07-06,rems-murr-kreis,Embedded-Systems-Entwickler/in,1
2026-07-06,rems-murr-kreis,Feinoptiker/in,1
2026-07-06,rems-murr-kreis,Coach / Supervisor/in,1
2026-07-06,rems-murr-kreis,Uhrmacher/in,1
2026-07-06,rems-murr-kreis,Mikrotechnologe/-technologin,1
2026-07-06,rems-murr-kreis,Jobcoach,1
2026-07-06,rems-murr-kreis,Betriebswirt/in (Fachschule) - Kommunikation und Büromanagement/Bachelor Professional in Wirtschaft,1
2026-07-06,rems-murr-kreis,Kommunikationselektroniker/in - Telekommunikationstechnik,1
2026-07-06,rems-murr-kreis,Feinwerkmechaniker/in - Feinmechanik,1
2026-07-06,rems-murr-kreis,Inbetriebnahmetechniker/in - Maschinenbau,1
2026-07-06,rems-murr-kreis,Facharzt/-ärztin - Augenheilkunde,1
2026-07-06,rems-murr-kreis,Kraftfahrzeugmechatroniker/in - Motorradtechnik,1
2026-07-06,rems-murr-kreis,DevOps Engineer,1
2026-07-06,rems-murr-kreis,Systemelektroniker/in,1
2026-07-06,rems-murr-kreis,Betriebswirt/in (Hochschule) - Dienstleistungsmanagement,1
2026-07-06,rems-murr-kreis,Zweiradmechaniker/in - Fahrradtechnik,1
2026-07-06,rems-murr-kreis,"Fachverkäufer/in - Kfz-Zubehör, Reifen",1
2026-07-06,rems-murr-kreis,Straßenbauingenieur/in,1
2026-07-06,rems-murr-kreis,Buchbinder/in,1
2026-07-06,rems-murr-kreis,Betriebsgärtner/in,1
2026-07-06,rems-murr-kreis,Absatz- und Werbewirtschaftler/in,1
2026-07-06,rems-murr-kreis,EDV-Fachkraft,1
2026-07-06,rems-murr-kreis,Gärtner/in - Zierpflanzenbau,1
2026-07-06,rems-murr-kreis,Solarmonteur/in,1
2026-07-06,rems-murr-kreis,Fachmann/-frau - Restaurants und Veranstaltungsgastronomie,1
2026-07-06,rems-murr-kreis,Leiter/in - Supply-Chain-Management,1
2026-07-06,rems-murr-kreis,Geoinformatiker/in,1
2026-07-06,rems-murr-kreis,Master of Business Administration,1
2026-07-06,rems-murr-kreis,Hauswirtschafter/in - Serviceorientierte Dienstleistungen,1
2026-07-06,rems-murr-kreis,Facharzt/-ärztin - Innere Medizin und Endokrinologie und Diabetologie,1
2026-07-06,rems-murr-kreis,Physiker/in,1
2026-07-06,rems-murr-kreis,Hotelkaufmann/-frau,1
2026-07-06,rems-murr-kreis,Reklamationssachbearbeiter/in,1
2026-07-06,rems-murr-kreis,Heizungs-/Sanitärkaufmann/-frau (Handel),1
2026-07-06,rems-murr-kreis,Zugführer/in,1
2026-07-06,rems-murr-kreis,Techniker/in - Gebäudesystemtechnik/Bachelor Professional in Technik,1
2026-07-06,rems-murr-kreis,Konstrukteur/in - Karosserie-/Fahrzeugbautechnik,1
2026-07-06,rems-murr-kreis,Fitnesstrainer/in,1
2026-07-06,rems-murr-kreis,Facharzt/-ärztin - Gefäßchirurgie,1
2026-07-06,rems-murr-kreis,Mediendesigner/in,1
2026-07-06,rems-murr-kreis,Fachkraft - Gebäudetechnik,1
2026-07-06,rems-murr-kreis,Techniker/in - Galvanotechnik/Bachelor Professional in Technik,1
2026-07-06,rems-murr-kreis,Oberflächenbeschichter/in,1
2026-07-06,rems-murr-kreis,Lehrer/in - Förderschulen,1
2026-07-06,rems-murr-kreis,Elektroniker/in - Maschinen und Antriebstechnik (Ausbildung bis 2021),1
2026-07-06,rems-murr-kreis,Galvaniseur/in,1
2026-07-06,rems-murr-kreis,Kunsthandwerker/in,1
2026-07-06,rems-murr-kreis,Entwicklungstechniker/in,1
2026-07-06,rems-murr-kreis,Vorarbeiter/in - Maler- und Lackiererarbeiten,1
2026-07-06,rems-murr-kreis,Installateur- und Heizungsbauermeister/in/Bachelor Professional im Installateur- und Heizungsbauer-Handwerk,1
2026-07-06,rems-murr-kreis,Spezialist/in - Industrie 4.0,1
2026-07-06,rems-murr-kreis,Betriebsleiter/in - Hotel und Gaststätten/Bachelor Professional in Hauswirtschaft,1
2026-07-06,rems-murr-kreis,Fräser/in,1
2026-07-06,rems-murr-kreis,Kantinenleiter/in,1
2026-07-06,rems-murr-kreis,Kaufmännische/r Assistent/in/Wirtschaftsassistent/in - E-Business Management,1
2026-07-06,rems-murr-kreis,Steinmetz- und Steinbildhauermeister/in/Bachelor Professional im Steinmetz- und Steinbildhauer-Handwerk,1
2026-07-06,rems-murr-kreis,Fachkraft - Veranstaltungstechnik,1
2026-07-06,rems-murr-kreis,Verwaltungsfachangestellte/r - Kirchenverwaltung - evangelische Kirche,1
2026-07-06,rems-murr-kreis,Techniker/in - Farb- und Lacktechnik (Anwendungs- und Betriebstechnik),1
2026-07-06,rems-murr-kreis,Fachwirt/in - Marketing/Bachelor Professional in Marketing,1
2026-07-06,rems-murr-kreis,Stahl- und Metallbauingenieur/in,1
2026-07-06,rems-murr-kreis,Museumspädagoge/-pädagogin,1
2026-07-06,rems-murr-kreis,Techniker/in - Verfahrenstechnik/Bachelor Professional in Technik,1
2026-07-06,rems-murr-kreis,Fachkraft - innovative Fahrzeugaufbereitung,1
2026-07-06,rems-murr-kreis,Berufsspezialist/in - Ladeinfrastruktursysteme der Elektromobilität,1
2026-07-06,rems-murr-kreis,Fachkraft - Fruchtsafttechnik,1
2026-07-06,rems-murr-kreis,Eurokaufmann/-frau,1
2026-07-06,rems-murr-kreis,Produktionsmechaniker/in - Textil,1
2026-07-06,rems-murr-kreis,Servicefachkraft - Dialogmarketing,1
2026-07-06,rems-murr-kreis,Barista,1
2026-07-06,rems-murr-kreis,Kraftfahrzeugsachverständige/r,1
2026-07-06,rems-murr-kreis,Gleisbauer/in,1
2026-07-06,rems-murr-kreis,Fullstack-Entwickler/in,1
2026-07-06,rems-murr-kreis,Facharzt/-ärztin - Psychiatrie und Psychotherapie,1
2026-07-06,rems-murr-kreis,Data Engineer,1
2026-07-06,rems-murr-kreis,Techniker/in - Informatik (Nachhaltige Digitalisierung)/Bachelor Professional in Technik,1
2026-07-06,rems-murr-kreis,Bauwerksmechaniker/in für Abbruch und Betontrenntechnik,1
2026-07-06,rems-murr-kreis,Fachinformatiker/in - Digitale Vernetzung,1
2026-07-06,rems-murr-kreis,Facharzt/-ärztin - Orthopädie und Unfallchirurgie,1
2026-07-06,rems-murr-kreis,Fachkraft - Kindertageseinrichtungen,1
2026-07-06,rems-murr-kreis,Sekretär/in - Gesundheitswesen,1
2026-07-06,rems-murr-kreis,Fachwirt/in - Musik,1
2026-07-06,rems-murr-kreis,Fachkraft - Lebensmitteltechnik,1
2026-07-06,rems-murr-kreis,Kaufmännische/r Geschäftsführer/in,1
2026-07-06,rems-murr-kreis,CAD-Fachkraft - Maschinenbau,1
2026-07-06,rems-murr-kreis,Medieninformatiker/in,1
2026-07-06,rems-murr-kreis,Vorarbeiter/in - Ver- und Entsorgung,1
2026-07-06,rems-murr-kreis,Brennschneider/in,1
2026-07-06,rems-murr-kreis,Ambulante/r Pfleger/in,1
2026-07-06,rems-murr-kreis,Lacklaborant/in,1
2026-07-06,rems-murr-kreis,Ingenieur/in - technische Gebäudeausrüstung,1
2026-07-06,rems-murr-kreis,Brunnenbautechniker/in,1
2026-07-06,rems-murr-kreis,Betriebswirt/in (Fachschule) - Controlling/Bachelor Professional in Wirtschaft,1
2026-07-06,rems-murr-kreis,Buchbindermeister/in/Bachelor Professional im Buchbinder-Handwerk,1
2026-07-06,rems-murr-kreis,Polier/in - Hochbau,1
2026-07-06,rems-murr-kreis,Produktmanager/in,1
2026-07-06,rems-murr-kreis,Helfer/in - Landwirtschaft,1
2026-07-06,rems-murr-kreis,Reifenmonteur/in,1
2026-07-06,rems-murr-kreis,Kiosk-/Imbissverkäufer/in,1
2026-07-06,rems-murr-kreis,Wirtschaftsjurist/in,1
2026-07-06,rems-murr-kreis,Ingenieur/in - Architektur,1
2026-07-06,rems-murr-kreis,Schweißer/in - Fahrzeugbau,1
2026-07-06,rems-murr-kreis,Immobilienkaufmann/-frau,1
2026-07-06,rems-murr-kreis,Fachkaufmann/-frau - Verwaltung von Wohnungseigentum,1
2026-07-06,rems-murr-kreis,Blitzschutzmonteur/in,1
2026-07-06,rems-murr-kreis,Web Developer,1
2026-07-06,rems-murr-kreis,Kälteanlagenbauer/in,1
2026-07-06,rems-murr-kreis,Techniker/in - Zerspanungstechnik/Bachelor Professional in Technik,1
2026-07-06,rems-murr-kreis,Art-Director,1
2026-07-06,rems-murr-kreis,Teilezurichter/in,1
2026-07-06,rems-murr-kreis,Metallbauer/in - Metallgestaltung,1
2026-07-06,rems-murr-kreis,Facharzt/-ärztin - Laboratoriumsmedizin,1
2026-07-06,rems-murr-kreis,Medienmanager/in,1
2026-07-06,rems-murr-kreis,Campaigner/in,1
2026-07-06,rems-murr-kreis,Kraftfahrzeugführer/in - Ver- und Entsorgung,1
2026-07-06,rems-murr-kreis,Schadensregulierer/in (Versicherung),1
2026-07-06,rems-murr-kreis,Employer-Branding-Manager/in,1
2026-07-06,rems-murr-kreis,Fachverkäufer/in - Sanitätsfachhandel,1
2026-07-06,rems-murr-kreis,Dachdecker/in und Bauklempner/in,1
2026-07-06,rems-murr-kreis,Fachkraft - Gastronomie (Systemgastronomie),1
2026-07-06,rems-murr-kreis,Pädagogische/r Assistent/in,1
2026-07-06,rems-murr-kreis,Ingenieur/in - Wasserwirtschaft,1
2026-07-06,rems-murr-kreis,Rechtsanwaltsgehilfe/-gehilfin,1
2026-07-06,rems-murr-kreis,Gärtner/in - Staudengärtnerei,1
2026-07-06,rems-murr-kreis,Zählerableser/in,1
2026-07-06,rems-murr-kreis,Sonderpädagoge/-pädagogin (Fachschule),1
2026-07-06,rems-murr-kreis,Lehrer/in - berufliche Schulen,1
2026-07-06,rems-murr-kreis,Betriebswirt/in (Hochschule) - Bank und Finanzdienstleistungen,1
2026-07-06,rems-murr-kreis,Blechverarbeitungstechniker/in,1
2026-07-06,rems-murr-kreis,Außendienstleiter/in (Versicherung),1
2026-07-06,rems-murr-kreis,Datenbankentwickler/in,1
2026-07-06,rems-murr-kreis,Leiter/in - Projekt-/Programmmanagement,1
2026-07-06,rems-murr-kreis,Compliance-Manager/in,1
2026-07-06,rems-murr-kreis,Versicherungssachbearbeiter/in,1
2026-07-06,rems-murr-kreis,IT-Compliance-Consultant,1
2026-07-06,rems-murr-kreis,"Ingenieur/in - Robotik, Autonome Systeme",1
2026-07-06,rems-murr-kreis,Funkstellenleiter/in (Rettungsleitstelle),1
2026-07-06,rems-murr-kreis,Fachangestellte/r - Arbeitsmarktdienstleistungen,1
2026-07-06,rems-murr-kreis,Betriebswirt/in (Hochschule) - Logistik,1
2026-07-06,rems-murr-kreis,Konstrukteur/in - Werkzeugmaschinenbau/Formentechnik,1
2026-07-06,rems-murr-kreis,Textilreiniger/in,1
2026-07-06,rems-murr-kreis,Karosserie- und Fahrzeugbaumechaniker/in - Karosserie- und Fahrzeugbautechnik,1
2026-07-06,rems-murr-kreis,Autor/in / Schriftsteller/in,1
2026-07-06,rems-murr-kreis,Fachkaufmann/-frau - Personal,1
2026-07-06,rems-murr-kreis,Webdesigner/in,1
2026-07-06,rems-murr-kreis,Fachbauleiter/in - Tischlerhandwerk,1
2026-07-06,rems-murr-kreis,Mediengestalter/in Digital und Print - Gestaltung und Technik,1
2026-07-06,rems-murr-kreis,Technische/r Fachwirt/in,1
2026-07-06,rems-murr-kreis,Parkettleger/in,1
2026-07-06,rems-murr-kreis,Leiter/in - Logistik,1
2026-07-06,rems-murr-kreis,Werkpolier/in - Tiefbau,1
2026-07-06,rems-murr-kreis,Verwaltungsleiter/in (Krankenhaus),1
2026-07-06,rems-murr-kreis,Ingenieur/in - technische Informatik,1
2026-07-06,rems-murr-kreis,Arbeitsmedizinische/r Assistent/in,1
2026-07-06,rems-murr-kreis,Zahntechnische Hilfskraft,1
2026-07-06,rems-murr-kreis,Medientechnologe/-technologin Druckverarbeitung,1
2026-07-06,rems-murr-kreis,Leiter/in - Altenpflegeeinrichtung,1
2026-07-06,rems-murr-kreis,Fachkraft - Automatisierungstechnik,1
2026-07-06,rems-murr-kreis,Netzwerkadministrator/in,1
2026-07-06,rems-murr-kreis,"Ausbaufacharbeiter/in - Fliesen-, Platten- und Mosaikarbeiten",1
2026-07-06,rems-murr-kreis,Kommunikationswissenschaftler/in,1
2026-07-06,rems-murr-kreis,Flachdachdecker/in,1
2026-07-06,rems-murr-kreis,Geomatiker/in,1
2026-07-06,rems-murr-kreis,Technische/r Assistent/in - Bautechnik,1
2026-07-06,rems-murr-kreis,Ingenieur/in - Baustoffe,1
2026-07-06,rems-murr-kreis,Anwendungsberater/in,1
2026-07-06,rems-murr-kreis,"Barmixer/in, Barkeeper/in",1
2026-07-06,rems-murr-kreis,Assistent/in - Produktionsleitung,1
2026-07-06,rems-murr-kreis,Pflegefachmann/-frau (Hochschule),1
2026-07-06,rems-murr-kreis,Medizinische/r Dokumentationsassistent/in,1
2026-07-06,rems-murr-kreis,Krankenschwester/-pfleger,1
2026-07-06,rems-murr-kreis,Social-Media-Manager/in,1
2026-07-06,rems-murr-kreis,Karosserie- und Fahrzeugbauer/in - Karosseriebau,1
2026-07-06,rems-murr-kreis,Medientechniker/in (Kommunikationselektronik),1
2026-07-06,rems-murr-kreis,IT-System-Kaufmann/-frau,1
2026-07-06,rems-murr-kreis,Textil- und Modenäher/in,1
2026-07-06,rems-murr-kreis,Kaufmann/-frau - Digitalisierungsmanagement,1
2026-07-06,rems-murr-kreis,Feinpolierer/in,1
2026-07-06,rems-murr-kreis,Revenue-Manager/in,1
2026-07-06,rems-murr-kreis,Fachkraft - Metalltechnik - Konstruktionstechnik,1
2026-07-06,rems-murr-kreis,Fachkraft - Trockenbau,1
2026-07-06,rems-murr-kreis,Präzisionswerkzeugmechaniker/in - Zerspanwerkzeuge,1
2026-07-06,rems-murr-kreis,Maschinen- und Anlagenführer/in - Druckweiter- und Papierverarbeitung,1
2026-07-06,rems-murr-kreis,Betriebswirt/in (Fachschule) - Produktionswirtschaft/Bachelor Professional in Wirtschaft,1
2026-07-06,rems-murr-kreis,Vertriebscontroller/in,1
2026-07-06,rems-murr-kreis,Schienenfahrzeugführer/in,1
2026-07-06,rems-murr-kreis,Dachdeckermeister/in/Bachelor Professional im Dachdecker-Handwerk,1
2026-07-06,rems-murr-kreis,Techniker/in - Bautechnik (Baubetrieb),1
2026-07-06,rems-murr-kreis,Betriebswirt/in (Fachschule) - Personalwirtschaft/Bachelor Professional in Wirtschaft,1
2026-07-06,rems-murr-kreis,Leiter/in - Materialwirtschaft,1
2026-07-06,rems-murr-kreis,Meister/in - Lagerwirtschaft,1
2026-07-06,rems-murr-kreis,Innendienstleiter/in,1
2026-07-06,rems-murr-kreis,Techniker/in - Kunststoff- und Kautschuktechnik/Bachelor Professional in Technik,1
2026-07-06,rems-murr-kreis,Tierpfleger/in - Zoo,1
2026-07-06,rems-murr-kreis,Pharmazeut/in,1
2026-07-06,rems-murr-kreis,Kunsttherapeut/in,1
2026-07-06,rems-murr-kreis,Zentralheizungs- und Lüftungsbauer/in,1
2026-07-06,rems-murr-kreis,Hauswirtschaftliche/r Betriebsleiter/in/Bachelor Professional in Wirtschaft,1
2026-07-06,rems-murr-kreis,Verwaltungswissenschaftler/in,1
2026-07-06,rems-murr-kreis,Verwaltungsjurist/in,1
2026-07-06,rems-murr-kreis,Raumausstatter/in - Boden,1
2026-07-06,rems-murr-kreis,Leiter/in - Verkauf (Handel),1
2026-07-06,rems-murr-kreis,Schweißfachingenieur/in,1
2026-07-06,rems-murr-kreis,Auftragsleiter/in,1
2026-07-06,rems-murr-kreis,Techniker/in - Holztechnik (Holzbau),1
2026-07-06,rems-murr-kreis,Messebauer/in,1
2026-07-06,rems-murr-kreis,Pferdewirt/in - Klassische Reitausbildung,1
2026-07-06,rems-murr-kreis,Diabetesberater/in,1
2026-07-06,rems-murr-kreis,Betriebswirt/in (Fachschule) - Handel,1
2026-07-06,rems-murr-kreis,"Kaufmann/-frau - Einzelhandel (Kraftfahrzeuge, Teile und Zubehör)",1
2026-07-06,rems-murr-kreis,Zerspanungsmechaniker/in - Automaten-Drehtechnik,1
2026-07-06,rems-murr-kreis,Änderungsschneider/in,1
2026-07-06,rems-murr-kreis,Assistent/in - Personalwesen,1
2026-07-06,rems-murr-kreis,Fachkraft - Sprachförderung,1
2026-07-06,rems-murr-kreis,Techniker/in - Metallbautechnik (Gebäudetechnik)/Bachelor Professional in Technik,1
2026-07-06,rems-murr-kreis,Botenfahrer/in,1
2026-07-06,rems-murr-kreis,Fachassistent/in Digitalisierung und IT-Prozesse,1
2026-07-06,rems-murr-kreis,"Techniker/in - Heizungs-, Lüftungs-, Klimatechnik/Bachelor Professional in Technik",1
2026-07-06,rems-murr-kreis,Lerntherapeut/in,1
2026-07-06,rems-murr-kreis,Kraftfahrzeugservicemechaniker/in,1
2026-07-06,rems-murr-kreis,Bezirksleiter/in,1
2026-07-06,rems-murr-kreis,Facharzt/-ärztin - Neurologie,1
2026-07-06,rems-murr-kreis,Statiker/in,1
2026-07-06,rems-murr-kreis,Assistent/in - Beschaffungswesen,1
2026-07-06,rems-murr-kreis,Leiter/in - Vertrieb,1
2026-07-06,rems-murr-kreis,Verfahrenstechnologe/-technologin Metall - Nichteisenmetallumformung,1
2026-07-06,rems-murr-kreis,ERP-Organisator/in,1
2026-07-06,rems-murr-kreis,Helfer/in - Lebensmittelherstellung,1
2026-07-06,rems-murr-kreis,Fachkaufmann/-frau - Einkauf und Logistik,1
2026-07-06,rems-murr-kreis,"Schnitt-, Entwurfs- und Fertigungsmodelleur/-direktrice",1
2026-07-06,rems-murr-kreis,Elektroniker/in - Maschinen und Antriebstechnik (HwO),1
2026-07-06,rems-murr-kreis,Verwaltungsfachangestellte/r - Bundesverwaltung,1
2026-07-06,rems-murr-kreis,Betriebsingenieur/in,1
2026-07-06,rems-murr-kreis,Beamter/Beamtin - Eichwesen (gehobener technischer Dienst),1
2026-07-06,rems-murr-kreis,Beamter/Beamtin - Eichwesen (mittlerer technischer Dienst),1
2026-07-06,rems-murr-kreis,Isolierfacharbeiter/in,1
2026-07-06,rems-murr-kreis,Fachkaufmann/-frau - Geschäfts- und Finanzbuchführung,1
2026-07-06,rems-murr-kreis,Übungsleiter/in - Breitensport,1
2026-07-06,rems-murr-kreis,Fachverkäufer/in - Spielwaren,1
2026-07-06,rems-murr-kreis,Betriebswirt/in (Fachschule) - Finanzen und Investment/Bachelor Professional in Wirtschaft,1
2026-07-06,rems-murr-kreis,Dekontreiniger/in,1
2026-07-06,rems-murr-kreis,Geschäftsführer/in,1
2026-07-06,rems-murr-kreis,Bibliothekar/in,1
2026-07-06,rems-murr-kreis,Kontrolleur/in - Feuerlöscher,1
2026-07-06,rems-murr-kreis,Wundmanager/in,1
2026-07-06,rems-murr-kreis,Bürogehilf(e/in),1
2026-07-06,rems-murr-kreis,Forschungsreferent/in,1
2026-07-06,rems-murr-kreis,Ingenieur/in - Mechatronik,1
2026-07-06,rems-murr-kreis,Fachkraft - Straßen- und Verkehrstechnik,1
2026-07-06,rems-murr-kreis,Maschinenbaumechaniker/in,1
2026-07-06,rems-murr-kreis,Sozialversicherungsfachangestellte/r - Unfallversicherung,1
2026-07-06,rems-murr-kreis,Ingenieur/in - Holztechnik,1
2026-07-06,rems-murr-kreis,Schweißwerkmeister/in,1
2026-07-06,rems-murr-kreis,Beamter/Beamtin - Kommunalverwaltung (gehobener nichttechnischer Dienst),1
2026-07-06,rems-murr-kreis,Maler/in und Lackierer/in - Ausbautechnik und Oberflächengestaltung,1
2026-07-06,rems-murr-kreis,Bankkaufmann/-frau,1
2026-07-06,rems-murr-kreis,Techniker/in - Bautechnik (Hochbau)/Bachelor Professional in Technik,1
2026-07-06,rems-murr-kreis,Wirtschaftsprüfer/in,1
2026-07-06,rems-murr-kreis,Notarfachangestellte/r,1
2026-07-06,rems-murr-kreis,"Vorarbeiter/in - Sanitär-, Heizungs- und Klimatechnik",1
2026-07-06,rems-murr-kreis,Industriemeister/in - Metall (Automobilindustrie),1
2026-07-06,rems-murr-kreis,Kaufmann/-frau - Groß- und Außenhandelsmanagement (Großhandel),1
2026-07-06,rems-murr-kreis,Brandschutzfachkraft,1
2026-07-06,rems-murr-kreis,Sozialwissenschaftler/in,1
2026-07-06,rems-murr-kreis,Flexodrucker/in,1
2026-07-06,rems-murr-kreis,Logistikmeister/in,1
2026-07-06,rems-murr-kreis,Bachelor Professional - Künstliche Intelligenz und Maschinelles Lernen,1
2026-07-06,rems-murr-kreis,Business-Intelligence-Consultant,1
2026-07-06,rems-murr-kreis,IT-Organisator/in,1
2026-07-06,rems-murr-kreis,Ingenieur/in - Gießereitechnik,1
2026-07-06,rems-murr-kreis,Technische/r Redakteur/in,1
2026-07-06,rems-murr-kreis,Biologe/Biologin,1
2026-07-06,rems-murr-kreis,Betriebsleiter/in - technisch,1
2026-07-06,rems-murr-kreis,Betriebswirt/in (Fachschule) - Marketingkommunikation/Bachelor Professional in Wirtschaft,1
2026-07-06,rems-murr-kreis,Ingenieur/in - Verkehrswesen,1
2026-07-06,rems-murr-kreis,Schädlingsbekämpfer/in,1
2026-07-06,rems-murr-kreis,Rechtsanwalts- und Notarfachangestellte/r,1
2026-07-06,rems-murr-kreis,Zahnmedizinische/r Verwaltungsassistent/in,1
2026-07-06,rems-murr-kreis,Anwendungsprogrammierer/in,1
2026-07-06,rems-murr-kreis,Pädagogische Fachkraft - Grundschulkindbetreuung,1
2026-07-06,rems-murr-kreis,Fachgehilf(e/in) - steuer- und wirtschaftsberatende Berufe,1
2026-07-06,rems-murr-kreis,Ingenieur/in - Optoelektronik,1
2026-07-06,rems-murr-kreis,Klimaschutzmanager/in,1
2026-07-06,rems-murr-kreis,Ingenieur/in - Chemietechnik,1
2026-07-06,rems-murr-kreis,Bildungsreferent/in,1
2026-07-06,rems-murr-kreis,Bezirksnotar/in,1
2026-07-06,rems-murr-kreis,Patentanwaltsfachangestellte/r,1
2026-07-06,rems-murr-kreis,Eisenbahner/in - Betriebsdienst - Fahrweg,1
2026-07-06,rems-murr-kreis,Packmitteltechnologe/-technologin,1
2026-07-06,rems-murr-kreis,Fertighausmonteur/in,1
2026-07-06,rems-murr-kreis,Ingenieur/in - Batterietechnik,1
2026-07-06,rems-murr-kreis,Facharzt/-ärztin - Radiologie,1
2026-07-06,rems-murr-kreis,Vorarbeiter/in - Fahrzeuglackierung,1
2026-07-06,rems-murr-kreis,Technische/r Modellbauer/in - Karosserie und Produktion,1
2026-07-06,rems-murr-kreis,Bau- und Projektkaufmann/-frau,1
2026-07-06,rems-murr-kreis,Wassermeister/in,1
2026-07-06,rems-murr-kreis,Leiter/in - Einkauf,1
2026-07-06,rems-murr-kreis,"Fachkraft - Kurier-, Express- und Postdienstleistungen",1
2026-07-06,rems-murr-kreis,Rettungssanitäter/in,1
2026-07-06,rems-murr-kreis,Personalentwickler/in,1
2026-07-06,rems-murr-kreis,Verzinker/in,1
2026-07-06,rems-murr-kreis,Ingenieur/in - Energietechnik,1
2026-07-06,rems-murr-kreis,Verwaltungsangestellte/r - gehobener Dienst,1
2026-07-06,rems-murr-kreis,Bauklempner/in,1
2026-07-06,rems-murr-kreis,Biologielaborant/in,1
2026-07-06,rems-murr-kreis,Wissenschaftliche/r Mitarbeiter/in,1
2026-07-06,rems-murr-kreis,General Manager/in (Hotellerie),1
2026-07-06,rems-murr-kreis,SEO-Manager/in,1
2026-07-06,rems-murr-kreis,IT-Einkäufer/in,1
2026-07-06,rems-murr-kreis,Fahrzeugglaser/in,1
2026-07-06,rems-murr-kreis,Handelsfachpacker/in,1
2026-07-06,rems-murr-kreis,Werkzeugingenieur/in,1
2026-07-06,rems-murr-kreis,Operations Manager/in,1
2026-07-06,rems-murr-kreis,Fachkinderkrankenpfleger/in - Psychiatrie,1
2026-07-06,rems-murr-kreis,Leiter/in - Lagerwirtschaft,1
2026-07-06,rems-murr-kreis,Ausbilder/in - Erste Hilfe,1
2026-07-06,rems-murr-kreis,Lehrer/in (Uni) - Gesamtschulen,1
2026-07-06,rems-murr-kreis,Kaufmann/-frau - Einzelhandel (Küchenhandel),1
2026-07-06,rems-murr-kreis,Metallschleifer/in,1
2026-07-06,rems-murr-kreis,Fleischer/in - Schlachten,1
2026-07-06,rems-murr-kreis,Fachverkäufer/in - Elektro/Sanitär/Heizung/Installation,1
2026-07-06,rems-murr-kreis,Kalkulator/in,1
2026-07-06,rems-murr-kreis,Hundefriseur/in,1
2026-07-06,rems-murr-kreis,Oberarzt/-ärztin,1
2026-07-06,rems-murr-kreis,Leiter/in - Produktion/Fertigung,1
2026-07-06,rems-murr-kreis,Leiter/in - Finanz- und Rechnungswesen,1
2026-07-06,rems-murr-kreis,Versicherungskaufmann/-frau,1
2026-07-06,rems-murr-kreis,Technische/r Produktdesigner/in (ohne Fachrichtungen),1
2026-07-06,rems-murr-kreis,Kabeljungwerker/in,1
2026-07-06,rems-murr-kreis,ERP-Systembetreuer/in,1
2026-07-06,rems-murr-kreis,Operator/in (EDV),1
2026-07-06,rems-murr-kreis,Kaufmann/-frau - E-Commerce,1
2026-07-06,rems-murr-kreis,Metallbauermeister/in/Bachelor Professional im Metallbauer-Handwerk,1
2026-07-06,rems-murr-kreis,Assistent/in - Gesundheits- und Sozialwesen,1
2026-07-06,rems-murr-kreis,Edelsteinschleifer/in (ohne Fachrichtungen),1
2026-07-06,rems-murr-kreis,Konstrukteur/in - Steuerungs- und Automatisierungstechnik,1
2026-07-06,rems-murr-kreis,Lehrkraft - Schulen im Gesundheitswesen,1
2026-07-06,rems-murr-kreis,Helfer/in - Textilverarbeitung,1
2026-07-06,rems-murr-kreis,Werbe- und Medienvorlagenhersteller/in - Gestaltung,1
2026-07-06,rems-murr-kreis,UX-Designer/in,1
2026-07-06,rems-murr-kreis,Verkaufsaufsicht,1
2026-07-06,rems-murr-kreis,Fachassistent/in - Hirnleistungstraining,1
2026-07-06,rems-murr-kreis,Tiefbauingenieur/in,1
2026-07-06,rems-murr-kreis,Karosserie- und Fahrzeugbauermeister/in/Bachelor Professional im Karosserie- und Fahrzeugbauer-Handwerk,1
2026-07-06,rems-murr-kreis,Ingenieur/in - Medientechnik/Multimedia,1
2026-07-06,rems-murr-kreis,"Berater/in - Bildung, Beruf und Beschäftigung",1
2026-07-06,rems-murr-kreis,Ingenieur/in - Gebäudetechnik/Facility-Management,1
2026-07-06,rems-murr-kreis,"Holzmechaniker/in - Möbel- und Gehäuseindustrie, Industrien des Innenausbaus und des Ladenbaus",1
2026-07-06,rems-murr-kreis,Kaufmann/-frau - Einzelhandel (Computer und DV-Produkte),1
2026-07-06,rems-murr-kreis,Großküchenkoch/-köchin,1
2026-07-06,rems-murr-kreis,Landwirt/in,1
2026-07-06,rems-murr-kreis,Tischler/in und Glaser/in,1
2026-07-06,rems-murr-kreis,Werkstoffprüfer/in - Metalltechnik,1
2026-07-06,rems-murr-kreis,Siebdrucker/in,1
2026-07-06,rems-murr-kreis,Leiter/in - Personal,1
2026-07-06,rems-murr-kreis,Hebamme,1
2026-07-06,rems-murr-kreis,Technische/r Fachkaufmann/-frau - Sanitär/Heizung/Klima,1
2026-07-06,rems-murr-kreis,Fachkraft - Pflegeassistenz,1
2026-07-06,rems-murr-kreis,Zugsteward/-stewardess,1
2026-07-06,rems-murr-kreis,Energiemanager/in,1
2026-07-06,rems-murr-kreis,SPS-Ingenieur/in,1
2026-07-06,rems-murr-kreis,Kinderdorfmutter/-vater,1
2026-07-06,rems-murr-kreis,Software-Architect,1
2026-07-06,rems-murr-kreis,Neuropsychologe/-psychologin,1
2026-07-06,rems-murr-kreis,Fachassistent/in Lohn und Gehalt,1
2026-07-06,rems-murr-kreis,Sozialversicherungsfachangestellte/r - allgemeine Krankenversicherung,1
2026-07-06,rems-murr-kreis,Medizinische/r Technologe/Technologin - Funktionsdiagnostik,1
2026-07-06,rems-murr-kreis,Pflegewissenschaftler/in,1
2026-07-06,rems-murr-kreis,Information-Architect,1
2026-07-06,rems-murr-kreis,Verfahrenstechnologe/-technologin - Mühlen- und Getreidewirtschaft - Agrarlager,1
2026-07-06,rems-murr-kreis,Betriebswirt/in (Hochschule) - Hotelmanagement,1
2026-07-06,rems-murr-kreis,ESG-Manager/in,1
2026-07-06,rems-murr-kreis,Betriebswirt/in (Fachschule) - Absatz/Marketing/Bachelor Professional in Wirtschaft,1
2026-07-06,rems-murr-kreis,Vermessungsingenieur/in,1
2026-07-06,rems-murr-kreis,Second-Level-Supporter/in,1
2026-07-06,rems-murr-kreis,Fachverkäufer/in - Zoobedarf und Heimtierverkauf,1
2026-07-06,rems-murr-kreis,Industriemeister/in - Metall (Produktionstechnik),1
2026-07-06,rems-murr-kreis,Hausdame/Housekeeper,1
2026-07-06,rems-murr-kreis,Fachplaner/in - Energie- und Gebäudetechnik,1
2026-07-06,rems-murr-kreis,Zweiradmechatroniker/in - Fahrradtechnik,1
2026-07-06,rems-murr-kreis,"Fachberater/in - Farben, Lacke und Kunststoffe",1
2026-07-06,rems-murr-kreis,Fachkrankenschwester/-pfleger - Endoskopie,1
2026-07-06,rems-murr-kreis,Tanzlehrer/in,1
2026-07-06,rems-murr-kreis,Gas- und Wasserinstallateur/in,1
2026-07-06,rems-murr-kreis,Ingenieur/in - Lüftungstechnik,1
2026-07-06,rems-murr-kreis,Hochbauingenieur/in,1
2026-07-06,rems-murr-kreis,Steuerbevollmächtigte/r,1
2026-07-06,rems-murr-kreis,Dokumentar/in,1
2026-07-06,rems-murr-kreis,Rettungsassistent/in,1
2026-07-06,rems-murr-kreis,Fachverkäufer/in - Lebensmittelhandwerk (Konditorei),1
2026-07-06,rems-murr-kreis,Techniker/in - Elektrotechnik (Automatisierungstechnik)/Bachelor Professional in Technik,1
2026-07-06,rems-murr-kreis,Leiter/in - Risikomanagement,1
2026-07-06,rems-murr-kreis,Hörakustikermeister/in/Bachelor Professional im Hörakustiker-Handwerk,1
2026-07-06,rems-murr-kreis,Orthopädietechnikermeister/in/Bachelor Professional im Orthopädietechniker-Handwerk,1
2026-07-06,rems-murr-kreis,"Kaufmann/-frau - Einzelhandel (Diät- und Reformwaren, Lebensmittel)",1
2026-07-06,rems-murr-kreis,Kundenberater/in - Tischlerhandwerk,1
2026-07-06,rems-murr-kreis,Eisenbahner/in - Betriebsdienst - Lokführer/in und Transport,1
2026-07-06,rems-murr-kreis,Zahnmedizinische/r Fachassistent/in,1
2026-07-06,rems-murr-kreis,Revisor/in,1
2026-07-06,rems-murr-kreis,Fachanwalt/-anwältin - Arbeitsrecht,1
2026-07-06,rems-murr-kreis,Schulleiter/in - allgemeinbildende Schulen,1
2026-07-06,rems-murr-kreis,Assistent/in - Wirtschaftsprüfung,1
2026-07-06,ostalbkreis,Verkäufer/in,211
2026-07-06,ostalbkreis,Gabelstaplerfahrer/in,170
2026-07-06,ostalbkreis,Industriemechaniker/in,125
2026-07-06,ostalbkreis,Helfer/in - Reinigung,113
2026-07-06,ostalbkreis,Zerspanungsmechaniker/in,111
2026-07-06,ostalbkreis,Maschinen- und Anlagenführer/in (ohne Angabe des Schwerpunkts),111
2026-07-06,ostalbkreis,Berufskraftfahrer/in,105
2026-07-06,ostalbkreis,"Helfer/in - Lagerwirtschaft, Transport",98
2026-07-06,ostalbkreis,Fachkraft - Lagerlogistik,97
2026-07-06,ostalbkreis,Helfer/in - Metallbearbeitung,90
2026-07-06,ostalbkreis,"Filialleiter/in, Verkaufsstellenleiter/in",81
2026-07-06,ostalbkreis,Lager- und Transportarbeiter/in,74
2026-07-06,ostalbkreis,Helfer/in - Verkauf,72
2026-07-06,ostalbkreis,Schweißer/in,62
2026-07-06,ostalbkreis,Montierer/in,58
2026-07-06,ostalbkreis,Mechatroniker/in,56
2026-07-06,ostalbkreis,Fachlagerist/in,55
2026-07-06,ostalbkreis,Elektroniker/in - Betriebstechnik,44
2026-07-06,ostalbkreis,Koch/Köchin,42
2026-07-06,ostalbkreis,Projektleiter/in,41
2026-07-06,ostalbkreis,Altenpfleger/in,41
2026-07-06,ostalbkreis,Medizinische/r Fachangestellte/r,40
2026-07-06,ostalbkreis,"Anlagenmechaniker/in - Sanitär-, Heizungs- und Klimatechnik",39
2026-07-06,ostalbkreis,Pflegefachmann/-frau (Altenpflege),39
2026-07-06,ostalbkreis,Elektroniker/in - Energie- und Gebäudetechnik,36
2026-07-06,ostalbkreis,Altenpflegehelfer/in,36
2026-07-06,ostalbkreis,Gesundheits- und Krankenpfleger/in,36
2026-07-06,ostalbkreis,Pflegefachmann/-frau (Gesundheits- und Krankenpflege),34
2026-07-06,ostalbkreis,Tischler/in,34
2026-07-06,ostalbkreis,Bürokaufmann/-frau,33
2026-07-06,ostalbkreis,Lackierer/in - Spritzlackierung,33
2026-07-06,ostalbkreis,Buchhalter/in,32
2026-07-06,ostalbkreis,"Maschinen- und Anlagenführer/in - Metall-, Kunststofftechnik",32
2026-07-06,ostalbkreis,Kaufmännische Fachkraft,31
2026-07-06,ostalbkreis,Fachverkäufer/in - Lebensmittelhandwerk (Bäckerei),31
2026-07-06,ostalbkreis,Industriekaufmann/-frau,30
2026-07-06,ostalbkreis,"Helfer/in - Holz, Flechtwaren",30
2026-07-06,ostalbkreis,Servicekraft - Gastronomie und Gastgewerbe,30
2026-07-06,ostalbkreis,Einkäufer/in,29
2026-07-06,ostalbkreis,Anlagenmechaniker/in,29
2026-07-06,ostalbkreis,CNC-Dreher/in,28
2026-07-06,ostalbkreis,Steuerfachangestellte/r,28
2026-07-06,ostalbkreis,Physiotherapeut/in,28
2026-07-06,ostalbkreis,Kaufmann/-frau - Büromanagement,27
2026-07-06,ostalbkreis,Kommissionierer/in,27
2026-07-06,ostalbkreis,Zahnmedizinische/r Fachangestellte/r,27
2026-07-06,ostalbkreis,Kraftfahrzeugmechatroniker/in - Personenkraftwagentechnik,27
2026-07-06,ostalbkreis,Friseur/in,27
2026-07-06,ostalbkreis,Betriebsschlosser/in,26
2026-07-06,ostalbkreis,Einzelhandelskaufmann/-frau,25
2026-07-06,ostalbkreis,Informatiker/in,25
2026-07-06,ostalbkreis,Außendienstmitarbeiter/in,24
2026-07-06,ostalbkreis,Konstruktionsmechaniker/in,23
2026-07-06,ostalbkreis,Helfer/in - Elektro,23
2026-07-06,ostalbkreis,Ingenieur/in - Maschinenbau,22
2026-07-06,ostalbkreis,Metallbearbeiter/in,22
2026-07-06,ostalbkreis,"Helfer/in - Kurier-, Zustell- und Postdienstleistungen",21
2026-07-06,ostalbkreis,Pflegefachmann/-frau (Ausbildung),21
2026-07-06,ostalbkreis,Softwareentwickler/in,21
2026-07-06,ostalbkreis,"Helfer/in - Kunststoff, Kautschuk",21
2026-07-06,ostalbkreis,Maler/in und Lackierer/in - Maler/in,21
2026-07-06,ostalbkreis,Elektroniker/in - Automatisierungstechnik,20
2026-07-06,ostalbkreis,CNC-Fachkraft/NC-Anwendungsfachmann/-frau,20
2026-07-06,ostalbkreis,Elektroinstallateur/in,20
2026-07-06,ostalbkreis,Metallbauer/in - Konstruktionstechnik,20
2026-07-06,ostalbkreis,CNC-Fräser/in,20
2026-07-06,ostalbkreis,"Helfer/in - Maschinenbau, Betriebstechnik",19
2026-07-06,ostalbkreis,MAG-Schweißer/in,19
2026-07-06,ostalbkreis,Finanzbuchhalter/in,19
2026-07-06,ostalbkreis,Zimmerer/Zimmerin,19
2026-07-06,ostalbkreis,Bauleiter/in,18
2026-07-06,ostalbkreis,Ingenieur/in - Elektrotechnik,18
2026-07-06,ostalbkreis,Forschungs- und Entwicklungsingenieur/in,18
2026-07-06,ostalbkreis,Fahrzeuglackierer/in,18
2026-07-06,ostalbkreis,Helfer/in - Küche,18
2026-07-06,ostalbkreis,Kraftfahrzeugmechaniker/in,18
2026-07-06,ostalbkreis,Kaufmann/-frau - Einzelhandel,17
2026-07-06,ostalbkreis,Vertriebsassistent/in,17
2026-07-06,ostalbkreis,Heilerziehungspfleger/in,17
2026-07-06,ostalbkreis,Physiker/in,16
2026-07-06,ostalbkreis,Fachverkäufer/in - Lebensmittelhandwerk (Fleischerei),16
2026-07-06,ostalbkreis,Kraftfahrzeugmechatroniker/in - Nutzfahrzeugtechnik,16
2026-07-06,ostalbkreis,Erzieher/in,15
2026-07-06,ostalbkreis,Betreuungskraft / Alltagsbegleiter/in,15
2026-07-06,ostalbkreis,Maurer/in,15
2026-07-06,ostalbkreis,Stuckateur/in,15
2026-07-06,ostalbkreis,Sozialarbeiter/in / Sozialpädagoge/-pädagogin,14
2026-07-06,ostalbkreis,Fachinformatiker/in - Systemintegration,14
2026-07-06,ostalbkreis,"Montagemechaniker/in, Anlagenmonteur/in",14
2026-07-06,ostalbkreis,Logopäde/Logopädin,14
2026-07-06,ostalbkreis,Gärtner/in - Garten- und Landschaftsbau,14
2026-07-06,ostalbkreis,Auslieferungsfahrer/in (nicht Verkaufsfahrer/in),14
2026-07-06,ostalbkreis,Hauswirtschafter/in,14
2026-07-06,ostalbkreis,Ingenieur/in - Bau,14
2026-07-06,ostalbkreis,Helfer/in - Lebensmittelherstellung,14
2026-07-06,ostalbkreis,Zerspanungsmechaniker/in - Frästechnik,13
2026-07-06,ostalbkreis,Hausmeister/in,13
2026-07-06,ostalbkreis,Operationstechnische/r Assistent/in,13
2026-07-06,ostalbkreis,Helfer/in - Metallbau,13
2026-07-06,ostalbkreis,Industrieelektriker/in - Betriebstechnik,13
2026-07-06,ostalbkreis,Ergotherapeut/in,13
2026-07-06,ostalbkreis,IT-Systemadministrator/in,13
2026-07-06,ostalbkreis,Helfer/in - Hauswirtschaft,13
2026-07-06,ostalbkreis,Elektroniker/in - Geräte und Systeme,12
2026-07-06,ostalbkreis,Arbeitsvorbereiter/in,12
2026-07-06,ostalbkreis,Sicherheitsmitarbeiter/in,12
2026-07-06,ostalbkreis,"Helfer/in - Papier, Verpackung",12
2026-07-06,ostalbkreis,Oberarzt/-ärztin,12
2026-07-06,ostalbkreis,Vertriebsberater/in,12
2026-07-06,ostalbkreis,Kassierer/in (Handel),11
2026-07-06,ostalbkreis,"Gruppen-, Teamleiter/in",11
2026-07-06,ostalbkreis,Steuerberater/in,11
2026-07-06,ostalbkreis,Sachbearbeiter/in - Einkauf,10
2026-07-06,ostalbkreis,Elektrofachkraft für festgelegte Tätigkeiten,10
2026-07-06,ostalbkreis,Qualitätskontrolleur/in,10
2026-07-06,ostalbkreis,Erzieher/in - Jugend- und Heimerziehung,10
2026-07-06,ostalbkreis,Fachkrankenpfleger/in - Intensivpflege/Anästhesie,10
2026-07-06,ostalbkreis,Ingenieur/in - Mechatronik,10
2026-07-06,ostalbkreis,Controller/in,10
2026-07-06,ostalbkreis,Bäcker/in,10
2026-07-06,ostalbkreis,Helfer/in - Altenpflege/Persönliche Assistenz,10
2026-07-06,ostalbkreis,Fachverkäufer/in - Kraftfahrzeuge,10
2026-07-06,ostalbkreis,"Helfer/in - Malerei, Lackiererei",10
2026-07-06,ostalbkreis,IT-Administrator/in,10
2026-07-06,ostalbkreis,Automobilkaufmann/-frau,10
2026-07-06,ostalbkreis,Verkäufer/in - Nahrungsmittelhandwerk,10
2026-07-06,ostalbkreis,Maler- und Lackierermeister/in/Bachelor Professional im Maler- und Lackierer-Handwerk,9
2026-07-06,ostalbkreis,Speditionskaufmann/-frau,9
2026-07-06,ostalbkreis,Logistiker/in,9
2026-07-06,ostalbkreis,Helfer/in - Ausbau,9
2026-07-06,ostalbkreis,Elektrotechnikermeister/in/Bachelor Professional im Elektrotechniker-Handwerk,9
2026-07-06,ostalbkreis,Helfer/in - Metalloberflächenbearbeitung,9
2026-07-06,ostalbkreis,Sales-Manager/in,8
2026-07-06,ostalbkreis,Industrieelektriker/in - Geräte und Systeme,8
2026-07-06,ostalbkreis,Maschineneinrichter/in (allgemein),8
2026-07-06,ostalbkreis,Fachkraft - Qualitätssicherung/-management,8
2026-07-06,ostalbkreis,Fachkraft - Logistik/Materialwirtschaft,8
2026-07-06,ostalbkreis,Recruiter/in,8
2026-07-06,ostalbkreis,Verfahrensmechaniker/in - Kunststoff- und Kautschuktechnik (mit Schwerpunkten),8
2026-07-06,ostalbkreis,Wirtschaftsingenieur/in,8
2026-07-06,ostalbkreis,Fachkraft - Brief- und Frachtverkehr,8
2026-07-06,ostalbkreis,Verkaufsaufsicht,8
2026-07-06,ostalbkreis,Fachkraft - Lagerwirtschaft,8
2026-07-06,ostalbkreis,Konstrukteur/in,8
2026-07-06,ostalbkreis,Zerspanungsmechaniker/in - Drehtechnik,8
2026-07-06,ostalbkreis,Gebäudereiniger/in,8
2026-07-06,ostalbkreis,Klempner/in,8
2026-07-06,ostalbkreis,Hotelfachmann/-frau,8
2026-07-06,ostalbkreis,Busfahrer/in,8
2026-07-06,ostalbkreis,Lackierer/in - Holz und Metall,7
2026-07-06,ostalbkreis,Restaurantfachmann/-frau,7
2026-07-06,ostalbkreis,Schleifer/in,7
2026-07-06,ostalbkreis,Rechtsanwaltsfachangestellte/r,7
2026-07-06,ostalbkreis,WIG-Schweißer/in,7
2026-07-06,ostalbkreis,Baugeräteführer/in,7
2026-07-06,ostalbkreis,Vertriebsingenieur/in,7
2026-07-06,ostalbkreis,Oberflächenbeschichter/in,7
2026-07-06,ostalbkreis,Helfer/in - Chemie- und Pharmatechnik,7
2026-07-06,ostalbkreis,Fleischer/in,7
2026-07-06,ostalbkreis,Automobilmechaniker/in,7
2026-07-06,ostalbkreis,Maler/in und Lackierer/in - Gestaltung und Instandhaltung,7
2026-07-06,ostalbkreis,Helfer/in - Gartenbau,7
2026-07-06,ostalbkreis,Maschinenzusammensetzer/in,7
2026-07-06,ostalbkreis,Verkaufsberater/in,7
2026-07-06,ostalbkreis,Kaufmann/-frau - Bürokommunikation,7
2026-07-06,ostalbkreis,Bauzeichner/in,6
2026-07-06,ostalbkreis,"Kundendienstmonteur/in, -techniker/in",6
2026-07-06,ostalbkreis,Fräser/in,6
2026-07-06,ostalbkreis,Lohn- und Gehaltsbuchhalter/in,6
2026-07-06,ostalbkreis,Bauelektriker/in,6
2026-07-06,ostalbkreis,Account-Manager/in,6
2026-07-06,ostalbkreis,Bankkaufmann/-frau,6
2026-07-06,ostalbkreis,Bilanzbuchhalter/in/Bachelor Professional in Bilanzbuchhaltung,6
2026-07-06,ostalbkreis,Beton- und Stahlbetonbauer/in,6
2026-07-06,ostalbkreis,ERP-Berater/in - ERP-Consultant,6
2026-07-06,ostalbkreis,Qualitätsmanager/in,6
2026-07-06,ostalbkreis,Augenoptikermeister/in/Bachelor Professional im Augenoptiker-Handwerk,6
2026-07-06,ostalbkreis,Schichtführer/in,6
2026-07-06,ostalbkreis,Fertigungsmechaniker/in,6
2026-07-06,ostalbkreis,Musikpädagoge/-pädagogin,6
2026-07-06,ostalbkreis,Galvaniseur/in,6
2026-07-06,ostalbkreis,Holzbearbeitungsmechaniker/in,6
2026-07-06,ostalbkreis,Zahntechniker/in,6
2026-07-06,ostalbkreis,Fachkraft - Gastronomie,6
2026-07-06,ostalbkreis,Verwaltungsfachangestellte/r - Kommunalverwaltung,6
2026-07-06,ostalbkreis,"Holzmechaniker/in - Bauelemente, Holzpackmittel und Rahmen",6
2026-07-06,ostalbkreis,Polier/in - Hochbau,6
2026-07-06,ostalbkreis,Helfer/in - Hochbau,6
2026-07-06,ostalbkreis,Pädagoge/Pädagogin,5
2026-07-06,ostalbkreis,Assistent/in - Personalwesen,5
2026-07-06,ostalbkreis,Bauklempner/in,5
2026-07-06,ostalbkreis,Karosserie- und Fahrzeugbauer/in - Fahrzeugbau,5
2026-07-06,ostalbkreis,Industriemechaniker/in - Maschinen- und Systemtechnik,5
2026-07-06,ostalbkreis,Karosserie- und Fahrzeugbauer/in - Karosseriebau,5
2026-07-06,ostalbkreis,Ingenieur/in - Luft- und Raumfahrttechnik,5
2026-07-06,ostalbkreis,Supply-Chain-Manager/in,5
2026-07-06,ostalbkreis,Assistenzarzt/-ärztin,5
2026-07-06,ostalbkreis,Zahnmedizinische/r Prophylaxeassistent/in,5
2026-07-06,ostalbkreis,SPS-Fachkraft,5
2026-07-06,ostalbkreis,Werkstoffprüfer/in - Metalltechnik,5
2026-07-06,ostalbkreis,Empfangsmitarbeiter/in (Hotel),5
2026-07-06,ostalbkreis,Metallbauer/in - Metallgestaltung,5
2026-07-06,ostalbkreis,Maschinen- und Anlagenführer/in - Textiltechnik (Weberei),5
2026-07-06,ostalbkreis,Personalsachbearbeiter/in,5
2026-07-06,ostalbkreis,Land- und Baumaschinenmechatroniker/in,5
2026-07-06,ostalbkreis,Kassenaufsicht (Handel),5
2026-07-06,ostalbkreis,Geprüfte Schutz- und Sicherheitskraft (IHK),5
2026-07-06,ostalbkreis,"Helfer/in - Klempnerei, Installation",5
2026-07-06,ostalbkreis,Kartenverkäufer/in,5
2026-07-06,ostalbkreis,Versicherungsberater/in,5
2026-07-06,ostalbkreis,Helfer/in - Gastgewerbe,5
2026-07-06,ostalbkreis,Industriemechaniker/in - Produktionstechnik,4
2026-07-06,ostalbkreis,Instandhaltungstechniker/in,4
2026-07-06,ostalbkreis,Sozialpädagogische/r Assistent/in / Kinderpfleger/in,4
2026-07-06,ostalbkreis,Heilerziehungspfleger/in - Rehabilitation,4
2026-07-06,ostalbkreis,Personalberater/in,4
2026-07-06,ostalbkreis,Product Owner,4
2026-07-06,ostalbkreis,Helfer/in - Hotel,4
2026-07-06,ostalbkreis,Metallbauer/in - Anlagen- und Fördertechnik,4
2026-07-06,ostalbkreis,Qualitätssicherungstechniker/in,4
2026-07-06,ostalbkreis,Personalreferent/in,4
2026-07-06,ostalbkreis,Ingenieur/in - Physik,4
2026-07-06,ostalbkreis,Wirtschaftsinformatiker/in - IT-Systeme,4
2026-07-06,ostalbkreis,Ausbilder/in - Erste Hilfe,4
2026-07-06,ostalbkreis,Qualitätsingenieur/in,4
2026-07-06,ostalbkreis,Reifenmonteur/in,4
2026-07-06,ostalbkreis,Kaufmann/-frau - Spedition und Logistikdienstleistung,4
2026-07-06,ostalbkreis,Wissenschaftliche/r Mitarbeiter/in,4
2026-07-06,ostalbkreis,Helfer/in - Farb- und Lacktechnik,4
2026-07-06,ostalbkreis,Elektroniker/in - Automatisierungs- und Systemtechnik,4
2026-07-06,ostalbkreis,Ingenieur/in - Systems Engineering,4
2026-07-06,ostalbkreis,Stationsleiter/in - Kranken-/Alten-/Kinderkrankenpflege,4
2026-07-06,ostalbkreis,"Fliesen-, Platten- und Mosaikleger/in",4
2026-07-06,ostalbkreis,Pharmazeutisch-technische/r Assistent/in,4
2026-07-06,ostalbkreis,Trockenbaumonteur/in,4
2026-07-06,ostalbkreis,Wundmanager/in,4
2026-07-06,ostalbkreis,Fachkraft - Marketing/Verkauf/Vertrieb,4
2026-07-06,ostalbkreis,Techniker/in - Elektrotechnik (Automatisierungstechnik)/Bachelor Professional in Technik,4
2026-07-06,ostalbkreis,Industriemechaniker/in - Betriebstechnik,4
2026-07-06,ostalbkreis,Leiter/in - Produktion/Fertigung,4
2026-07-06,ostalbkreis,Verkaufssachbearbeiter/in,4
2026-07-06,ostalbkreis,Schweißer/in - Konstruktionstechnik,4
2026-07-06,ostalbkreis,Bezirksleiter/in,4
2026-07-06,ostalbkreis,Technische/r Systemplaner/in - Versorgungs- und Ausrüstungstechnik,4
2026-07-06,ostalbkreis,"Helfer/in - Feinmechanik, Werkzeugbau",4
2026-07-06,ostalbkreis,Büroassistent/in,4
2026-07-06,ostalbkreis,Florist/in,4
2026-07-06,ostalbkreis,Disponent/in - Lager,4
2026-07-06,ostalbkreis,Key-Account-Manager/in,4
2026-07-06,ostalbkreis,Fahrlehrer/in,4
2026-07-06,ostalbkreis,Facharzt/-ärztin - Innere Medizin,4
2026-07-06,ostalbkreis,Servicefahrer/in,4
2026-07-06,ostalbkreis,Konditor/in,4
2026-07-06,ostalbkreis,Mechatroniker/in - Kältetechnik,4
2026-07-06,ostalbkreis,Baumaschinenführer/in,4
2026-07-06,ostalbkreis,Kalkulator/in,4
2026-07-06,ostalbkreis,Gesundheits- und Kinderkrankenpfleger/in,4
2026-07-06,ostalbkreis,Verfahrensmechaniker/in - Beschichtungstechnik,4
2026-07-06,ostalbkreis,Karosserie- und Fahrzeugbaumechaniker/in - Karosserie- und Fahrzeugbautechnik,4
2026-07-06,ostalbkreis,Tischlermeister/in/Bachelor Professional im Tischler-Handwerk,4
2026-07-06,ostalbkreis,Betriebswirt/in (Hochschule),3
2026-07-06,ostalbkreis,Pädagogische Fachkraft - Grundschulkindbetreuung,3
2026-07-06,ostalbkreis,Konstrukteur/in - Elektrotechnik,3
2026-07-06,ostalbkreis,"Helfer/in - Büro, Verwaltung",3
2026-07-06,ostalbkreis,Anästhesietechnische/r Assistent/in,3
2026-07-06,ostalbkreis,Lehrer/in - Waldorfschulen,3
2026-07-06,ostalbkreis,Ingenieur/in - Optoelektronik,3
2026-07-06,ostalbkreis,Empfangskraft,3
2026-07-06,ostalbkreis,Ingenieur/in - Automatisierungstechnik,3
2026-07-06,ostalbkreis,Software-Architect,3
2026-07-06,ostalbkreis,Elektroniker/in - Automatisierungstechnik (Handwerk),3
2026-07-06,ostalbkreis,Wartungs- und Servicetechniker/in - Maschinenbau,3
2026-07-06,ostalbkreis,Straßenbauer/in,3
2026-07-06,ostalbkreis,Hörakustiker/in,3
2026-07-06,ostalbkreis,Versicherungskaufmann/-frau,3
2026-07-06,ostalbkreis,Systeminformatiker/in,3
2026-07-06,ostalbkreis,Ingenieur/in - Fahrzeugtechnik,3
2026-07-06,ostalbkreis,Glaser/in - Fenster- und Glasfassadenbau,3
2026-07-06,ostalbkreis,Tierarzt/Tierärztin,3
2026-07-06,ostalbkreis,Web Developer,3
2026-07-06,ostalbkreis,Polier/in - Tiefbau,3
2026-07-06,ostalbkreis,Gesundheits- und Krankenpflegehelfer/in,3
2026-07-06,ostalbkreis,Projektingenieur/in,3
2026-07-06,ostalbkreis,Hebamme,3
2026-07-06,ostalbkreis,Praxisanleiter/in - Pflegeberufe,3
2026-07-06,ostalbkreis,Inbetriebnahmetechniker/in - Maschinenbau,3
2026-07-06,ostalbkreis,Helfer/in - Fahrzeugbau und -instandhaltung,3
2026-07-06,ostalbkreis,"Fachverkäufer/in - Kfz-Zubehör, Reifen",3
2026-07-06,ostalbkreis,Disponent/in - Güterverkehr,3
2026-07-06,ostalbkreis,Architekt/in,3
2026-07-06,ostalbkreis,Technische/r Redakteur/in,3
2026-07-06,ostalbkreis,Chemisch-technische/r Assistent/in,3
2026-07-06,ostalbkreis,Helfer/in - Druck,3
2026-07-06,ostalbkreis,Produktionsmechaniker/in - Textil,3
2026-07-06,ostalbkreis,Leiter/in - Qualitätsmanagement,3
2026-07-06,ostalbkreis,Pflegeassistent/in,3
2026-07-06,ostalbkreis,Industriemechaniker/in - Geräte- und Feinwerktechnik,3
2026-07-06,ostalbkreis,Fachberater/in - Bau- und Heimwerkermärkte,3
2026-07-06,ostalbkreis,Textilmaschinenführer/in - Spinnerei,3
2026-07-06,ostalbkreis,Managementassistent/in,3
2026-07-06,ostalbkreis,Mechaniker/in - Land- und Baumaschinentechnik,3
2026-07-06,ostalbkreis,Kaufmann/-frau - Groß- und Außenhandel (Außenhandel),3
2026-07-06,ostalbkreis,Baggerführer/in,3
2026-07-06,ostalbkreis,Ingenieur/in - Versorgungstechnik,3
2026-07-06,ostalbkreis,Maschinen- und Anlagenführer/in - Lebensmitteltechnik,3
2026-07-06,ostalbkreis,Elektromechaniker/in,3
2026-07-06,ostalbkreis,Helfer/in - Textilverarbeitung,3
2026-07-06,ostalbkreis,Industrieelektroniker/in - Produktionstechnik,3
2026-07-06,ostalbkreis,Hauswirtschafter/in (ohne Schwerpunkte),3
2026-07-06,ostalbkreis,Orthopädietechnik-Mechaniker/in - Individuelle Rehatechnik,3
2026-07-06,ostalbkreis,Kraftfahrzeug-Servicetechniker/in,3
2026-07-06,ostalbkreis,Installateur- und Heizungsbauermeister/in/Bachelor Professional im Installateur- und Heizungsbauer-Handwerk,3
2026-07-06,ostalbkreis,Stuckateurmeister/in/Bachelor Professional im Stuckateur-Handwerk,3
2026-07-06,ostalbkreis,Helfer/in - Ver- und Entsorgung,3
2026-07-06,ostalbkreis,Apotheker/in,3
2026-07-06,ostalbkreis,Dachdecker/in,3
2026-07-06,ostalbkreis,Zahnarzt/-ärztin,3
2026-07-06,ostalbkreis,Fahrzeugpfleger/in,3
2026-07-06,ostalbkreis,Statiker/in,3
2026-07-06,ostalbkreis,Fachwirt/in - Steuer,3
2026-07-06,ostalbkreis,Dachdecker/in - Abdichtungstechnik,3
2026-07-06,ostalbkreis,Fachverkäufer/in - Nahrungsmittelhandwerk (Fleischerei),3
2026-07-06,ostalbkreis,Kunststoff- und Kautschuktechnologe/-technologin - Formteile,2
2026-07-06,ostalbkreis,IT-Berater/in,2
2026-07-06,ostalbkreis,Haushälter/in (Privathaushalt),2
2026-07-06,ostalbkreis,Pflegeassistent/in (Altenpflege),2
2026-07-06,ostalbkreis,Ingenieur/in - Verfahrenstechnik,2
2026-07-06,ostalbkreis,Mechaniker/in - Karosserieinstandhaltungstechnik,2
2026-07-06,ostalbkreis,Professor/in - Hochschulen,2
2026-07-06,ostalbkreis,"Leiter/in - Projektentwicklung (Immobilien, Bau)",2
2026-07-06,ostalbkreis,Kindergartenleiter/in,2
2026-07-06,ostalbkreis,Werkzeugmechaniker/in,2
2026-07-06,ostalbkreis,Finanzwirt/in,2
2026-07-06,ostalbkreis,Werkstoffprüfer/in (mit Schwerpunkten),2
2026-07-06,ostalbkreis,Messingenieur/in,2
2026-07-06,ostalbkreis,Musikschullehrer/in,2
2026-07-06,ostalbkreis,Handelsvertreter/in,2
2026-07-06,ostalbkreis,Masseur/in und medizinische/r Bademeister/in,2
2026-07-06,ostalbkreis,Fachkaufmann/-frau - Büromanagement,2
2026-07-06,ostalbkreis,Reiseverkehrskaufmann/-frau,2
2026-07-06,ostalbkreis,Ingenieur/in - Gebäudetechnik/Facility-Management,2
2026-07-06,ostalbkreis,Technische/r Produktdesigner/in - Maschinen- und Anlagenkonstruktion,2
2026-07-06,ostalbkreis,Anwendungsprogrammierer/in,2
2026-07-06,ostalbkreis,IT-Projektkoordinator/in,2
2026-07-06,ostalbkreis,Kaufmann/-frau - Digitalisierungsmanagement,2
2026-07-06,ostalbkreis,Arzt/Ärztin,2
2026-07-06,ostalbkreis,Betriebswirt/in (Hochschule) - Rechnungswesen und Controlling,2
2026-07-06,ostalbkreis,Gärtner/in - Baumschule,2
2026-07-06,ostalbkreis,Wirtschaftsinformatiker/in (Hochschule),2
2026-07-06,ostalbkreis,Betriebswirt/in (Fachschule) - Controlling/Bachelor Professional in Wirtschaft,2
2026-07-06,ostalbkreis,Fachberater/in - Vertrieb,2
2026-07-06,ostalbkreis,DevOps Engineer,2
2026-07-06,ostalbkreis,Forstwirt/in,2
2026-07-06,ostalbkreis,Fachkraft - Schutz und Sicherheit,2
2026-07-06,ostalbkreis,Ingenieur/in - Sicherheitstechnik,2
2026-07-06,ostalbkreis,Werkstattleiter/in,2
2026-07-06,ostalbkreis,Fotograf/in,2
2026-07-06,ostalbkreis,Glasreiniger/in,2
2026-07-06,ostalbkreis,Kaufmann/-frau - Versicherungen und Finanzanlagen,2
2026-07-06,ostalbkreis,Berufsspezialist/in - Kraftfahrzeug-Servicetechnik,2
2026-07-06,ostalbkreis,Automobil-Serviceberater/in,2
2026-07-06,ostalbkreis,Testingenieur/in,2
2026-07-06,ostalbkreis,Ingenieur/in - Materialwissenschaften,2
2026-07-06,ostalbkreis,Orthopädieschuhmacher/in,2
2026-07-06,ostalbkreis,Vorarbeiter/in - Maler- und Lackiererarbeiten,2
2026-07-06,ostalbkreis,Heizungs-/Sanitärkaufmann/-frau (Handel),2
2026-07-06,ostalbkreis,Fachpflegekraft - Psychiatrie,2
2026-07-06,ostalbkreis,Leiter/in - Personal,2
2026-07-06,ostalbkreis,Gärtnermeister/in - Garten- und Landschaftsbau,2
2026-07-06,ostalbkreis,Chemielaborant/in,2
2026-07-06,ostalbkreis,Messtechniker/in (Energietechnik),2
2026-07-06,ostalbkreis,Maschineneinrichter/in (Zerspanungstechnik),2
2026-07-06,ostalbkreis,Heilerziehungspflegeassistent/in,2
2026-07-06,ostalbkreis,Fachmann/-frau - Restaurants und Veranstaltungsgastronomie,2
2026-07-06,ostalbkreis,Empfangschef/in (Hotel),2
2026-07-06,ostalbkreis,Kranführer/in,2
2026-07-06,ostalbkreis,Leiter/in - Lagerwirtschaft,2
2026-07-06,ostalbkreis,Produktionsfachkraft Chemie,2
2026-07-06,ostalbkreis,Leiter/in - betriebliche Aus- und Weiterbildung,2
2026-07-06,ostalbkreis,Holzmechaniker/in - Möbelbau und Innenausbau,2
2026-07-06,ostalbkreis,Baumaschinenmechaniker/in,2
2026-07-06,ostalbkreis,Tiefbaufacharbeiter/in (ohne Angabe des Schwerpunkts),2
2026-07-06,ostalbkreis,Kaufmann/-frau - Gesundheitswesen,2
2026-07-06,ostalbkreis,Maschinen- und Anlagenführer/in - Textiltechnik,2
2026-07-06,ostalbkreis,Servicetechniker/in - Land- und Baumaschinen,2
2026-07-06,ostalbkreis,Zweiradmechatroniker/in - Motorradtechnik,2
2026-07-06,ostalbkreis,Holzmechaniker/in - Montieren von Innenausbauten und Bauelementen,2
2026-07-06,ostalbkreis,Leiter/in - Projekt-/Programmmanagement,2
2026-07-06,ostalbkreis,Leiter/in - Export,2
2026-07-06,ostalbkreis,Patentanwaltsfachangestellte/r,2
2026-07-06,ostalbkreis,Betriebstechniker/in,2
2026-07-06,ostalbkreis,Assistent/in - Produktionsleitung,2
2026-07-06,ostalbkreis,Facharzt/-ärztin - Strahlentherapie,2
2026-07-06,ostalbkreis,Technische/r Fachkaufmann/-frau - Werkzeuge/Maschinen,2
2026-07-06,ostalbkreis,Sous-Chef/in,2
2026-07-06,ostalbkreis,Ingenieur/in - Kunststofftechnik,2
2026-07-06,ostalbkreis,Bausachverständige/r,2
2026-07-06,ostalbkreis,Arzthelfer/in,2
2026-07-06,ostalbkreis,Kunststoff- und Schwergewebekonfektionär/in,2
2026-07-06,ostalbkreis,"Kaufmann/-frau - Einzelhandel (Diät- und Reformwaren, Lebensmittel)",2
2026-07-06,ostalbkreis,Karosserie- und Fahrzeugbaumechaniker/in - Karosserieinstandhaltungstechnik,2
2026-07-06,ostalbkreis,CAD-Fachkraft - Elektrotechnik,2
2026-07-06,ostalbkreis,Vermessungstechniker/in - Vermessung,2
2026-07-06,ostalbkreis,Kinder- und Jugendlichenpsychotherapeut/in,2
2026-07-06,ostalbkreis,Servicekraft - Schutz und Sicherheit,2
2026-07-06,ostalbkreis,"Kundenberater/in (Bank, Sparkasse)",2
2026-07-06,ostalbkreis,Maschinenführer/in - Schweißanlagen,2
2026-07-06,ostalbkreis,Hauswart/in/Haustechniker/in,2
2026-07-06,ostalbkreis,Fahrer/in - Personenbeförderung,2
2026-07-06,ostalbkreis,Bauleitende/r Monteur/in,2
2026-07-06,ostalbkreis,Baumpfleger/in,2
2026-07-06,ostalbkreis,Leiter/in - Gastronomiebetrieb,2
2026-07-06,ostalbkreis,Verfahrensmechaniker/in - Kunststoff- und Kautschuktechnik - Bauteile,2
2026-07-06,ostalbkreis,Dreher/in,2
2026-07-06,ostalbkreis,Fachkraft - Metalltechnik - Zerspanungstechnik,2
2026-07-06,ostalbkreis,Kraftfahrzeugtechnikermeister/in/Bachelor Professional im Kraftfahrzeugtechniker-Handwerk,2
2026-07-06,ostalbkreis,"Fachkraft - Kurier-, Express- und Postdienstleistungen",2
2026-07-06,ostalbkreis,Fachverkäufer/in - Sanitätsfachhandel,2
2026-07-06,ostalbkreis,Heilpädagoge/-pädagogin,2
2026-07-06,ostalbkreis,Konstruktionsingenieur/in,2
2026-07-06,ostalbkreis,Jurist/in,2
2026-07-06,ostalbkreis,Notfallsanitäter/in,2
2026-07-06,ostalbkreis,Holzmechaniker/in - Herstellen von Möbeln und Innenausbauteilen,2
2026-07-06,ostalbkreis,Landwirt/in,2
2026-07-06,ostalbkreis,Spezialitätenkoch/-köchin,2
2026-07-06,ostalbkreis,Fachkaufmann/-frau - Vertrieb,2
2026-07-06,ostalbkreis,Anwendungssystemberater/in,2
2026-07-06,ostalbkreis,Notarfachangestellte/r,2
2026-07-06,ostalbkreis,Fachverkäufer/in - Elektro/Sanitär/Heizung/Installation,2
2026-07-06,ostalbkreis,"Maschinen-, Anlagen- und Behälterreiniger/in",2
2026-07-06,ostalbkreis,Spielhallenaufsicht,2
2026-07-06,ostalbkreis,Verfahrensmechaniker/in - Kunststoff- und Kautschuktechnik - Formteile,2
2026-07-06,ostalbkreis,Elektroniker/in - Gebäude- und Infrastruktursysteme,2
2026-07-06,ostalbkreis,"Fachverkäufer/in - Textilien, Bekleidung",2
2026-07-06,ostalbkreis,Lehrer/in/Dozent/in - Erwachsenenbildung,2
2026-07-06,ostalbkreis,Küchenchef/in,2
2026-07-06,ostalbkreis,Pflegepädagoge/-pädagogin,2
2026-07-06,ostalbkreis,Facharzt/-ärztin - Frauenheilkunde und Geburtshilfe,2
2026-07-06,ostalbkreis,Tischler/in und Glaser/in,2
2026-07-06,ostalbkreis,Facility-Manager/in,2
2026-07-06,ostalbkreis,Betonfertigteilbauer/in,2
2026-07-06,ostalbkreis,Tiefbauingenieur/in,2
2026-07-06,ostalbkreis,Papiertechnologe/-technologin,2
2026-07-06,ostalbkreis,Kaufmann/-frau - Groß- und Außenhandel (Großhandel),2
2026-07-06,ostalbkreis,Garten-/Landschaftsgestalter/in,2
2026-07-06,ostalbkreis,Buchhändler/in,2
2026-07-06,ostalbkreis,Fachkraft - Abwassertechnik,2
2026-07-06,ostalbkreis,Augenoptiker/in,2
2026-07-06,ostalbkreis,Kaufmann/-frau - Einzelhandel (Küchenhandel),2
2026-07-06,ostalbkreis,"Kaufmann/-frau - Einzelhandel (Wohnbedarf, Hausrat, Glas, Porzellan)",2
2026-07-06,ostalbkreis,Hochbauingenieur/in,2
2026-07-06,ostalbkreis,Bodenleger/in,2
2026-07-06,ostalbkreis,Verkaufsfahrer/in,2
2026-07-06,ostalbkreis,Fachkraft - Metalltechnik - Montagetechnik,2
2026-07-06,ostalbkreis,Blechpresser/in,2
2026-07-06,ostalbkreis,Helfer/in - stationäre Krankenpflege,2
2026-07-06,ostalbkreis,Taxifahrer/in,2
2026-07-06,ostalbkreis,Callcenteragent/in,2
2026-07-06,ostalbkreis,Techniker/in - Bautechnik (Baubetrieb),2
2026-07-06,ostalbkreis,Maler/in und Tapezierer/in,2
2026-07-06,ostalbkreis,Elektroniker/in - Prüffeld,2
2026-07-06,ostalbkreis,Fachkraft - Lebensmitteltechnik,2
2026-07-06,ostalbkreis,Medizinische/r Technologe/Technologin - Radiologie,2
2026-07-06,ostalbkreis,Glasfasermonteur/in,2
2026-07-06,ostalbkreis,Steinmetz/in und Steinbildhauer/in - Steinmetzarbeiten,2
2026-07-06,ostalbkreis,Bauzeichner/in - Architektur,2
2026-07-06,ostalbkreis,Fachkraft - Mechatronik,2
2026-07-06,ostalbkreis,Fachverkäufer/in - Nahrungsmittelhandwerk (Bäckerei/Konditorei),2
2026-07-06,ostalbkreis,Fachgehilf(e/in) - steuer- und wirtschaftsberatende Berufe,2
2026-07-06,ostalbkreis,Friseurmeister/in/Bachelor Professional im Friseur-Handwerk,2
2026-07-06,ostalbkreis,Medientechnologe/-technologin Druck,2
2026-07-06,ostalbkreis,Industriemeister/in - allgemein,2
2026-07-06,ostalbkreis,Techniker/in - Holztechnik (Holzbau),2
2026-07-06,ostalbkreis,Orthopädietechnik-Mechaniker/in,2
2026-07-06,ostalbkreis,Fachkrankenpfleger/in - Nephrologie,2
2026-07-06,ostalbkreis,Objektleiter/in (Gebäudereinigung),2
2026-07-06,ostalbkreis,Weber/in,2
2026-07-06,ostalbkreis,Fachkraft - Süßwarentechnik - Schokolade,2
2026-07-06,ostalbkreis,Facharzt/-ärztin - Innere Medizin und Kardiologie,2
2026-07-06,ostalbkreis,Facharzt/-ärztin - Anästhesiologie,2
2026-07-06,ostalbkreis,Redakteur/in,2
2026-07-06,ostalbkreis,Elektroanlagenmonteur/in,2
2026-07-06,ostalbkreis,Vorarbeiter/in - Gartenbau,2
2026-07-06,ostalbkreis,Blitzschutzmonteur/in,2
2026-07-06,ostalbkreis,Gerüstbauer/in,2
2026-07-06,ostalbkreis,Dachdecker/in und Bauklempner/in,2
2026-07-06,ostalbkreis,Helfer/in - Glasherstellung und -verarbeitung,2
2026-07-06,ostalbkreis,Meister/in - Kreislauf- und Abfallwirtschaft und Städtereinigung,1
2026-07-06,ostalbkreis,Geschäftsführer/in,1
2026-07-06,ostalbkreis,Betonpumpenbediener/in,1
2026-07-06,ostalbkreis,Waldorferzieher/in,1
2026-07-06,ostalbkreis,Fullstack-Entwickler/in,1
2026-07-06,ostalbkreis,Immobilienkaufmann/-frau,1
2026-07-06,ostalbkreis,"Fachkraft - Möbel-, Küchen- und Umzugsservice",1
2026-07-06,ostalbkreis,Kesselwärter/in,1
2026-07-06,ostalbkreis,Fachkaufmann/-frau - Personal,1
2026-07-06,ostalbkreis,Sekretär/in,1
2026-07-06,ostalbkreis,Fachkrankenschwester/-pfleger - Operationsdienst,1
2026-07-06,ostalbkreis,Kaufmann/-frau - Versicherungen und Finanzen - Finanzberatung,1
2026-07-06,ostalbkreis,Kinderpflegehelfer/in,1
2026-07-06,ostalbkreis,Feinoptiker/in,1
2026-07-06,ostalbkreis,Schweißer/in - Fahrzeugbau,1
2026-07-06,ostalbkreis,Leiter/in - Operationsdienst,1
2026-07-06,ostalbkreis,Fachkraft - alternative Therapieformen (nicht Arzt/Ärztin oder Heilpraktiker/in),1
2026-07-06,ostalbkreis,Operationstechnische/r Angestellte/r,1
2026-07-06,ostalbkreis,Lehrer/in - Deutsch als Fremdsprache,1
2026-07-06,ostalbkreis,Eurythmielehrer/in,1
2026-07-06,ostalbkreis,Feinwerkmechaniker/in - Zerspanungstechnik,1
2026-07-06,ostalbkreis,Veranstaltungskaufmann/-frau,1
2026-07-06,ostalbkreis,Leiter/in - Betriebliche Instandhaltung,1
2026-07-06,ostalbkreis,Musiklehrer/in,1
2026-07-06,ostalbkreis,Fachkinderkrankenpfleger/in - Intensivpflege/Anästhesie,1
2026-07-06,ostalbkreis,Metallschleifer/in,1
2026-07-06,ostalbkreis,"Helfer/in - Metallerzeugung, Gießerei",1
2026-07-06,ostalbkreis,Ausbilder/in - Anerkannte Ausbildungsberufe,1
2026-07-06,ostalbkreis,Vertriebstechniker/in,1
2026-07-06,ostalbkreis,Klebfachingenieur/in,1
2026-07-06,ostalbkreis,Ingenieur/in - Chemietechnik,1
2026-07-06,ostalbkreis,Fachwirt/in - Bau,1
2026-07-06,ostalbkreis,Medizinprodukteberater/in,1
2026-07-06,ostalbkreis,Nachhilfelehrer/in,1
2026-07-06,ostalbkreis,Assistent/in - Gesundheits- und Sozialwesen,1
2026-07-06,ostalbkreis,Sticker/in,1
2026-07-06,ostalbkreis,Fuhrparkleiter/in,1
2026-07-06,ostalbkreis,Bauzimmerer/-zimmerin,1
2026-07-06,ostalbkreis,Fachwirt/in - Erziehungswesen,1
2026-07-06,ostalbkreis,Rohrnetzbauer/in und -schlosser/in,1
2026-07-06,ostalbkreis,Techniker/in - Bautechnik (Tiefbau)/Bachelor Professional in Technik,1
2026-07-06,ostalbkreis,Tourismuskaufmann/-frau (Privat- und Geschäftsreisen),1
2026-07-06,ostalbkreis,Gießereimechaniker/in,1
2026-07-06,ostalbkreis,Fachassistent/in Rechnungswesen und Controlling,1
2026-07-06,ostalbkreis,"Fachkraft - Rohr-, Kanal- und Industrieservice",1
2026-07-06,ostalbkreis,Ingenieur/in - Medizintechnik,1
2026-07-06,ostalbkreis,Arbeitsassistent/in,1
2026-07-06,ostalbkreis,Ingenieur/in - Biotechnologie,1
2026-07-06,ostalbkreis,Psychologe/Psychologin,1
2026-07-06,ostalbkreis,Medieninformatiker/in,1
2026-07-06,ostalbkreis,Tiefbaufacharbeiter/in - Straßenbauarbeiten,1
2026-07-06,ostalbkreis,Rohrleitungsbauer/in,1
2026-07-06,ostalbkreis,CAD-Organisator/in,1
2026-07-06,ostalbkreis,Anwendungsberater/in,1
2026-07-06,ostalbkreis,Facharzt/-ärztin - Hygiene und Umweltmedizin,1
2026-07-06,ostalbkreis,Neuropsychologe/-psychologin,1
2026-07-06,ostalbkreis,Erdbewegungsmaschinenführer/in,1
2026-07-06,ostalbkreis,Kraftfahrzeugmechatroniker/in - Karosserietechnik,1
2026-07-06,ostalbkreis,Kaufmann/-frau - Einzelhandel (Elektrogeräte),1
2026-07-06,ostalbkreis,Bereichsleiter/in,1
2026-07-06,ostalbkreis,Vorarbeiter/in - Fahrzeuglackierung,1
2026-07-06,ostalbkreis,Fachkrankenpfleger/in - Onkologie,1
2026-07-06,ostalbkreis,Eisenbahner/in - Zugverkehrssteuerung,1
2026-07-06,ostalbkreis,Facharzt/-ärztin - Allgemeinchirurgie,1
2026-07-06,ostalbkreis,Medizinische/r Technologe/Technologin - Funktionsdiagnostik,1
2026-07-06,ostalbkreis,Master of Business Administration,1
2026-07-06,ostalbkreis,Facharzt/-ärztin - Radiologie,1
2026-07-06,ostalbkreis,Fachverkäufer/in - Nahrungsmittel,1
2026-07-06,ostalbkreis,"Holzmechaniker/in - Herstellen von Bauelementen, Holzpackmitteln und Rahmen",1
2026-07-06,ostalbkreis,Rollladen- und Sonnenschutzmechatroniker/in,1
2026-07-06,ostalbkreis,IT-Projektleiter/in (Weiterbildung/Ausbildung),1
2026-07-06,ostalbkreis,Ingenieur/in - Augenoptik/Optometrie,1
2026-07-06,ostalbkreis,Technische/r Produktdesigner/in (ohne Fachrichtungen),1
2026-07-06,ostalbkreis,Embedded-Systems-Entwickler/in,1
2026-07-06,ostalbkreis,CNC-Schleifer/in,1
2026-07-06,ostalbkreis,Immobilienmakler/in,1
2026-07-06,ostalbkreis,Estrichleger/in,1
2026-07-06,ostalbkreis,Praktische/r Betriebswirt/in,1
2026-07-06,ostalbkreis,Leiter/in - Verkauf (Handel),1
2026-07-06,ostalbkreis,Auftragsleiter/in,1
2026-07-06,ostalbkreis,Employer-Branding-Manager/in,1
2026-07-06,ostalbkreis,Technische/r Systemplaner/in - Stahl- und Metallbautechnik,1
2026-07-06,ostalbkreis,Leiter/in - Programmierung,1
2026-07-06,ostalbkreis,SPS-Ingenieur/in,1
2026-07-06,ostalbkreis,Fachberater/in - Finanzdienstleistungen,1
2026-07-06,ostalbkreis,IT-Compliance-Consultant,1
2026-07-06,ostalbkreis,Sicherheitsmanager/in,1
2026-07-06,ostalbkreis,Gemeindearbeiter/in,1
2026-07-06,ostalbkreis,"Meister/in - Möbel-, Küchen- und Umzugsservice",1
2026-07-06,ostalbkreis,Techniker/in - Bautechnik (Ausbau)/Bachelor Professional in Technik,1
2026-07-06,ostalbkreis,Betonsanierer/in,1
2026-07-06,ostalbkreis,Betriebswirt/in - allgemeine Betriebswirtschaft,1
2026-07-06,ostalbkreis,Arbeitsvermittler/in,1
2026-07-06,ostalbkreis,Technische/r Zeichner/in - Stahl- und Metallbautechnik,1
2026-07-06,ostalbkreis,Helfer/in - Fischwirtschaft,1
2026-07-06,ostalbkreis,Feinwerkmechaniker/in,1
2026-07-06,ostalbkreis,Sicherheitstechniker/in (IT),1
2026-07-06,ostalbkreis,Lehrer/in - Schularten der Sekundarstufe I,1
2026-07-06,ostalbkreis,Verwaltungsfachangestellte/r - Kirchenverwaltung - evangelische Kirche,1
2026-07-06,ostalbkreis,Fachkaufmann/-frau - Einkauf und Logistik,1
2026-07-06,ostalbkreis,Ingenieur/in - Sensortechnik,1
2026-07-06,ostalbkreis,Techniker/in - Mechatronik/Bachelor Professional in Technik,1
2026-07-06,ostalbkreis,Kaufmann/-frau - Groß- und Außenhandelsmanagement (Außenhandel),1
2026-07-06,ostalbkreis,Kraftfahrzeugführer/in - Ver- und Entsorgung,1
2026-07-06,ostalbkreis,Galvaniseur/in und Metallschleifer/in,1
2026-07-06,ostalbkreis,Bankettleiter/in,1
2026-07-06,ostalbkreis,Kundendienstberater/in,1
2026-07-06,ostalbkreis,Techniker/in - Maschinentechnik (Automatisierungstechnik)/Bachelor Professional in Technik,1
2026-07-06,ostalbkreis,Bauten- und Objektbeschichter/in,1
2026-07-06,ostalbkreis,Betriebswirt/in (Fachschule) - Handel,1
2026-07-06,ostalbkreis,Industriemeister/in - Qualitätskontrolle,1
2026-07-06,ostalbkreis,Kinderbetreuer/in,1
2026-07-06,ostalbkreis,Cyber-Security-Consultant,1
2026-07-06,ostalbkreis,Maler/in und Lackierer/in - Fahrzeuglackierer/in,1
2026-07-06,ostalbkreis,Produktionsassistent/in (Film/Fernsehen),1
2026-07-06,ostalbkreis,Metallbauermeister/in/Bachelor Professional im Metallbauer-Handwerk,1
2026-07-06,ostalbkreis,Industriemeister/in - Metall,1
2026-07-06,ostalbkreis,Ingenieur/in - Werkstofftechnik,1
2026-07-06,ostalbkreis,Leiter/in - Vertriebsinnendienst,1
2026-07-06,ostalbkreis,Großküchenkoch/-köchin,1
2026-07-06,ostalbkreis,Fachberater/in - Integrierte Systeme,1
2026-07-06,ostalbkreis,Leiter/in - Materialwirtschaft,1
2026-07-06,ostalbkreis,Industriereiniger/in (Gebäudereinigung),1
2026-07-06,ostalbkreis,Pflegefachmann/-frau (Gesundheits- und Kinderkrankenpflege),1
2026-07-06,ostalbkreis,Techniker/in - Medizintechnik/Bachelor Professional in Technik,1
2026-07-06,ostalbkreis,Isolierer/in,1
2026-07-06,ostalbkreis,Schienenfahrzeugführer/in,1
2026-07-06,ostalbkreis,Behälter- und Apparatebauer/in,1
2026-07-06,ostalbkreis,"Barmixer/in, Barkeeper/in",1
2026-07-06,ostalbkreis,Hydraulik-Fachkraft,1
2026-07-06,ostalbkreis,Rohrvorrichter/in,1
2026-07-06,ostalbkreis,Weiterbildungsassistent/in (Arzt/Ärztin),1
2026-07-06,ostalbkreis,Gärtner/in - Gemüsebau,1
2026-07-06,ostalbkreis,Verkehrsplaner/in,1
2026-07-06,ostalbkreis,Fachkraft - Sozialarbeit,1
2026-07-06,ostalbkreis,Fitnesstrainer/in,1
2026-07-06,ostalbkreis,IT-Einkäufer/in,1
2026-07-06,ostalbkreis,Fachinformatiker/in - Daten- und Prozessanalyse,1
2026-07-06,ostalbkreis,Ingenieur/in - Fahrzeugelektronik,1
2026-07-06,ostalbkreis,Global-Sourcing-Manager/in,1
2026-07-06,ostalbkreis,Servicetechniker/in - IT,1
2026-07-06,ostalbkreis,Mediengestalter/in - Digital-/Printmedien - Mediendesign,1
2026-07-06,ostalbkreis,Community-Manager/in,1
2026-07-06,ostalbkreis,Techniker/in - Maschinentechnik (Betriebstechnik),1
2026-07-06,ostalbkreis,Klempner/in und Installateur/in,1
2026-07-06,ostalbkreis,Maschinen- und Anlagenführer/in - Druckweiter- und Papierverarbeitung,1
2026-07-06,ostalbkreis,Kaufmann/-frau - E-Commerce,1
2026-07-06,ostalbkreis,Bäcker/in und Konditor/in,1
2026-07-06,ostalbkreis,Technische/r Einkäufer/in,1
2026-07-06,ostalbkreis,Stahl- und Metallbauingenieur/in,1
2026-07-06,ostalbkreis,Brennschneider/in,1
2026-07-06,ostalbkreis,Automatenbefüller/in,1
2026-07-06,ostalbkreis,Hochbaufacharbeiter/in - Beton- und Stahlbetonarbeiten,1
2026-07-06,ostalbkreis,Techniker/in - Bautechnik (Betonbau),1
2026-07-06,ostalbkreis,Elektroschweißer/in,1
2026-07-06,ostalbkreis,Wirtschaftsprüfer/in,1
2026-07-06,ostalbkreis,EUTB-Berater/in,1
2026-07-06,ostalbkreis,Schweißer/in - Anlagen- und Apparatebau,1
2026-07-06,ostalbkreis,"Schilder- und Lichtreklamehersteller/in - Technik, Montage, Werbeelektrik/-elektronik",1
2026-07-06,ostalbkreis,Montageleiter/in (Bau),1
2026-07-06,ostalbkreis,Betonfertigteilemontierer/in,1
2026-07-06,ostalbkreis,Konstruktionsmechaniker/in - Schweißtechnik,1
2026-07-06,ostalbkreis,Fachkraft - Arbeitssicherheit,1
2026-07-06,ostalbkreis,Verfahrensmechaniker/in - Steine- und Erdenindustrie - Baustoffe,1
2026-07-06,ostalbkreis,Ingenieur/in - Holztechnik,1
2026-07-06,ostalbkreis,Betriebsleiter/in - kaufmännisch,1
2026-07-06,ostalbkreis,Glaser/in - Verglasung und Glasbau,1
2026-07-06,ostalbkreis,Geoinformatiker/in,1
2026-07-06,ostalbkreis,Restaurator/in für Möbel und Holzobjekte/Bachelor Professional Technik,1
2026-07-06,ostalbkreis,Pflasterer/Pflasterin,1
2026-07-06,ostalbkreis,Erzieher/in - sonderpädagogische Einrichtungen,1
2026-07-06,ostalbkreis,Ingenieur/in - Angewandte Mechanik,1
2026-07-06,ostalbkreis,Datenbankentwickler/in,1
2026-07-06,ostalbkreis,Textildrucker/in,1
2026-07-06,ostalbkreis,Customer-Experience-Manager/in,1
2026-07-06,ostalbkreis,Löter/in,1
2026-07-06,ostalbkreis,Fachverkäufer/in - Elektronik,1
2026-07-06,ostalbkreis,Fachangestellte/r - Medien- und Informationsdienste - Medizinische Dokumentation,1
2026-07-06,ostalbkreis,Pferdepfleger/in,1
2026-07-06,ostalbkreis,Fachverkäufer/in - Sportartikel,1
2026-07-06,ostalbkreis,Schweißer/in - Schiffbau,1
2026-07-06,ostalbkreis,Berechnungsingenieur/in,1
2026-07-06,ostalbkreis,"Verwaltungsangestellte/r - Krankenkassen, Krankenhäuser, Kliniken",1
2026-07-06,ostalbkreis,Konstrukteur/in - Maschinen-/Anlagentechnik,1
2026-07-06,ostalbkreis,Business-Development-Manager/in,1
2026-07-06,ostalbkreis,Roboterprogrammierer/in,1
2026-07-06,ostalbkreis,Gärtner/in - Zierpflanzenbau,1
2026-07-06,ostalbkreis,Produktmanager/in,1
2026-07-06,ostalbkreis,Pflegedienstleiter/in,1
2026-07-06,ostalbkreis,Gartenbauverwalter/in,1
2026-07-06,ostalbkreis,Landmaschinenmechaniker/in,1
2026-07-06,ostalbkreis,Hauswirtschaftliche/r Betriebsleiter/in/Bachelor Professional in Wirtschaft,1
2026-07-06,ostalbkreis,Umweltmanagementbeauftragte/r,1
2026-07-06,ostalbkreis,Fachaltenpfleger/in - Psychiatrie,1
2026-07-06,ostalbkreis,IT-System-Kaufmann/-frau,1
2026-07-06,ostalbkreis,Natur- und Landschaftspfleger/in,1
2026-07-06,ostalbkreis,Barmeister/in,1
2026-07-06,ostalbkreis,Fachverkäufer/in - Pflanzen und Saatgut,1
2026-07-06,ostalbkreis,Vorarbeiter/in - Hochbau,1
2026-07-06,ostalbkreis,Dienstwagenfahrer/in,1
2026-07-06,ostalbkreis,Servicetechniker/in - Sicherheits-/Alarmanlagen,1
2026-07-06,ostalbkreis,Meister/in - Hauswirtschaft,1
2026-07-06,ostalbkreis,Techniker/in - Maschinentechnik (ohne Schwerpunkt)/Bachelor Professional in Technik,1
2026-07-06,ostalbkreis,Innendienstleiter/in,1
2026-07-06,ostalbkreis,Techniker/in - Holztechnik (ohne Schwerpunkt)/Bachelor Professional in Technik,1
2026-07-06,ostalbkreis,Rechtsanwalt/Rechtsanwältin,1
2026-07-06,ostalbkreis,Gebietsleiter/in - Außenwirtschaft,1
2026-07-06,ostalbkreis,Orthopädieschuhmachermeister/in/Bachelor Professional im Orthopädieschuhmacher-Handwerk,1
2026-07-06,ostalbkreis,Bauwerksabdichter/in,1
2026-07-06,ostalbkreis,Straßenwärter/in,1
2026-07-06,ostalbkreis,Bestattungsfachkraft,1
2026-07-06,ostalbkreis,Raumausstatter/in,1
2026-07-06,ostalbkreis,Assistent/in - Logistik,1
2026-07-06,ostalbkreis,Fachkaufmann/-frau - Außenwirtschaft,1
2026-07-06,ostalbkreis,Kunststoffspritzer/in,1
2026-07-06,ostalbkreis,Onlinemarketing-Manager/in,1
2026-07-06,ostalbkreis,Marketingfachkraft/-assistent/in,1
2026-07-06,ostalbkreis,Assistent/in - Controlling,1
2026-07-06,ostalbkreis,Medizinisch-technische/r Radiologieassistent/in,1
2026-07-06,ostalbkreis,Bausteinmetz/in,1
2026-07-06,ostalbkreis,Steinmetz/in und Steinbildhauer/in - Steinbildhauerarbeiten,1
2026-07-06,ostalbkreis,Maschinen- und Anlagenführer/in - Textiltechnik (Maschen),1
2026-07-06,ostalbkreis,Techniker/in - Elektrotechnik (ohne Schwerpunkt)/Bachelor Professional in Technik,1
2026-07-06,ostalbkreis,Assistent/in - Technische Kommunikation,1
2026-07-06,ostalbkreis,Arbeitsplanungsingenieur/in,1
2026-07-06,ostalbkreis,Berufsspezialist/in Technische/r Kaufmann/-frau,1
2026-07-06,ostalbkreis,Helfer/in - Tierpflege,1
2026-07-06,ostalbkreis,Fleischer/in - Verkauf,1
2026-07-06,ostalbkreis,Bar-Chef/in,1
2026-07-06,ostalbkreis,Elektroniker/in - Maschinen und Antriebstechnik (BBiG),1
2026-07-06,ostalbkreis,Naturwerksteinmechaniker/in - Maschinenbearbeitungstechnik,1
2026-07-06,ostalbkreis,Industriemeister/in - Naturwerkstein,1
2026-07-06,ostalbkreis,Baukalkulator/in,1
2026-07-06,ostalbkreis,Sachbearbeiter/in - Logistik,1
2026-07-06,ostalbkreis,Arztassistent/in / Physician Assistant,1
2026-07-06,ostalbkreis,Fachkraft - Gastronomie (Restaurantservice),1
2026-07-06,ostalbkreis,Karosseriebauer/in,1
2026-07-06,ostalbkreis,Technische/r Assistent/in - Automatisierungstechnik,1
2026-07-06,ostalbkreis,Helfer/in - Landwirtschaft,1
2026-07-06,ostalbkreis,Leckageorter/in,1
2026-07-06,ostalbkreis,Vorarbeiter/in - Bodenverlegung,1
2026-07-06,ostalbkreis,Beikoch/-köchin,1
2026-07-06,ostalbkreis,Betriebstischler/in,1
2026-07-06,ostalbkreis,Pädagogische/r Assistent/in,1
2026-07-06,ostalbkreis,Techniker/in - Bautechnik (Hochbau)/Bachelor Professional in Technik,1
2026-07-06,ostalbkreis,Bau- und Projektkaufmann/-frau,1
2026-07-06,ostalbkreis,Fachverkäufer/in - Geschenkartikel,1
2026-07-06,ostalbkreis,Pflegeassistent/in (Gesundheits- und Krankenpflege),1
2026-07-06,ostalbkreis,Ökotrophologe/Ökotrophologin,1
2026-07-06,ostalbkreis,Promoter/in,1
2026-07-06,ostalbkreis,Fachlehrkraft - Förderschulen,1
2026-07-06,ostalbkreis,Lehrer/in - Förderschulen,1
2026-07-06,ostalbkreis,Maschinenbaumechaniker/in,1
2026-07-06,ostalbkreis,Betriebsmanager/in - Kraftfahrzeugtechnik,1
2026-07-06,ostalbkreis,Facharzt/-ärztin - Psychiatrie und Psychotherapie,1
2026-07-06,ostalbkreis,Maurer- und Betonbauermeister/in/Bachelor Professional im Maurer- und Betonbauer-Handwerk,1
2026-07-06,ostalbkreis,Tierarzt/-ärztin - Haus- und Heimtiere,1
2026-07-06,ostalbkreis,Fußpfleger/in (kosmetisch),1
2026-07-06,ostalbkreis,Kinderkrankenschwester/-pfleger,1
2026-07-06,ostalbkreis,Bauabrechner/in,1
2026-07-06,ostalbkreis,"Kaufmann/-frau - Einzelhandel (Heimwerkerbedarf und Werkzeuge, Pflanzen und Gartenbedarf, Zoofachhandel)",1
2026-07-06,ostalbkreis,Medientechnologe/-technologin Druckverarbeitung,1
2026-07-06,ostalbkreis,Notargehilfe/-gehilfin,1
2026-07-06,ostalbkreis,Werkzeugmacher/in - Stanzwerkzeug- und Vorrichtungsbau,1
2026-07-06,ostalbkreis,Hausdame/Housekeeper,1
2026-07-06,ostalbkreis,Brauer/in und Mälzer/in,1
2026-07-06,ostalbkreis,"Kabelmonteur/in (Fern-, Frei- und Fahrleitungsbau)",1
2026-07-06,ostalbkreis,Pflegewissenschaftler/in,1
2026-07-06,ostalbkreis,Personaldienstleistungskaufmann/-frau,1
2026-07-06,ostalbkreis,Facharzt/-ärztin - Innere Medizin und Nephrologie,1
2026-07-06,ostalbkreis,Hörakustikermeister/in/Bachelor Professional im Hörakustiker-Handwerk,1
2026-07-06,ostalbkreis,Facharzt/-ärztin - Allgemeinmedizin (Hausarzt/-ärztin),1
2026-07-06,ostalbkreis,IT-Kundenbetreuer/in,1
2026-07-06,ostalbkreis,Fachkrankenschwester/-pfleger - Endoskopie,1
2026-07-06,ostalbkreis,Datenerfasser/in,1
2026-07-06,ostalbkreis,Fachkraft - innovative Fahrzeugaufbereitung,1
2026-07-06,ostalbkreis,Facharzt/-ärztin - Kinder- und Jugendmedizin,1
2026-07-06,ostalbkreis,Gestalter/in - Grafikdesign,1
2026-07-06,ostalbkreis,Cutter/in,1
2026-07-06,ostalbkreis,Baureiniger/in (Gebäudereinigung),1
2026-07-06,ostalbkreis,Honorarprofessor/in,1
2026-07-06,ostalbkreis,"Ingenieur/in - Informations-, Kommunikationstechnik",1
2026-07-06,ostalbkreis,IT-Forensiker/in,1
2026-07-06,ostalbkreis,Osteopath/in,1
2026-07-06,ostalbkreis,Zweiradmechaniker/in - Motorradtechnik,1
2026-07-06,ostalbkreis,"Vorarbeiter/in - Lagerwirtschaft, Güter- und Warenumschlag",1
2026-07-06,ostalbkreis,Elektroprüfer/in,1
2026-07-06,ostalbkreis,Facharzt/-ärztin - Innere Medizin und Pneumologie,1
2026-07-06,ostalbkreis,Bürogehilf(e/in),1
2026-07-06,ostalbkreis,Projektkoordinator/in (kaufmännisch),1
2026-07-06,ostalbkreis,Umwelttechnologe/-technologin - Wasserversorgung,1
2026-07-06,ostalbkreis,Kunststoff-Formgeber/in,1
2026-07-06,ostalbkreis,Leiter/in - Kundendienst (technisch),1
2026-07-06,ostalbkreis,Land- und Baumaschinenmechatronikermeister/in/Bachelor Professional im Land- und Baumaschinenmechatroniker-Handwerk,1
2026-07-06,ostalbkreis,Orthopädietechniker/in,1
2026-07-06,ostalbkreis,Betriebswirt/in (Fachschule) - Holz,1
2026-07-06,ostalbkreis,"Helfer/in - Naturstein- und Mineralaufbereitung, Baustoffherstellung",1
2026-07-06,ostalbkreis,Kaufmann/-frau - Versicherungen und Finanzen - Versicherung,1
2026-07-06,ostalbkreis,Vorarbeiter/in - Holzbe- und -verarbeitung,1
2026-07-06,ostalbkreis,Fachinformatiker/in - Anwendungsentwicklung,1
2026-07-06,ostalbkreis,Webdesigner/in,1
2026-07-06,ostalbkreis,First-Level-Supporter/in,1
2026-07-06,ostalbkreis,Kachelofenbauer/in,1
2026-07-06,ostalbkreis,Wasserbauingenieur/in,1
2026-07-06,ostalbkreis,3-D-Druck-Spezialist/in,1
2026-07-06,ostalbkreis,Zimmerermeister/in/Bachelor Professional im Zimmerer-Handwerk,1
2026-07-06,ostalbkreis,Textilmaschinenführer/in - Weberei,1
2026-07-06,ostalbkreis,Fachkraft - Trockenbau,1
2026-07-06,ostalbkreis,Technische/r Zeichner/in - Heizungs-/Klima-/Sanitärtechnik,1
2026-07-06,ostalbkreis,Fachwirt/in - Verwaltung,1
2026-07-06,ostalbkreis,Buchbinder/in,1
2026-07-06,ostalbkreis,Industriemeister/in - Elektrotechnik,1
2026-07-06,ostalbkreis,Assistent/in - Bibliotheken,1
2026-07-06,ostalbkreis,Zweiradmechaniker/in - Fahrradtechnik,1
2026-07-06,ostalbkreis,Fassadenmonteur/in,1
2026-07-06,ostalbkreis,Fachkraft - Wasserversorgungstechnik,1
2026-07-06,ostalbkreis,Abfüller/in,1
2026-07-06,ostalbkreis,Konditormeister/in/Bachelor Professional im Konditor-Handwerk,1
2026-07-06,ostalbkreis,"Fliesen-, Platten- und Mosaiklegermeister/in/Bachelor Professional im Fliesen-, Platten- und Mosaikleger-Handwerk",1
2026-07-06,ostalbkreis,Pizzabäcker/in,1
2026-07-06,ostalbkreis,Ingenieur/in - Abfallwirtschaft,1
2026-07-06,ostalbkreis,Technische/r Systemplaner/in - Elektrotechnische Systeme,1
2026-07-06,ostalbkreis,Landmaschinenführer/in,1
2026-07-06,ostalbkreis,Chef de rang,1
2026-07-06,ostalbkreis,Vertriebscontroller/in,1
2026-07-06,ostalbkreis,Techniker/in - Bautechnik (ohne Schwerpunkt)/Bachelor Professional in Technik,1
2026-07-06,ostalbkreis,Qualitätsbeauftragte/r - Gesundheits-/Sozialwesen,1
2026-07-06,ostalbkreis,Werksteinhersteller/in,1
2026-07-06,ostalbkreis,Helfer/in - Tiefbau,1
2026-07-06,ostalbkreis,Schilder- und Lichtreklamehersteller/in,1
2026-07-06,ostalbkreis,Kraftfahrzeugelektriker/in,1
2026-07-06,waiblingen_15km,Verkäufer/in,166
2026-07-06,waiblingen_15km,Erzieher/in,116
2026-07-06,waiblingen_15km,Gabelstaplerfahrer/in,103
2026-07-06,waiblingen_15km,Ingenieur/in - Elektrotechnik,94
2026-07-06,waiblingen_15km,"Helfer/in - Lagerwirtschaft, Transport",88
2026-07-06,waiblingen_15km,Helfer/in - Reinigung,85
2026-07-06,waiblingen_15km,Elektroanlagenmonteur/in,85
2026-07-06,waiblingen_15km,Altenpfleger/in,81
2026-07-06,waiblingen_15km,Industriemechaniker/in,65
2026-07-06,waiblingen_15km,IT-Systemadministrator/in,65
2026-07-06,waiblingen_15km,Lager- und Transportarbeiter/in,63
2026-07-06,waiblingen_15km,Gesundheits- und Krankenpfleger/in,61
2026-07-06,waiblingen_15km,Fachkraft - Lagerlogistik,57
2026-07-06,waiblingen_15km,Berufskraftfahrer/in,57
2026-07-06,waiblingen_15km,Helfer/in - Verkauf,57
2026-07-06,waiblingen_15km,"Anlagenmechaniker/in - Sanitär-, Heizungs- und Klimatechnik",52
2026-07-06,waiblingen_15km,IT-Berater/in,52
2026-07-06,waiblingen_15km,Sozialarbeiter/in / Sozialpädagoge/-pädagogin,51
2026-07-06,waiblingen_15km,Medizinische/r Fachangestellte/r,50
2026-07-06,waiblingen_15km,Elektroniker/in - Energie- und Gebäudetechnik,48
2026-07-06,waiblingen_15km,Mechatroniker/in,46
2026-07-06,waiblingen_15km,Bürokaufmann/-frau,45
2026-07-06,waiblingen_15km,Maschinen- und Anlagenführer/in (ohne Angabe des Schwerpunkts),44
2026-07-06,waiblingen_15km,Elektroniker/in - Betriebstechnik,44
2026-07-06,waiblingen_15km,Montierer/in,42
2026-07-06,waiblingen_15km,Koch/Köchin,40
2026-07-06,waiblingen_15km,Informatiker/in,40
2026-07-06,waiblingen_15km,Kaufmann/-frau - Büromanagement,39
2026-07-06,waiblingen_15km,Helfer/in - Metallbearbeitung,38
2026-07-06,waiblingen_15km,Fachlagerist/in,37
2026-07-06,waiblingen_15km,"Filialleiter/in, Verkaufsstellenleiter/in",37
2026-07-06,waiblingen_15km,Helfer/in - Küche,36
2026-07-06,waiblingen_15km,Helfer/in - Elektro,35
2026-07-06,waiblingen_15km,Buchhalter/in,35
2026-07-06,waiblingen_15km,Anwendungsprogrammierer/in,35
2026-07-06,waiblingen_15km,Altenpflegehelfer/in,34
2026-07-06,waiblingen_15km,Kaufmännische Fachkraft,33
2026-07-06,waiblingen_15km,Zerspanungsmechaniker/in,33
2026-07-06,waiblingen_15km,Fachinformatiker/in - Systemintegration,33
2026-07-06,waiblingen_15km,Anlagenmechaniker/in,32
2026-07-06,waiblingen_15km,Elektroinstallateur/in,31
2026-07-06,waiblingen_15km,Heilerziehungspfleger/in,30
2026-07-06,waiblingen_15km,Industriekaufmann/-frau,30
2026-07-06,waiblingen_15km,CNC-Dreher/in,30
2026-07-06,waiblingen_15km,Finanzbuchhalter/in,30
2026-07-06,waiblingen_15km,Pflegefachmann/-frau (Altenpflege),30
2026-07-06,waiblingen_15km,CNC-Fräser/in,29
2026-07-06,waiblingen_15km,Physiotherapeut/in,29
2026-07-06,waiblingen_15km,Ingenieur/in - Bau,29
2026-07-06,waiblingen_15km,IT-Projektkoordinator/in,28
2026-07-06,waiblingen_15km,Controller/in,27
2026-07-06,waiblingen_15km,Kaufmann/-frau - Einzelhandel,26
2026-07-06,waiblingen_15km,"Maschinen- und Anlagenführer/in - Metall-, Kunststofftechnik",25
2026-07-06,waiblingen_15km,Restaurantfachmann/-frau,24
2026-07-06,waiblingen_15km,Softwareentwickler/in,24
2026-07-06,waiblingen_15km,Bankkaufmann/-frau,24
2026-07-06,waiblingen_15km,Bauleiter/in,24
2026-07-06,waiblingen_15km,Ingenieur/in - Maschinenbau,23
2026-07-06,waiblingen_15km,"Helfer/in - Kunststoff, Kautschuk",23
2026-07-06,waiblingen_15km,Projektleiter/in,23
2026-07-06,waiblingen_15km,Friseur/in,23
2026-07-06,waiblingen_15km,Sales-Manager/in,23
2026-07-06,waiblingen_15km,Büroassistent/in,22
2026-07-06,waiblingen_15km,Maler/in und Lackierer/in - Maler/in,22
2026-07-06,waiblingen_15km,Kommissionierer/in,22
2026-07-06,waiblingen_15km,Außendienstmitarbeiter/in,20
2026-07-06,waiblingen_15km,Kraftfahrzeugmechaniker/in,20
2026-07-06,waiblingen_15km,Tischler/in,20
2026-07-06,waiblingen_15km,Hausmeister/in,20
2026-07-06,waiblingen_15km,Betriebswirt/in (Hochschule),20
2026-07-06,waiblingen_15km,Betreuungskraft / Alltagsbegleiter/in,19
2026-07-06,waiblingen_15km,Metallbauer/in - Konstruktionstechnik,19
2026-07-06,waiblingen_15km,"Montagemechaniker/in, Anlagenmonteur/in",19
2026-07-06,waiblingen_15km,Operationstechnische/r Assistent/in,18
2026-07-06,waiblingen_15km,Löter/in,18
2026-07-06,waiblingen_15km,Steuerfachangestellte/r,18
2026-07-06,waiblingen_15km,Sachbearbeiter/in - Logistik,18
2026-07-06,waiblingen_15km,Servicekraft - Gastronomie und Gastgewerbe,18
2026-07-06,waiblingen_15km,Schweißer/in,18
2026-07-06,waiblingen_15km,Vertriebsassistent/in,17
2026-07-06,waiblingen_15km,Pflegefachmann/-frau (Gesundheits- und Krankenpflege),17
2026-07-06,waiblingen_15km,Arzt/Ärztin,17
2026-07-06,waiblingen_15km,Fachkrankenpfleger/in - Intensivpflege/Anästhesie,16
2026-07-06,waiblingen_15km,Helfer/in - Hauswirtschaft,16
2026-07-06,waiblingen_15km,Betriebsschlosser/in,16
2026-07-06,waiblingen_15km,Zahnmedizinische/r Fachangestellte/r,16
2026-07-06,waiblingen_15km,Ergotherapeut/in,16
2026-07-06,waiblingen_15km,Gebäudereiniger/in,16
2026-07-06,waiblingen_15km,Industrieelektriker/in - Betriebstechnik,15
2026-07-06,waiblingen_15km,Einkäufer/in,15
2026-07-06,waiblingen_15km,Feinwerkmechaniker/in,15
2026-07-06,waiblingen_15km,Projektingenieur/in,15
2026-07-06,waiblingen_15km,Rechtsanwaltsfachangestellte/r,15
2026-07-06,waiblingen_15km,Pflegeassistent/in,15
2026-07-06,waiblingen_15km,Ingenieur/in - Fahrzeugtechnik,15
2026-07-06,waiblingen_15km,Rechtsanwalt/Rechtsanwältin,15
2026-07-06,waiblingen_15km,Verwaltungswirt/in / Verwaltungsbetriebswirt/in,14
2026-07-06,waiblingen_15km,Hauswirtschafter/in,14
2026-07-06,waiblingen_15km,Einzelhandelskaufmann/-frau,14
2026-07-06,waiblingen_15km,Konstruktionsmechaniker/in,14
2026-07-06,waiblingen_15km,Speditionskaufmann/-frau,14
2026-07-06,waiblingen_15km,Maschineneinrichter/in (allgemein),13
2026-07-06,waiblingen_15km,Elektroniker/in - Geräte und Systeme,13
2026-07-06,waiblingen_15km,Gärtner/in - Garten- und Landschaftsbau,13
2026-07-06,waiblingen_15km,Steuerberater/in,13
2026-07-06,waiblingen_15km,Qualitätskontrolleur/in,13
2026-07-06,waiblingen_15km,CNC-Fachkraft/NC-Anwendungsfachmann/-frau,13
2026-07-06,waiblingen_15km,Pflegefachmann/-frau (Ausbildung),13
2026-07-06,waiblingen_15km,Gesundheits- und Krankenpflegehelfer/in,13
2026-07-06,waiblingen_15km,Fachberater/in - Vertrieb,12
2026-07-06,waiblingen_15km,Vertriebsberater/in,12
2026-07-06,waiblingen_15km,Personaldisponent/in,12
2026-07-06,waiblingen_15km,Lohn- und Gehaltsbuchhalter/in,12
2026-07-06,waiblingen_15km,Auslieferungsfahrer/in (nicht Verkaufsfahrer/in),12
2026-07-06,waiblingen_15km,Elektrofachkraft für festgelegte Tätigkeiten,12
2026-07-06,waiblingen_15km,Werkzeugmechaniker/in,12
2026-07-06,waiblingen_15km,Account-Manager/in,12
2026-07-06,waiblingen_15km,IT-Administrator/in,12
2026-07-06,waiblingen_15km,Verwaltungsfachangestellte/r - Kommunalverwaltung,11
2026-07-06,waiblingen_15km,Personalsachbearbeiter/in,11
2026-07-06,waiblingen_15km,Kaufmann/-frau - Spedition und Logistikdienstleistung,11
2026-07-06,waiblingen_15km,Automobilkaufmann/-frau,11
2026-07-06,waiblingen_15km,Fachverkäufer/in - Lebensmittelhandwerk (Fleischerei),11
2026-07-06,waiblingen_15km,Architekt/in,11
2026-07-06,waiblingen_15km,"Kundendienstmonteur/in, -techniker/in",10
2026-07-06,waiblingen_15km,"Helfer/in - Papier, Verpackung",10
2026-07-06,waiblingen_15km,Helfer/in - Fahrzeugbau und -instandhaltung,10
2026-07-06,waiblingen_15km,Pflegedienstleiter/in,10
2026-07-06,waiblingen_15km,Empfangskraft,10
2026-07-06,waiblingen_15km,Sozialpädagogische/r Assistent/in / Kinderpfleger/in,10
2026-07-06,waiblingen_15km,Bilanzbuchhalter/in/Bachelor Professional in Bilanzbuchhaltung,10
2026-07-06,waiblingen_15km,Zahnarzt/-ärztin,10
2026-07-06,waiblingen_15km,Wartungs- und Servicetechniker/in - Maschinenbau,10
2026-07-06,waiblingen_15km,Facility-Manager/in,10
2026-07-06,waiblingen_15km,Helfer/in - Metallbau,10
2026-07-06,waiblingen_15km,Empfangsmitarbeiter/in (Hotel),9
2026-07-06,waiblingen_15km,Kraftfahrzeugmechatroniker/in - Personenkraftwagentechnik,9
2026-07-06,waiblingen_15km,"Helfer/in - Maschinenbau, Betriebstechnik",9
2026-07-06,waiblingen_15km,Personalreferent/in,9
2026-07-06,waiblingen_15km,Hauswart/in/Haustechniker/in,9
2026-07-06,waiblingen_15km,Elektrotechnikermeister/in/Bachelor Professional im Elektrotechniker-Handwerk,9
2026-07-06,waiblingen_15km,Erzieher/in - Jugend- und Heimerziehung,9
2026-07-06,waiblingen_15km,Servicetechniker/in - IT,9
2026-07-06,waiblingen_15km,Betriebswirt/in (Hochschule) - Personalmanagement,9
2026-07-06,waiblingen_15km,Fachverkäufer/in - Lebensmittelhandwerk (Bäckerei),9
2026-07-06,waiblingen_15km,Wirtschaftsingenieur/in,9
2026-07-06,waiblingen_15km,Assistenzarzt/-ärztin,9
2026-07-06,waiblingen_15km,Gesundheits- und Kinderkrankenpfleger/in,9
2026-07-06,waiblingen_15km,ERP-Berater/in - ERP-Consultant,9
2026-07-06,waiblingen_15km,IT-Tester/in,9
2026-07-06,waiblingen_15km,Elektroniker/in - Automatisierungstechnik,8
2026-07-06,waiblingen_15km,Anästhesietechnische/r Assistent/in,8
2026-07-06,waiblingen_15km,Kassierer/in (Handel),8
2026-07-06,waiblingen_15km,Sachbearbeiter/in - Einkauf,8
2026-07-06,waiblingen_15km,Wirtschaftsinformatiker/in (Hochschule),8
2026-07-06,waiblingen_15km,Projektassistent/in,8
2026-07-06,waiblingen_15km,Sekretär/in,8
2026-07-06,waiblingen_15km,Industriereiniger/in (Gebäudereinigung),8
2026-07-06,waiblingen_15km,Kaufmann/-frau - Bürokommunikation,8
2026-07-06,waiblingen_15km,Ingenieur/in - Automatisierungstechnik,8
2026-07-06,waiblingen_15km,Metallbearbeiter/in,8
2026-07-06,waiblingen_15km,Logopäde/Logopädin,8
2026-07-06,waiblingen_15km,Verkaufssachbearbeiter/in,8
2026-07-06,waiblingen_15km,Forschungs- und Entwicklungsingenieur/in,8
2026-07-06,waiblingen_15km,DevOps Engineer,8
2026-07-06,waiblingen_15km,Jurist/in,8
2026-07-06,waiblingen_15km,Ingenieur/in - Luft- und Raumfahrttechnik,8
2026-07-06,waiblingen_15km,Wirtschaftsprüfer/in,8
2026-07-06,waiblingen_15km,"Gruppen-, Teamleiter/in",8
2026-07-06,waiblingen_15km,Fachberater/in - Bau- und Heimwerkermärkte,7
2026-07-06,waiblingen_15km,EDV-Sachbearbeiter/in,7
2026-07-06,waiblingen_15km,Event-Manager/in,7
2026-07-06,waiblingen_15km,Fahrzeuglackierer/in,7
2026-07-06,waiblingen_15km,Fahrer/in - Personenbeförderung,7
2026-07-06,waiblingen_15km,"Helfer/in - Büro, Verwaltung",7
2026-07-06,waiblingen_15km,Servicefahrer/in,7
2026-07-06,waiblingen_15km,Zahnmedizinische/r Prophylaxeassistent/in,7
2026-07-06,waiblingen_15km,Versicherungsberater/in,7
2026-07-06,waiblingen_15km,Verwaltungsangestellte/r - gehobener Dienst,7
2026-07-06,waiblingen_15km,Medizinisch-technische/r Radiologieassistent/in,7
2026-07-06,waiblingen_15km,Zahntechniker/in,7
2026-07-06,waiblingen_15km,Facharzt/-ärztin - Allgemeinmedizin (Hausarzt/-ärztin),7
2026-07-06,waiblingen_15km,Sozialassistent/in,7
2026-07-06,waiblingen_15km,Qualitätsingenieur/in,7
2026-07-06,waiblingen_15km,Automobilmechaniker/in,7
2026-07-06,waiblingen_15km,Kinderbetreuer/in,6
2026-07-06,waiblingen_15km,Elektroniker/in - Gebäude- und Infrastruktursysteme,6
2026-07-06,waiblingen_15km,Industrieelektriker/in - Geräte und Systeme,6
2026-07-06,waiblingen_15km,Recruiter/in,6
2026-07-06,waiblingen_15km,Logistiker/in,6
2026-07-06,waiblingen_15km,"Helfer/in - Feinmechanik, Werkzeugbau",6
2026-07-06,waiblingen_15km,Netzwerk-Servicetechniker/in,6
2026-07-06,waiblingen_15km,Küchenchef/in,6
2026-07-06,waiblingen_15km,Tiefbaufacharbeiter/in (ohne Angabe des Schwerpunkts),6
2026-07-06,waiblingen_15km,Rollladen- und Sonnenschutzmechatroniker/in,6
2026-07-06,waiblingen_15km,Fachkraft - Brief- und Frachtverkehr,6
2026-07-06,waiblingen_15km,Abfüller/in,6
2026-07-06,waiblingen_15km,Personalberater/in,6
2026-07-06,waiblingen_15km,Werkzeugmacher/in,6
2026-07-06,waiblingen_15km,Stuckateur/in,6
2026-07-06,waiblingen_15km,Key-Account-Manager/in,6
2026-07-06,waiblingen_15km,Kraftfahrzeugtechnikermeister/in/Bachelor Professional im Kraftfahrzeugtechniker-Handwerk,6
2026-07-06,waiblingen_15km,Helfer/in - Ver- und Entsorgung,6
2026-07-06,waiblingen_15km,Baumaschinenführer/in,6
2026-07-06,waiblingen_15km,WIG-Schweißer/in,6
2026-07-06,waiblingen_15km,IT-Qualitätssicherungskoordinator/in,6
2026-07-06,waiblingen_15km,Produktionsfachkraft Chemie,6
2026-07-06,waiblingen_15km,IT-Sicherheitskoordinator/in,6
2026-07-06,waiblingen_15km,Kindergartenleiter/in,6
2026-07-06,waiblingen_15km,"Vorarbeiter/in - Sanitär-, Heizungs- und Klimatechnik",6
2026-07-06,waiblingen_15km,"Fachverkäufer/in - Textilien, Bekleidung",6
2026-07-06,waiblingen_15km,Assistent/in/Fachkraft - Rechnungswesen,6
2026-07-06,waiblingen_15km,Beton- und Stahlbetonbauer/in,6
2026-07-06,waiblingen_15km,Facharzt/-ärztin - Innere Medizin,6
2026-07-06,waiblingen_15km,Helfer/in - Altenpflege/Persönliche Assistenz,6
2026-07-06,waiblingen_15km,Stationsleiter/in - Kranken-/Alten-/Kinderkrankenpflege,6
2026-07-06,waiblingen_15km,Industriemeister/in - Elektrotechnik,6
2026-07-06,waiblingen_15km,Vertriebsingenieur/in,6
2026-07-06,waiblingen_15km,Testingenieur/in,6
2026-07-06,waiblingen_15km,Verkaufsberater/in,6
2026-07-06,waiblingen_15km,Bauelektriker/in,6
2026-07-06,waiblingen_15km,Industriemeister/in - Metall,6
2026-07-06,waiblingen_15km,Maschinenzusammensetzer/in,6
2026-07-06,waiblingen_15km,Vertriebstechniker/in,5
2026-07-06,waiblingen_15km,Lackierer/in - Spritzlackierung,5
2026-07-06,waiblingen_15km,Pädagoge/Pädagogin,5
2026-07-06,waiblingen_15km,Zimmerer/Zimmerin,5
2026-07-06,waiblingen_15km,Fachkraft - Kreislauf- und Abfallwirtschaft,5
2026-07-06,waiblingen_15km,Qualitätsmanager/in,5
2026-07-06,waiblingen_15km,Kinderpflegehelfer/in,5
2026-07-06,waiblingen_15km,Disponent/in - Güterverkehr,5
2026-07-06,waiblingen_15km,Vorarbeiter/in - Reinigung,5
2026-07-06,waiblingen_15km,Bereichsleiter/in,5
2026-07-06,waiblingen_15km,Augenoptiker/in,5
2026-07-06,waiblingen_15km,Maler/in und Lackierer/in - Gestaltung und Instandhaltung,5
2026-07-06,waiblingen_15km,Dachdecker/in,5
2026-07-06,waiblingen_15km,Kartenverkäufer/in,5
2026-07-06,waiblingen_15km,Facharzt/-ärztin - Arbeitsmedizin,5
2026-07-06,waiblingen_15km,"Helfer/in - Malerei, Lackiererei",5
2026-07-06,waiblingen_15km,Promoter/in,5
2026-07-06,waiblingen_15km,Beamter/Beamtin - Allgemeine Innere Verwaltung (gehobener nichttechnischer Dienst),5
2026-07-06,waiblingen_15km,Business-Analyst/in,5
2026-07-06,waiblingen_15km,Elektroniker/in - Informations- und Telekommunikationstechnik,5
2026-07-06,waiblingen_15km,Compliance-Manager/in,5
2026-07-06,waiblingen_15km,Jugendreferent/in,5
2026-07-06,waiblingen_15km,Disponent/in - Lager,5
2026-07-06,waiblingen_15km,Masseur/in und medizinische/r Bademeister/in,5
2026-07-06,waiblingen_15km,Elektroniker/in - Automatisierungs- und Systemtechnik,5
2026-07-06,waiblingen_15km,IT-Kundenbetreuer/in,5
2026-07-06,waiblingen_15km,Data Engineer,5
2026-07-06,waiblingen_15km,Inbetriebnahmetechniker/in - Elektrotechnik,5
2026-07-06,waiblingen_15km,Mechatroniker/in - Kältetechnik,5
2026-07-06,waiblingen_15km,Sicherheitsmitarbeiter/in,5
2026-07-06,waiblingen_15km,Zentralheizungs- und Lüftungsbauer/in,5
2026-07-06,waiblingen_15km,Fachkinderkrankenpfleger/in - Intensivpflege/Anästhesie,5
2026-07-06,waiblingen_15km,Techniker/in - Bautechnik (ohne Schwerpunkt)/Bachelor Professional in Technik,4
2026-07-06,waiblingen_15km,Berater/in - Immobilienfinanzierung,4
2026-07-06,waiblingen_15km,Geprüfte Schutz- und Sicherheitskraft (IHK),4
2026-07-06,waiblingen_15km,Schweißer/in - Konstruktionstechnik,4
2026-07-06,waiblingen_15km,Dreher/in,4
2026-07-06,waiblingen_15km,Fachverkäufer/in - Nahrungsmittelhandwerk (Bäckerei/Konditorei),4
2026-07-06,waiblingen_15km,Verfahrensmechaniker/in - Kunststoff- und Kautschuktechnik - Formteile,4
2026-07-06,waiblingen_15km,Fachkraft - Logistik/Materialwirtschaft,4
2026-07-06,waiblingen_15km,Bautischler/in,4
2026-07-06,waiblingen_15km,Marketingfachkraft/-assistent/in,4
2026-07-06,waiblingen_15km,Verfahrensmechaniker/in - Kunststoff- und Kautschuktechnik - Bauteile,4
2026-07-06,waiblingen_15km,Operationstechnische/r Angestellte/r,4
2026-07-06,waiblingen_15km,Fachkraft - Qualitätssicherung/-management,4
2026-07-06,waiblingen_15km,Automobil-Serviceberater/in,4
2026-07-06,waiblingen_15km,IT-Vertriebsbeauftragte/r,4
2026-07-06,waiblingen_15km,Instandhaltungstechniker/in,4
2026-07-06,waiblingen_15km,Büfettkraft,4
2026-07-06,waiblingen_15km,Verkäufer/in - Nahrungsmittelhandwerk,4
2026-07-06,waiblingen_15km,Nachtwache - Pflege,4
2026-07-06,waiblingen_15km,Klempner/in,4
2026-07-06,waiblingen_15km,Tischlermeister/in/Bachelor Professional im Tischler-Handwerk,4
2026-07-06,waiblingen_15km,Hörakustiker/in,4
2026-07-06,waiblingen_15km,Mechaniker/in - Karosserieinstandhaltungstechnik,4
2026-07-06,waiblingen_15km,Fachkraft - Schutz und Sicherheit,4
2026-07-06,waiblingen_15km,Social-Media-Manager/in,4
2026-07-06,waiblingen_15km,Pizzabäcker/in,4
2026-07-06,waiblingen_15km,Fullstack-Entwickler/in,4
2026-07-06,waiblingen_15km,Medientechnologe/-technologin Druck,4
2026-07-06,waiblingen_15km,Datenbankentwickler/in,4
2026-07-06,waiblingen_15km,Metallbauer/in - Anlagen- und Fördertechnik,4
2026-07-06,waiblingen_15km,Kindheitspädagoge/-pädagogin,4
2026-07-06,waiblingen_15km,Fachkraft - Marketing/Verkauf/Vertrieb,4
2026-07-06,waiblingen_15km,Content-Manager/in,4
2026-07-06,waiblingen_15km,Praxisanleiter/in - Pflegeberufe,4
2026-07-06,waiblingen_15km,Betriebswirt/in (Hochschule) - Marketing,4
2026-07-06,waiblingen_15km,IT-Projektleiter/in (Weiterbildung/Ausbildung),4
2026-07-06,waiblingen_15km,Ingenieur/in - Versorgungstechnik,4
2026-07-06,waiblingen_15km,Spezialitätenkoch/-köchin,4
2026-07-06,waiblingen_15km,Fachverkäufer/in - Kraftfahrzeuge,4
2026-07-06,waiblingen_15km,Kunststoff-Formgeber/in,4
2026-07-06,waiblingen_15km,Fachkraft - Mechatronik,4
2026-07-06,waiblingen_15km,Produktionstechnologe/-technologin,4
2026-07-06,waiblingen_15km,Leiter/in - Vertrieb,4
2026-07-06,waiblingen_15km,"Fachkraft - Möbel-, Küchen- und Umzugsservice",4
2026-07-06,waiblingen_15km,"Helfer/in - Klempnerei, Installation",4
2026-07-06,waiblingen_15km,Gas- und Wasserinstallateur/in,4
2026-07-06,waiblingen_15km,Krankenschwester/-pfleger,4
2026-07-06,waiblingen_15km,Bauleitende/r Monteur/in,4
2026-07-06,waiblingen_15km,Kommunikationselektroniker/in - Telekommunikationstechnik,4
2026-07-06,waiblingen_15km,Fuhrparkleiter/in,4
2026-07-06,waiblingen_15km,IT-Manager/in,4
2026-07-06,waiblingen_15km,Facharzt/-ärztin - Psychiatrie und Psychotherapie,4
2026-07-06,waiblingen_15km,CNC-Schleifer/in,4
2026-07-06,waiblingen_15km,"Ingenieur/in - Informations-, Kommunikationstechnik",4
2026-07-06,waiblingen_15km,Konditor/in,4
2026-07-06,waiblingen_15km,Verfahrensmechaniker/in - Kunststoff- und Kautschuktechnik (mit Schwerpunkten),4
2026-07-06,waiblingen_15km,Helfer/in - Friseurgewerbe,4
2026-07-06,waiblingen_15km,Lehrer/in/Dozent/in - Erwachsenenbildung,3
2026-07-06,waiblingen_15km,Kreditsachbearbeiter/in,3
2026-07-06,waiblingen_15km,Fachlehrkraft - Förderschulen,3
2026-07-06,waiblingen_15km,Immobilienmakler/in,3
2026-07-06,waiblingen_15km,Friseurmeister/in/Bachelor Professional im Friseur-Handwerk,3
2026-07-06,waiblingen_15km,Florist/in,3
2026-07-06,waiblingen_15km,Helfer/in - Chemie- und Pharmatechnik,3
2026-07-06,waiblingen_15km,Schulbegleiter/in,3
2026-07-06,waiblingen_15km,Pflegeassistent/in (Gesundheits- und Krankenpflege),3
2026-07-06,waiblingen_15km,Polier/in - Tiefbau,3
2026-07-06,waiblingen_15km,Vorarbeiter/in - Tiefbau,3
2026-07-06,waiblingen_15km,Leiter/in - Logistik,3
2026-07-06,waiblingen_15km,Gerüstbauer/in,3
2026-07-06,waiblingen_15km,Helfer/in - Tiefbau,3
2026-07-06,waiblingen_15km,EDV-Fachkraft,3
2026-07-06,waiblingen_15km,Testfahrer/in,3
2026-07-06,waiblingen_15km,Facharzt/-ärztin - Innere Medizin und Endokrinologie und Diabetologie,3
2026-07-06,waiblingen_15km,"Techniker/in - Heizungs-, Lüftungs-, Klimatechnik/Bachelor Professional in Technik",3
2026-07-06,waiblingen_15km,Cloud-Architect,3
2026-07-06,waiblingen_15km,Innendienstleiter/in,3
2026-07-06,waiblingen_15km,Leiter/in - Gastronomiebetrieb,3
2026-07-06,waiblingen_15km,Kommunikationswissenschaftler/in,3
2026-07-06,waiblingen_15km,Fachkrankenpfleger/in - Nephrologie,3
2026-07-06,waiblingen_15km,Helfer/in - Ausbau,3
2026-07-06,waiblingen_15km,Fachkraft - Gastronomie (Restaurantservice),3
2026-07-06,waiblingen_15km,Niederlassungsleiter/in,3
2026-07-06,waiblingen_15km,Empfangschef/in (Hotel),3
2026-07-06,waiblingen_15km,Beikoch/-köchin,3
2026-07-06,waiblingen_15km,Assistent/in - Logistik,3
2026-07-06,waiblingen_15km,Geschäftsführer/in,3
2026-07-06,waiblingen_15km,Immobilienkaufmann/-frau,3
2026-07-06,waiblingen_15km,Maschinen- und Anlagenführer/in - Lebensmitteltechnik,3
2026-07-06,waiblingen_15km,Nachhaltigkeitsmanager/in,3
2026-07-06,waiblingen_15km,Holzmechaniker/in - Möbelbau und Innenausbau,3
2026-07-06,waiblingen_15km,Schleifer/in,3
2026-07-06,waiblingen_15km,Finanzwirt/in,3
2026-07-06,waiblingen_15km,Fachkraft - Metalltechnik - Montagetechnik,3
2026-07-06,waiblingen_15km,Psychologe/Psychologin,3
2026-07-06,waiblingen_15km,Wirtschaftsjurist/in,3
2026-07-06,waiblingen_15km,Fachkaufmann/-frau - Einkauf und Logistik,3
2026-07-06,waiblingen_15km,Objektverwalter/in (Immobilien),3
2026-07-06,waiblingen_15km,Gärtnermeister/in - Garten- und Landschaftsbau,3
2026-07-06,waiblingen_15km,Arbeitsvorbereiter/in,3
2026-07-06,waiblingen_15km,Fachkraft - Veranstaltungstechnik,3
2026-07-06,waiblingen_15km,Ingenieur/in - Umweltschutz/Umwelttechnik,3
2026-07-06,waiblingen_15km,Maurer/in,3
2026-07-06,waiblingen_15km,Verfahrensmechaniker/in - Beschichtungstechnik,3
2026-07-06,waiblingen_15km,Servicetechniker/in - Sicherheits-/Alarmanlagen,3
2026-07-06,waiblingen_15km,Fachkraft - Kindertageseinrichtungen,3
2026-07-06,waiblingen_15km,Lehrkraft - Schulen im Gesundheitswesen,3
2026-07-06,waiblingen_15km,"Verwaltungsangestellte/r - Krankenkassen, Krankenhäuser, Kliniken",3
2026-07-06,waiblingen_15km,Glaser/in - Fenster- und Glasfassadenbau,3
2026-07-06,waiblingen_15km,Data-Consultant,3
2026-07-06,waiblingen_15km,Maler/in und Tapezierer/in,3
2026-07-06,waiblingen_15km,Hotelfachmann/-frau,3
2026-07-06,waiblingen_15km,Kunststoff- und Kautschuktechnologe/-technologin - Bauteile,3
2026-07-06,waiblingen_15km,Kundendienstberater/in,3
2026-07-06,waiblingen_15km,Biologisch-technische/r Assistent/in,3
2026-07-06,waiblingen_15km,Kosmetiker/in,3
2026-07-06,waiblingen_15km,Leiter/in - Finanz- und Rechnungswesen,3
2026-07-06,waiblingen_15km,SPS-Fachkraft,3
2026-07-06,waiblingen_15km,Einrichtungsfachberater/in/Bachelor Professional in Wirtschaft,3
2026-07-06,waiblingen_15km,Betriebswirt/in (Fachschule) - Projektmanagement,3
2026-07-06,waiblingen_15km,Schilder- und Lichtreklamehersteller/in,3
2026-07-06,waiblingen_15km,Kraftfahrzeugmechatroniker/in - Nutzfahrzeugtechnik,3
2026-07-06,waiblingen_15km,Kalkulator/in,3
2026-07-06,waiblingen_15km,Unternehmensberater/in,3
2026-07-06,waiblingen_15km,Helfer/in - Gastgewerbe,3
2026-07-06,waiblingen_15km,Helfer/in - Hotel,3
2026-07-06,waiblingen_15km,Technische/r Systemplaner/in - Versorgungs- und Ausrüstungstechnik,3
2026-07-06,waiblingen_15km,Netzwerkadministrator/in,3
2026-07-06,waiblingen_15km,Elektroniker/in - Automatisierungstechnik (Handwerk),3
2026-07-06,waiblingen_15km,First-Level-Supporter/in,3
2026-07-06,waiblingen_15km,Trockenbaumonteur/in,3
2026-07-06,waiblingen_15km,Leiter/in - Risikomanagement,3
2026-07-06,waiblingen_15km,Leitende/r Haustechniker/in,3
2026-07-06,waiblingen_15km,Ingenieur/in - Verkehrswesen,3
2026-07-06,waiblingen_15km,Kraftfahrzeug-Servicetechniker/in,3
2026-07-06,waiblingen_15km,Taxifahrer/in,3
2026-07-06,waiblingen_15km,Fachkraft - Lagerwirtschaft,3
2026-07-06,waiblingen_15km,HR Business Partner,3
2026-07-06,waiblingen_15km,Verwaltungswissenschaftler/in,3
2026-07-06,waiblingen_15km,Bäcker/in,3
2026-07-06,waiblingen_15km,Fahrzeugpfleger/in,3
2026-07-06,waiblingen_15km,Klempner/in und Installateur/in,3
2026-07-06,waiblingen_15km,Pharmazeutisch-technische/r Assistent/in,3
2026-07-06,waiblingen_15km,Business-Development-Manager/in,3
2026-07-06,waiblingen_15km,Helfer/in - stationäre Krankenpflege,3
2026-07-06,waiblingen_15km,Kaufmann/-frau - Groß- und Außenhandel (Großhandel),3
2026-07-06,waiblingen_15km,Kaufmann/-frau - IT-System-Management,3
2026-07-06,waiblingen_15km,Forstwirt/in,3
2026-07-06,waiblingen_15km,Mechaniker/in - Land- und Baumaschinentechnik,3
2026-07-06,waiblingen_15km,Technische/r Redakteur/in,3
2026-07-06,waiblingen_15km,Fachkaufmann/-frau - Büromanagement,3
2026-07-06,waiblingen_15km,Assistent/in - Steuerberatung,3
2026-07-06,waiblingen_15km,Ingenieur/in - technische Gebäudeausrüstung,3
2026-07-06,waiblingen_15km,Techniker/in - Elektrotechnik (ohne Schwerpunkt)/Bachelor Professional in Technik,3
2026-07-06,waiblingen_15km,Glasfasermonteur/in,3
2026-07-06,waiblingen_15km,Film- und Videoeditor/in,3
2026-07-06,waiblingen_15km,Fräser/in,2
2026-07-06,waiblingen_15km,Berufseinstiegsbegleiter/in,2
2026-07-06,waiblingen_15km,Elektroniker/in - Maschinen und Antriebstechnik (Ausbildung bis 2021),2
2026-07-06,waiblingen_15km,Qualitätssicherungstechniker/in,2
2026-07-06,waiblingen_15km,"Fliesen-, Platten- und Mosaiklegermeister/in/Bachelor Professional im Fliesen-, Platten- und Mosaikleger-Handwerk",2
2026-07-06,waiblingen_15km,Konstrukteur/in - Maschinen-/Anlagentechnik,2
2026-07-06,waiblingen_15km,Kaufmännische/r Assistent/in/Wirtschaftsassistent/in - E-Business Management,2
2026-07-06,waiblingen_15km,Karosserie- und Fahrzeugbaumechaniker/in - Fahrzeugbautechnik,2
2026-07-06,waiblingen_15km,Techniker/in - Maschinentechnik (Fertigungstechnik)/Bachelor Professional in Technik,2
2026-07-06,waiblingen_15km,Meister/in - Veranstaltungstechnik (Beleuchtung),2
2026-07-06,waiblingen_15km,Lackierer/in - Holz und Metall,2
2026-07-06,waiblingen_15km,Fachkraft - Veranstaltungstechnik (mit Schwerpunkten),2
2026-07-06,waiblingen_15km,Bauwerksabdichter/in,2
2026-07-06,waiblingen_15km,Physiker/in,2
2026-07-06,waiblingen_15km,Warenannehmer/in,2
2026-07-06,waiblingen_15km,Lehrer/in - Förderschulen,2
2026-07-06,waiblingen_15km,Bauzeichner/in,2
2026-07-06,waiblingen_15km,Podologe/Podologin,2
2026-07-06,waiblingen_15km,Baugeräteführer/in,2
2026-07-06,waiblingen_15km,Leiter/in - Verkauf (Handel),2
2026-07-06,waiblingen_15km,Fachverkäufer/in - Nahrungsmittel,2
2026-07-06,waiblingen_15km,Bar-Chef/in,2
2026-07-06,waiblingen_15km,Zerspanungsmechaniker/in - Automaten-Drehtechnik,2
2026-07-06,waiblingen_15km,Heilpädagoge/-pädagogin,2
2026-07-06,waiblingen_15km,Chef de rang,2
2026-07-06,waiblingen_15km,Energieelektroniker/in - Anlagentechnik,2
2026-07-06,waiblingen_15km,Fitnesstrainer/in,2
2026-07-06,waiblingen_15km,"Helfer/in - Metallerzeugung, Gießerei",2
2026-07-06,waiblingen_15km,"Ingenieur/in - Robotik, Autonome Systeme",2
2026-07-06,waiblingen_15km,Betriebswirt/in (Hochschule) - Steuern und Prüfungswesen,2
2026-07-06,waiblingen_15km,Fachkrankenpfleger/in - Psychiatrie,2
2026-07-06,waiblingen_15km,Bestattungsfachkraft,2
2026-07-06,waiblingen_15km,Fachwirt/in - Steuer,2
2026-07-06,waiblingen_15km,"Fliesen-, Platten- und Mosaikleger/in",2
2026-07-06,waiblingen_15km,Elektroniker/in - Prüffeld,2
2026-07-06,waiblingen_15km,Betriebsleiter/in - Hotel und Gaststätten/Bachelor Professional in Hauswirtschaft,2
2026-07-06,waiblingen_15km,Objektleiter/in (Gebäudereinigung),2
2026-07-06,waiblingen_15km,Zweiradmechaniker/in - Motorradtechnik,2
2026-07-06,waiblingen_15km,Kaufmann/-frau - Versicherungen und Finanzanlagen,2
2026-07-06,waiblingen_15km,Hauswirtschafter/in - Personenbetreuende Dienstleistungen,2
2026-07-06,waiblingen_15km,Gerätezusammensetzer/in,2
2026-07-06,waiblingen_15km,"Barmixer/in, Barkeeper/in",2
2026-07-06,waiblingen_15km,Chefarzt/-ärztin,2
2026-07-06,waiblingen_15km,Supply-Chain-Manager/in,2
2026-07-06,waiblingen_15km,Technische/r Einkäufer/in,2
2026-07-06,waiblingen_15km,Fachkaufmann/-frau - Vertrieb,2
2026-07-06,waiblingen_15km,Helfer/in - Lebensmittelherstellung,2
2026-07-06,waiblingen_15km,Feinwerkmechaniker/in - Werkzeugbau,2
2026-07-06,waiblingen_15km,Kundenberater/in - Tischlerhandwerk,2
2026-07-06,waiblingen_15km,Volkswirt/in,2
2026-07-06,waiblingen_15km,Medizinisch-technische/r Laboratoriumsassistent/in,2
2026-07-06,waiblingen_15km,Web Developer,2
2026-07-06,waiblingen_15km,Rettungsassistent/in,2
2026-07-06,waiblingen_15km,Kraftfahrzeugsachverständige/r,2
2026-07-06,waiblingen_15km,Rohrleitungsbauer/in,2
2026-07-06,waiblingen_15km,Straßenbauer/in,2
2026-07-06,waiblingen_15km,Helfer/in - Textilherstellung,2
2026-07-06,waiblingen_15km,Tierarzt/-ärztin - Haus- und Heimtiere,2
2026-07-06,waiblingen_15km,Verkehrsbauingenieur/in,2
2026-07-06,waiblingen_15km,Reiseberater/in (Bahn),2
2026-07-06,waiblingen_15km,Energiemanager/in,2
2026-07-06,waiblingen_15km,Application-Engineer/-Manager/in,2
2026-07-06,waiblingen_15km,Callcenteragent/in,2
2026-07-06,waiblingen_15km,Schadensregulierer/in (Versicherung),2
2026-07-06,waiblingen_15km,Industriemechaniker/in - Betriebstechnik,2
2026-07-06,waiblingen_15km,Fachwirt/in - Verwaltung,2
2026-07-06,waiblingen_15km,Tierarzt/Tierärztin,2
2026-07-06,waiblingen_15km,Wirtschaftsinformatiker/in - IT-Systeme,2
2026-07-06,waiblingen_15km,"Kundenberater/in (Bank, Sparkasse)",2
2026-07-06,waiblingen_15km,Kaufmännische/r Assistent/in/Wirtschaftsassistent/in - Bürowirtschaft,2
2026-07-06,waiblingen_15km,Betriebswirt/in (Fachschule) - Absatz/Marketing/Bachelor Professional in Wirtschaft,2
2026-07-06,waiblingen_15km,Chemisch-technische/r Assistent/in,2
2026-07-06,waiblingen_15km,Brandschutzfachkraft,2
2026-07-06,waiblingen_15km,Helfer/in - Metalloberflächenbearbeitung,2
2026-07-06,waiblingen_15km,Fachanwalt/-anwältin,2
2026-07-06,waiblingen_15km,Fachmann/-frau - Systemgastronomie,2
2026-07-06,waiblingen_15km,IT-Compliance-Consultant,2
2026-07-06,waiblingen_15km,Schädlingsbekämpfer/in,2
2026-07-06,waiblingen_15km,Pädagogische/r Psychologe/Psychologin,2
2026-07-06,waiblingen_15km,Second-Level-Supporter/in,2
2026-07-06,waiblingen_15km,Ingenieur/in - Gebäudetechnik/Facility-Management,2
2026-07-06,waiblingen_15km,Vermessungstechniker/in - Vermessung,2
2026-07-06,waiblingen_15km,Fleischer/in,2
2026-07-06,waiblingen_15km,Geldwäschebeauftragte/r,2
2026-07-06,waiblingen_15km,Beamter/Beamtin - Kommunalverwaltung (gehobener nichttechnischer Dienst),2
2026-07-06,waiblingen_15km,Interviewer/in,2
2026-07-06,waiblingen_15km,Fachinformatiker/in - Anwendungsentwicklung,2
2026-07-06,waiblingen_15km,Fachwirt/in - Facility-Management,2
2026-07-06,waiblingen_15km,Helfer/in - Druck,2
2026-07-06,waiblingen_15km,Facharzt/-ärztin - Laboratoriumsmedizin,2
2026-07-06,waiblingen_15km,Ingenieur/in - Service/Instandhaltung,2
2026-07-06,waiblingen_15km,Fachkraft - Gastronomie,2
2026-07-06,waiblingen_15km,Brandschutzfachkraft (Brandschutzmonteur/in),2
2026-07-06,waiblingen_15km,Eisenbahner/in - Betriebsdienst - Lokführer/in und Transport,2
2026-07-06,waiblingen_15km,Versicherungskaufmann/-frau,2
2026-07-06,waiblingen_15km,Servicetechniker/in - Land- und Baumaschinen,2
2026-07-06,waiblingen_15km,Chemielaborant/in,2
2026-07-06,waiblingen_15km,Facharzt/-ärztin - Anästhesiologie,2
2026-07-06,waiblingen_15km,Industriemechaniker/in - Produktionstechnik,2
2026-07-06,waiblingen_15km,Cyber-Security-Consultant,2
2026-07-06,waiblingen_15km,Betriebstechniker/in,2
2026-07-06,waiblingen_15km,MAG-Schweißer/in,2
2026-07-06,waiblingen_15km,Parkettleger/in,2
2026-07-06,waiblingen_15km,Anlagenmechaniker/in - Schweißtechnik,2
2026-07-06,waiblingen_15km,Werkzeugmechaniker/in - Formentechnik,2
2026-07-06,waiblingen_15km,Kaufmann/-frau - Gesundheitswesen,2
2026-07-06,waiblingen_15km,Heilerziehungspfleger/in - Rehabilitation,2
2026-07-06,waiblingen_15km,Tiefbauingenieur/in,2
2026-07-06,waiblingen_15km,Ingenieur/in - Erneuerbare Energien,2
2026-07-06,waiblingen_15km,Leiter/in - IT,2
2026-07-06,waiblingen_15km,Technische/r Systemplaner/in - Elektrotechnische Systeme,2
2026-07-06,waiblingen_15km,Bauklempner/in,2
2026-07-06,waiblingen_15km,Arzthelfer/in,2
2026-07-06,waiblingen_15km,Helfer/in - Farb- und Lacktechnik,2
2026-07-06,waiblingen_15km,Lehrer/in (Uni) - Gesamtschulen,2
2026-07-06,waiblingen_15km,Schwimmlehrer/in,2
2026-07-06,waiblingen_15km,Berufstrainer/in - Sport,2
2026-07-06,waiblingen_15km,Elektromaschinenbauer/in,2
2026-07-06,waiblingen_15km,Verwaltungsfachangestellte/r - Bundesverwaltung,2
2026-07-06,waiblingen_15km,Fachkraft - Demontage,2
2026-07-06,waiblingen_15km,Sicherheitstechniker/in (IT),2
2026-07-06,waiblingen_15km,Verkaufsleiter/in im Lebensmittelhandwerk,2
2026-07-06,waiblingen_15km,Hauswirtschaftliche/r Betriebsleiter/in/Bachelor Professional in Wirtschaft,2
2026-07-06,waiblingen_15km,Pädagogische Fachkraft - Grundschulkindbetreuung,2
2026-07-06,waiblingen_15km,Pflegepädagoge/-pädagogin,2
2026-07-06,waiblingen_15km,Installateur- und Heizungsbauermeister/in/Bachelor Professional im Installateur- und Heizungsbauer-Handwerk,2
2026-07-06,waiblingen_15km,Sozialwissenschaftler/in,2
2026-07-06,waiblingen_15km,Werkstoffprüfer/in - Metalltechnik,2
2026-07-06,waiblingen_15km,Personaldienstleistungskaufmann/-frau,2
2026-07-06,waiblingen_15km,Telefonist/in,2
2026-07-06,waiblingen_15km,Werkstattleiter/in,2
2026-07-06,waiblingen_15km,Anlagenmechaniker/in - Versorgungstechnik,2
2026-07-06,waiblingen_15km,Berufsspezialist/in - ambulante medizinische Versorgung,2
2026-07-06,waiblingen_15km,Rettungshelfer/in,2
2026-07-06,waiblingen_15km,Agiler Coach / Scrum Master,2
2026-07-06,waiblingen_15km,Umweltwissenschaftler/in,2
2026-07-06,waiblingen_15km,Klinische Kodierfachkraft,2
2026-07-06,waiblingen_15km,Techniker/in - Maschinentechnik (ohne Schwerpunkt)/Bachelor Professional in Technik,2
2026-07-06,waiblingen_15km,Regulatory-Affairs-Manager/in,2
2026-07-06,waiblingen_15km,Produktmanager/in,2
2026-07-06,waiblingen_15km,Fachpflegekraft - Psychiatrie,2
2026-07-06,waiblingen_15km,Assistent/in - Personalwesen,2
2026-07-06,waiblingen_15km,Betriebswirt/in (Hochschule) - Immobilien,2
2026-07-06,waiblingen_15km,Geowissenschaftler/in,2
2026-07-06,waiblingen_15km,Physiotherapeut/in (Sportphysiotherapie),2
2026-07-06,waiblingen_15km,Binnenschiffer/in,2
2026-07-06,waiblingen_15km,Leiter/in - Kundendienst (kaufmännisch),2
2026-07-06,waiblingen_15km,Bauabrechner/in,2
2026-07-06,waiblingen_15km,Helfer/in - Gartenbau,2
2026-07-06,waiblingen_15km,Techniker/in - Kraftfahrzeugtechnik/Bachelor Professional in Technik,2
2026-07-06,waiblingen_15km,IT-System-Elektroniker/in,2
2026-07-06,waiblingen_15km,Techniker/in - Bautechnik (Hochbau)/Bachelor Professional in Technik,2
2026-07-06,waiblingen_15km,Lean-Manager/in,2
2026-07-06,waiblingen_15km,Konstrukteur/in - Elektrotechnik,2
2026-07-06,waiblingen_15km,Biologielaborant/in,2
2026-07-06,waiblingen_15km,Personalentwickler/in,2
2026-07-06,waiblingen_15km,E-Commerce-Manager/in,2
2026-07-06,waiblingen_15km,Hebamme,2
2026-07-06,waiblingen_15km,Medizinische/r Technologe/Technologin - Radiologie,2
2026-07-06,waiblingen_15km,CRM-Manager/in,2
2026-07-06,waiblingen_15km,Ingenieur/in - Sicherheitstechnik,2
2026-07-06,waiblingen_15km,Redakteur/in,2
2026-07-06,waiblingen_15km,Drogist/in,2
2026-07-06,waiblingen_15km,Anwendungssystemadministrator/in,2
2026-07-06,waiblingen_15km,Helfer/in - Hochbau,2
2026-07-06,waiblingen_15km,Glasreiniger/in,2
2026-07-06,waiblingen_15km,Sporttherapeut/in,2
2026-07-06,waiblingen_15km,Rettungssanitäter/in,2
2026-07-06,waiblingen_15km,Sous-Chef/in,2
2026-07-06,waiblingen_15km,Inbetriebnahmeingenieur/in,2
2026-07-06,waiblingen_15km,Notfallsanitäter/in,2
2026-07-06,waiblingen_15km,Insolvenzsachbearbeiter/in,2
2026-07-06,waiblingen_15km,Bürogehilf(e/in),2
2026-07-06,waiblingen_15km,Maler- und Lackierermeister/in/Bachelor Professional im Maler- und Lackierer-Handwerk,2
2026-07-06,waiblingen_15km,Bau- und Projektkaufmann/-frau,2
2026-07-06,waiblingen_15km,Medizinprodukteberater/in,2
2026-07-06,waiblingen_15km,Leiter/in - Engineering,2
2026-07-06,waiblingen_15km,Ingenieur/in - Verfahrenstechnik,2
2026-07-06,waiblingen_15km,Hotelkaufmann/-frau,1
2026-07-06,waiblingen_15km,Baukontrolleur/in (Sicherheitskontrolleur/in),1
2026-07-06,waiblingen_15km,Techniker/in - Gebäudesystemtechnik/Bachelor Professional in Technik,1
2026-07-06,waiblingen_15km,Steinmetz/in und Steinbildhauer/in - Steinmetzarbeiten,1
2026-07-06,waiblingen_15km,Maler/in und Lackierer/in - Ausbautechnik und Oberflächengestaltung,1
2026-07-06,waiblingen_15km,Eisenbahner/in - Betriebsdienst - Fahrweg,1
2026-07-06,waiblingen_15km,Facharzt/-ärztin - Orthopädie und Unfallchirurgie,1
2026-07-06,waiblingen_15km,Haus- und Familienpfleger/in,1
2026-07-06,waiblingen_15km,Ausbilder/in - Erste Hilfe,1
2026-07-06,waiblingen_15km,Elektroniker/in - Maschinen und Antriebstechnik (BBiG),1
2026-07-06,waiblingen_15km,Wirtschafter/in - Hauswirtschaft/Bachelor Professional in Agrarwirtschaft,1
2026-07-06,waiblingen_15km,Karosseriebauer/in,1
2026-07-06,waiblingen_15km,Kommunikationselektroniker/in - Informationstechnik,1
2026-07-06,waiblingen_15km,Verwaltungsfachangestellte/r - HWK und IHK,1
2026-07-06,waiblingen_15km,Kaufmännische/r Geschäftsführer/in,1
2026-07-06,waiblingen_15km,Holzmechaniker/in - Montieren von Innenausbauten und Bauelementen,1
2026-07-06,waiblingen_15km,Textilreiniger/in,1
2026-07-06,waiblingen_15km,Rechtsanwaltsgehilfe/-gehilfin,1
2026-07-06,waiblingen_15km,Techniker/in - Farb- und Lacktechnik (Anwendungs- und Betriebstechnik),1
2026-07-06,waiblingen_15km,Betriebswirt/in (Hochschule) - Logistik,1
2026-07-06,waiblingen_15km,Technische/r Zeichner/in - Elektrotechnik,1
2026-07-06,waiblingen_15km,Techniker/in - Verfahrenstechnik/Bachelor Professional in Technik,1
2026-07-06,waiblingen_15km,Medientechnologe/-technologin Druckverarbeitung,1
2026-07-06,waiblingen_15km,Fachkraft - Sprachförderung,1
2026-07-06,waiblingen_15km,Raumausstatter/in - Boden,1
2026-07-06,waiblingen_15km,Master of Business Administration,1
2026-07-06,waiblingen_15km,Medientechniker/in (Kommunikationselektronik),1
2026-07-06,waiblingen_15km,Geoinformatiker/in,1
2026-07-06,waiblingen_15km,Medizinische/r Technologe/Technologin - Laboratoriumsanalytik,1
2026-07-06,waiblingen_15km,Kunsthandwerker/in,1
2026-07-06,waiblingen_15km,Entwicklungstechniker/in,1
2026-07-06,waiblingen_15km,Techniker/in - Informatik (Nachhaltige Digitalisierung)/Bachelor Professional in Technik,1
2026-07-06,waiblingen_15km,Anwendungsberater/in,1
2026-07-06,waiblingen_15km,Schwangerschaftskonfliktberater/in,1
2026-07-06,waiblingen_15km,Messebauer/in,1
2026-07-06,waiblingen_15km,Fachmann/-frau - Restaurants und Veranstaltungsgastronomie,1
2026-07-06,waiblingen_15km,Justiziar/in,1
2026-07-06,waiblingen_15km,Hauswirtschafter/in - Serviceorientierte Dienstleistungen,1
2026-07-06,waiblingen_15km,Elektroniker/in - Maschinen und Antriebstechnik (HwO),1
2026-07-06,waiblingen_15km,Gesundheitsberater/in,1
2026-07-06,waiblingen_15km,Ingenieur/in - Energietechnik,1
2026-07-06,waiblingen_15km,Rechtspfleger/in,1
2026-07-06,waiblingen_15km,Vorarbeiter/in - Hochbau,1
2026-07-06,waiblingen_15km,Leiter/in - Anwendungsentwicklung (EDV),1
2026-07-06,waiblingen_15km,Syndikus-Anwalt/-Anwältin,1
2026-07-06,waiblingen_15km,Fachwirt/in - Musik,1
2026-07-06,waiblingen_15km,Kartograf/in (Hochschule),1
2026-07-06,waiblingen_15km,Brauer/in und Mälzer/in,1
2026-07-06,waiblingen_15km,Fachkrankenpfleger/in - Rehabilitation/Langzeitpflege,1
2026-07-06,waiblingen_15km,Stahl- und Metallbauingenieur/in,1
2026-07-06,waiblingen_15km,Karosserie- und Fahrzeugbaumechaniker/in - Karosserie- und Fahrzeugbautechnik,1
2026-07-06,waiblingen_15km,Solarmonteur/in,1
2026-07-06,waiblingen_15km,Aktuar/in,1
2026-07-06,waiblingen_15km,Verwaltungsleiter/in (Krankenhaus),1
2026-07-06,waiblingen_15km,Steinmetz- und Steinbildhauermeister/in/Bachelor Professional im Steinmetz- und Steinbildhauer-Handwerk,1
2026-07-06,waiblingen_15km,Steinmetz/in und Steinbildhauer/in - Denkmalpflege,1
2026-07-06,waiblingen_15km,"Ausbaufacharbeiter/in - Fliesen-, Platten- und Mosaikarbeiten",1
2026-07-06,waiblingen_15km,"Kaufmann/-frau - Einzelhandel (Kraftfahrzeuge, Teile und Zubehör)",1
2026-07-06,waiblingen_15km,Facharzt/-ärztin - Gefäßchirurgie,1
2026-07-06,waiblingen_15km,Museumspädagoge/-pädagogin,1
2026-07-06,waiblingen_15km,Baureiniger/in (Gebäudereinigung),1
2026-07-06,waiblingen_15km,Galvaniseur/in,1
2026-07-06,waiblingen_15km,Metallschleifer/in,1
2026-07-06,waiblingen_15km,Fertigungsmechaniker/in,1
2026-07-06,waiblingen_15km,Holzbearbeitungsmechaniker/in,1
2026-07-06,waiblingen_15km,Tanzlehrer/in,1
2026-07-06,waiblingen_15km,Fachkraft - Fruchtsafttechnik,1
2026-07-06,waiblingen_15km,Kälteanlagenbauer/in,1
2026-07-06,waiblingen_15km,Leiter/in - Supply-Chain-Management,1
2026-07-06,waiblingen_15km,Gärtner/in - Staudengärtnerei,1
2026-07-06,waiblingen_15km,Ingenieur/in - Biotechnologie,1
2026-07-06,waiblingen_15km,DGUV-Prüfer/in,1
2026-07-06,waiblingen_15km,Sonderpädagoge/-pädagogin (Fachschule),1
2026-07-06,waiblingen_15km,Kunststoffspritzer/in,1
2026-07-06,waiblingen_15km,Schweißfachingenieur/in,1
2026-07-06,waiblingen_15km,Kaufmann/-frau - Einzelhandel (Sportartikel),1
2026-07-06,waiblingen_15km,Techniker/in - Holztechnik (Holzbau),1
2026-07-06,waiblingen_15km,Berufsspezialist/in - Haushaltsführung und Familienbetreuung (Dorfhelfer/in),1
2026-07-06,waiblingen_15km,Leiter/in - Materialwirtschaft,1
2026-07-06,waiblingen_15km,Meister/in - Lagerwirtschaft,1
2026-07-06,waiblingen_15km,Kiosk-/Imbissverkäufer/in,1
2026-07-06,waiblingen_15km,Verwaltungsfachangestellte/r - Kirchenverwaltung - evangelische Kirche,1
2026-07-06,waiblingen_15km,Kinderkrankenschwester/-pfleger,1
2026-07-06,waiblingen_15km,Kantinenleiter/in,1
2026-07-06,waiblingen_15km,Fachkraft - Sozialarbeit,1
2026-07-06,waiblingen_15km,Eurokaufmann/-frau,1
2026-07-06,waiblingen_15km,Gleisbauer/in,1
2026-07-06,waiblingen_15km,Sport- und Fitnesskaufmann/-frau,1
2026-07-06,waiblingen_15km,Brunnenbautechniker/in,1
2026-07-06,waiblingen_15km,Pflegeassistent/in (Altenpflege),1
2026-07-06,waiblingen_15km,Berufsspezialist/in - Informationssicherheit,1
2026-07-06,waiblingen_15km,Integrationsmanager/in,1
2026-07-06,waiblingen_15km,Fachkraft - Gastronomie (Systemgastronomie),1
2026-07-06,waiblingen_15km,Leiter/in - Digitalisierung,1
2026-07-06,waiblingen_15km,Medizinisch-technische/r Assistent/in - Funktionsdiagnostik,1
2026-07-06,waiblingen_15km,Fachassistent/in Lohn und Gehalt,1
2026-07-06,waiblingen_15km,Employer-Branding-Manager/in,1
2026-07-06,waiblingen_15km,Fachkrankenschwester/-pfleger - Operationsdienst,1
2026-07-06,waiblingen_15km,Tankwagenfahrer/in,1
2026-07-06,waiblingen_15km,Information-Architect,1
2026-07-06,waiblingen_15km,Vergabemanager/in,1
2026-07-06,waiblingen_15km,Bildungsreferent/in,1
2026-07-06,waiblingen_15km,Jobcoach,1
2026-07-06,waiblingen_15km,Schweißer/in - Fahrzeugbau,1
2026-07-06,waiblingen_15km,Barista,1
2026-07-06,waiblingen_15km,Diakon/in (Sozialarbeit),1
2026-07-06,waiblingen_15km,Art-Director,1
2026-07-06,waiblingen_15km,Lacklaborant/in,1
2026-07-06,waiblingen_15km,Kraftfahrzeugmechatroniker/in - Karosserietechnik,1
2026-07-06,waiblingen_15km,Betriebswirt/in (Fachschule) - Controlling/Bachelor Professional in Wirtschaft,1
2026-07-06,waiblingen_15km,"Fachverkäufer/in - Kfz-Zubehör, Reifen",1
2026-07-06,waiblingen_15km,Orthopädietechnikermeister/in/Bachelor Professional im Orthopädietechniker-Handwerk,1
2026-07-06,waiblingen_15km,Außendienstleiter/in (Versicherung),1
2026-07-06,waiblingen_15km,Leiter/in - Projekt-/Programmmanagement,1
2026-07-06,waiblingen_15km,Versicherungssachbearbeiter/in,1
2026-07-06,waiblingen_15km,"Fachkraft - Rohr-, Kanal- und Industrieservice",1
2026-07-06,waiblingen_15km,IT-Entwickler/in (Weiterbildung/Ausbildung),1
2026-07-06,waiblingen_15km,Fachwirt/in - Einkauf/Bachelor Professional in Procurement,1
2026-07-06,waiblingen_15km,Mediendesigner/in,1
2026-07-06,waiblingen_15km,Medienmanager/in,1
2026-07-06,waiblingen_15km,Fachkraft - Trockenbau,1
2026-07-06,waiblingen_15km,Fachkaufmann/-frau - Verwaltung von Wohnungseigentum,1
2026-07-06,waiblingen_15km,Technische/r Zeichner/in - Maschinen- und Anlagentechnik,1
2026-07-06,waiblingen_15km,Fachverkäufer/in - Nahrungsmittelhandwerk (Fleischerei),1
2026-07-06,waiblingen_15km,Berufspädagoge/-pädagogin,1
2026-07-06,waiblingen_15km,Gewerbekundenberater/in,1
2026-07-06,waiblingen_15km,Dachdecker/in und Bauklempner/in,1
2026-07-06,waiblingen_15km,Kaufmann/-frau - Groß- und Außenhandel (Außenhandel),1
2026-07-06,waiblingen_15km,Kraftfahrzeugservicemechaniker/in,1
2026-07-06,waiblingen_15km,Campaigner/in,1
2026-07-06,waiblingen_15km,Busfahrer/in,1
2026-07-06,waiblingen_15km,"Maschinen-, Anlagen- und Behälterreiniger/in",1
2026-07-06,waiblingen_15km,Beamter/Beamtin - Eichwesen (gehobener technischer Dienst),1
2026-07-06,waiblingen_15km,Beamter/Beamtin - Eichwesen (mittlerer technischer Dienst),1
2026-07-06,waiblingen_15km,Polier/in - Hochbau,1
2026-07-06,waiblingen_15km,Baukalkulator/in,1
2026-07-06,waiblingen_15km,Hundefriseur/in,1
2026-07-06,waiblingen_15km,Betriebswirt/in (Hochschule) - Bank und Finanzdienstleistungen,1
2026-07-06,waiblingen_15km,Reisehelfer/in für Menschen mit Behinderungen,1
2026-07-06,waiblingen_15km,Hostess/Host,1
2026-07-06,waiblingen_15km,Leiter/in - Marketing,1
2026-07-06,waiblingen_15km,Spezialreiniger/in,1
2026-07-06,waiblingen_15km,OP-Manager/in,1
2026-07-06,waiblingen_15km,Ausbilder/in - Anerkannte Ausbildungsberufe,1
2026-07-06,waiblingen_15km,Fachwirt/in - Versicherung,1
2026-07-06,waiblingen_15km,Gießereimechaniker/in,1
2026-07-06,waiblingen_15km,Techniker/in - Informatik (Betriebsinformatik)/Bachelor Professional in Technik,1
2026-07-06,waiblingen_15km,Assistent/in - Hotelmanagement,1
2026-07-06,waiblingen_15km,Verkehrsplaner/in,1
2026-07-06,waiblingen_15km,Gehilfe/Gehilfin - wirtschafts- und steuerberatende Berufe,1
2026-07-06,waiblingen_15km,Techniker/in - Galvanotechnik/Bachelor Professional in Technik,1
2026-07-06,waiblingen_15km,Oberflächenbeschichter/in,1
2026-07-06,waiblingen_15km,Karosserie- und Fahrzeugbauermeister/in/Bachelor Professional im Karosserie- und Fahrzeugbauer-Handwerk,1
2026-07-06,waiblingen_15km,Bodenleger/in,1
2026-07-06,waiblingen_15km,Messtechniker/in (Energietechnik),1
2026-07-06,waiblingen_15km,Helfer/in - Bodenverlegung,1
2026-07-06,waiblingen_15km,Fahrzeugglaser/in,1
2026-07-06,waiblingen_15km,Detektiv/in,1
2026-07-06,waiblingen_15km,Handelsfachpacker/in,1
2026-07-06,waiblingen_15km,Karosserie- und Fahrzeugbauer/in - Fahrzeugbau,1
2026-07-06,waiblingen_15km,Schilder- und Lichtreklameherstellermeister/in/Bachelor Professional im Schilder- und Lichtreklamehersteller-Handwerk,1
2026-07-06,waiblingen_15km,Fachkrankenpfleger/in - Operations-/Endoskopiedienst,1
2026-07-06,waiblingen_15km,Musikpädagoge/-pädagogin,1
2026-07-06,waiblingen_15km,Fachwirt/in - Immobilien,1
2026-07-06,waiblingen_15km,Elektromechaniker/in,1
2026-07-06,waiblingen_15km,Isolierfacharbeiter/in,1
2026-07-06,waiblingen_15km,Spezialist/in - Industrie 4.0,1
2026-07-06,waiblingen_15km,Leiter/in - Unternehmenskommunikation,1
2026-07-06,waiblingen_15km,Data-Analyst/in,1
2026-07-06,waiblingen_15km,Kostenanalytiker/in,1
2026-07-06,waiblingen_15km,Chief-Information-Security-Officer,1
2026-07-06,waiblingen_15km,Leiter/in - Informations-/Cybersicherheit,1
2026-07-06,waiblingen_15km,Wertpapieranalyst/in,1
2026-07-06,waiblingen_15km,Hochbauingenieur/in,1
2026-07-06,waiblingen_15km,Konstrukteur/in - Steuerungs- und Automatisierungstechnik,1
2026-07-06,waiblingen_15km,UX-Designer/in,1
2026-07-06,waiblingen_15km,Assistent/in - Produktionsleitung,1
2026-07-06,waiblingen_15km,Content-Marketing-Manager/in,1
2026-07-06,waiblingen_15km,Haushälter/in (Privathaushalt),1
2026-07-06,waiblingen_15km,Feinmechaniker/in - Feingerätebau,1
2026-07-06,waiblingen_15km,"Kaufmann/-frau - Einzelhandel (Diät- und Reformwaren, Lebensmittel)",1
2026-07-06,waiblingen_15km,Webdesigner/in,1
2026-07-06,waiblingen_15km,Vorarbeiter/in - Ver- und Entsorgung,1
2026-07-06,waiblingen_15km,Ingenieur/in - technische Informatik,1
2026-07-06,waiblingen_15km,Zahntechnische Hilfskraft,1
2026-07-06,waiblingen_15km,Werkpolier/in - Tiefbau,1
2026-07-06,waiblingen_15km,Betriebswirt/in (Fachschule) - Steuern/Bachelor Professional in Wirtschaft,1
2026-07-06,waiblingen_15km,Betriebswirt/in (Fachschule) - Personalwirtschaft/Bachelor Professional in Wirtschaft,1
2026-07-06,waiblingen_15km,Zeltmacher/in,1
2026-07-06,waiblingen_15km,Agrarwissenschaftler/in / Agrarökonom/in,1
2026-07-06,waiblingen_15km,Pädagogische/r Assistent/in,1
2026-07-06,waiblingen_15km,Wirtschaftsinformatiker/in (Fachschule)/Bachelor Professional in Wirtschaft,1
2026-07-06,waiblingen_15km,Berater/in - digitale Transformation,1
2026-07-06,waiblingen_15km,Bezirksleiter/in,1
2026-07-06,waiblingen_15km,Leiter/in - Marktfolge (Banken),1
2026-07-06,waiblingen_15km,Techniker/in - Informatik (technische Informatik)/Bachelor Professional in Technik,1
2026-07-06,waiblingen_15km,BIM-Manager/in,1
2026-07-06,waiblingen_15km,Kaufmann/-frau - Grundstücks- und Wohnungswirtschaft,1
2026-07-06,waiblingen_15km,Wertpapiersachbearbeiter/in,1
2026-07-06,waiblingen_15km,Arbeitserzieher/in,1
2026-07-06,waiblingen_15km,Immobiliensachverständige/r,1
2026-07-06,waiblingen_15km,Ingenieur/in - Fahrzeugelektronik,1
2026-07-06,waiblingen_15km,Galvaniseur/in und Metallschleifer/in,1
2026-07-06,waiblingen_15km,Kaufmann/-frau - Versicherungen und Finanzen - Versicherung,1
2026-07-06,waiblingen_15km,Techniker/in - Zerspanungstechnik/Bachelor Professional in Technik,1
2026-07-06,waiblingen_15km,Techniker/in - Elektrotechnik (Automatisierungstechnik)/Bachelor Professional in Technik,1
2026-07-06,waiblingen_15km,Techniker/in - Versorgungstechnik,1
2026-07-06,waiblingen_15km,Fachkraft - innovative Fahrzeugaufbereitung,1
2026-07-06,waiblingen_15km,Informationssicherheitsbeauftragte/r,1
2026-07-06,waiblingen_15km,Feinpolierer/in,1
2026-07-06,waiblingen_15km,Mediengestalter/in - Digital-/Printmedien - Mediendesign,1
2026-07-06,waiblingen_15km,Innenarchitekt/in,1
2026-07-06,waiblingen_15km,Tierpfleger/in - Zoo,1
2026-07-06,waiblingen_15km,KI-Manager/in,1
2026-07-06,waiblingen_15km,Mediengestalter/in Digital und Print - Gestaltung und Technik,1
2026-07-06,waiblingen_15km,Lehrer/in - berufliche Schulen,1
2026-07-06,waiblingen_15km,Stadt- und Regionalplaner/in,1
2026-07-06,waiblingen_15km,Gestalter/in - visuelles Marketing,1
2026-07-06,waiblingen_15km,Schulleiter/in - allgemeinbildende Schulen,1
2026-07-06,waiblingen_15km,Public-Relations-Manager/in,1
2026-07-06,waiblingen_15km,Leiter/in - Betriebliche Instandhaltung,1
2026-07-06,waiblingen_15km,Lerntherapeut/in,1
2026-07-06,waiblingen_15km,Fachkraft - Lebensmitteltechnik,1
2026-07-06,waiblingen_15km,Fachverkäufer/in - Zoobedarf und Heimtierverkauf,1
2026-07-06,waiblingen_15km,Verwaltungsjurist/in,1
2026-07-06,waiblingen_15km,CAD-Fachkraft - Maschinenbau,1
2026-07-06,waiblingen_15km,Managementassistent/in,1
2026-07-06,waiblingen_15km,Medizinische/r Dokumentationsassistent/in,1
2026-07-06,waiblingen_15km,Fachberater/in - Finanzdienstleistungen,1
2026-07-06,waiblingen_15km,Raumausstatter/in - Polstern,1
2026-07-06,waiblingen_15km,Bäckermeister/in/Bachelor Professional im Bäcker-Handwerk,1
2026-07-06,waiblingen_15km,Industrie-Isolierer/in,1
2026-07-06,waiblingen_15km,Pflegewissenschaftler/in,1
2026-07-06,waiblingen_15km,Techniker/in - Bekleidungstechnik/Bachelor Professional in Technik,1
2026-07-06,waiblingen_15km,Garten-/Landschaftsgestalter/in,1
2026-07-06,waiblingen_15km,Fachverkäufer/in - Haushaltswaren,1
2026-07-06,waiblingen_15km,Apotheker/in,1
2026-07-06,waiblingen_15km,Botenfahrer/in,1
2026-07-06,waiblingen_15km,Berufsspezialist/in - Industrielle Transformation (gewerblich-technisch),1
2026-07-06,waiblingen_15km,Sozialarbeiter/in - Strafvollzug,1
2026-07-06,waiblingen_15km,Leiter/in - Altenpflegeeinrichtung,1
2026-07-06,waiblingen_15km,Verkaufsaufsicht,1
2026-07-06,waiblingen_15km,Schweißwerkmeister/in,1
2026-07-06,waiblingen_15km,Zimmerermeister/in/Bachelor Professional im Zimmerer-Handwerk,1
2026-07-06,waiblingen_15km,Dachdeckermeister/in/Bachelor Professional im Dachdecker-Handwerk,1
2026-07-06,waiblingen_15km,Facharzt/-ärztin - Psychosomatische Medizin und Psychotherapie,1
2026-07-06,waiblingen_15km,Facharzt/-ärztin - Kinder- und Jugendmedizin,1
2026-07-06,waiblingen_15km,Technische/r Fachwirt/in,1
2026-07-06,waiblingen_15km,Staatsanwalt/-anwältin,1
2026-07-06,waiblingen_15km,Forschungsreferent/in,1
2026-07-06,waiblingen_15km,Tiefbaufacharbeiter/in - Straßenbauarbeiten,1
2026-07-06,waiblingen_15km,Fertighausmonteur/in,1
2026-07-06,waiblingen_15km,Organisationsprogrammierer/in,1
2026-07-06,waiblingen_15km,Onlinemarketing-Manager/in,1
2026-07-06,waiblingen_15km,Aufzugmonteur/in,1
2026-07-06,waiblingen_15km,Ingenieur/in - Medientechnik/Multimedia,1
2026-07-06,waiblingen_15km,Betriebswirt/in (Fachschule) - Produktionswirtschaft/Bachelor Professional in Wirtschaft,1
2026-07-06,waiblingen_15km,Medieninformatiker/in,1
2026-07-06,waiblingen_15km,Energieelektroniker/in - Betriebstechnik,1
2026-07-06,waiblingen_15km,Konditormeister/in/Bachelor Professional im Konditor-Handwerk,1
2026-07-06,waiblingen_15km,Fachkaufmann/-frau - Personal,1
2026-07-06,waiblingen_15km,Kindergartenhelfer/in,1
2026-07-06,waiblingen_15km,Fachwirt/in - Marketing/Bachelor Professional in Marketing,1
2026-07-06,waiblingen_15km,Fachwirt/in - Zahnärztliches Praxismanagement,1
2026-07-06,waiblingen_15km,Fachverkäufer/in - Sanitätsfachhandel,1
2026-07-06,waiblingen_15km,Lehrer/in - Deutsch als Fremdsprache,1
2026-07-06,waiblingen_15km,Leiter/in - Asset Management,1
2026-07-06,waiblingen_15km,Jurist/in - Informationsrecht,1
2026-07-06,waiblingen_15km,Ingenieur/in - Chemietechnik,1
2026-07-06,waiblingen_15km,Frontend-Entwickler/in,1
2026-07-06,waiblingen_15km,Luftfrachtagent/in,1
2026-07-06,waiblingen_15km,Spielhallenaufsicht,1
2026-07-06,waiblingen_15km,Pharmazeut/in,1
2026-07-06,waiblingen_15km,Kunsttherapeut/in,1
2026-07-06,waiblingen_15km,Küchenplaner/in,1
2026-07-06,waiblingen_15km,Facharzt/-ärztin - Neurologie,1
2026-07-06,waiblingen_15km,Isolierer/in,1
2026-07-06,waiblingen_15km,Messingenieur/in,1
2026-07-06,waiblingen_15km,Fertigungsplaner/in - Tischlerhandwerk,1
2026-07-06,waiblingen_15km,Facharzt/-ärztin - Pathologie,1
2026-07-06,waiblingen_15km,Erwachsenenheimleiter/in,1
2026-07-06,waiblingen_15km,Physikalisch-technische/r Assistent/in,1
2026-07-06,waiblingen_15km,Fachwirt/in - Recht,1
2026-07-06,waiblingen_15km,Arztsekretär/in,1
2026-07-06,waiblingen_15km,Ingenieur/in - Mechatronik,1
2026-07-06,waiblingen_15km,Produktionsingenieur/in,1
2026-07-06,waiblingen_15km,Ingenieur/in - Batterietechnik,1
2026-07-06,waiblingen_15km,Bezirksnotar/in,1
2026-07-06,waiblingen_15km,Business-Intelligence-Consultant,1
2026-07-06,waiblingen_15km,Landwirtschaftliche/r Sachverständige/r,1
2026-07-06,waiblingen_15km,Leiter/in - Einkauf,1
2026-07-06,waiblingen_15km,Fachkinderkrankenpfleger/in - Psychiatrie,1
2026-07-06,waiblingen_15km,IT-Organisator/in,1
2026-07-06,waiblingen_15km,Fachverkäufer/in - Spielwaren,1
2026-07-06,waiblingen_15km,Ingenieur/in - Gießereitechnik,1
2026-07-06,waiblingen_15km,Werkzeugmechaniker/in - Stanz- und Umformtechnik,1
2026-07-06,waiblingen_15km,Schweißer/in - Anlagen- und Apparatebau,1
2026-07-06,waiblingen_15km,Kraftfahrzeugführer/in von Baufahrzeugen,1
2026-07-06,waiblingen_15km,Bibliothekar/in,1
2026-07-06,waiblingen_15km,Fachassistent/in Digitalisierung und IT-Prozesse,1
2026-07-06,waiblingen_15km,Kaufmann/-frau - E-Commerce,1
2026-07-06,waiblingen_15km,Techniker/in - Metallbautechnik (Gebäudetechnik)/Bachelor Professional in Technik,1
2026-07-06,waiblingen_15km,Wundmanager/in,1
2026-07-06,waiblingen_15km,Betriebswirt/in (Fachschule) - Marketingkommunikation/Bachelor Professional in Wirtschaft,1
2026-07-06,waiblingen_15km,Konstruktionsmechaniker/in - Schweißtechnik,1
2026-07-06,waiblingen_15km,Land- und Baumaschinenmechatronikermeister/in/Bachelor Professional im Land- und Baumaschinenmechatroniker-Handwerk,1
2026-07-06,waiblingen_15km,Großküchenkoch/-köchin,1
2026-07-06,waiblingen_15km,Ingenieur/in - Mikrosystemtechnik,1
2026-07-06,waiblingen_15km,Pharmareferent/in,1
2026-07-06,waiblingen_15km,Cloud-Consultant,1
2026-07-06,waiblingen_15km,Landschaftsarchitekt/in,1
2026-07-06,waiblingen_15km,Berufsspezialist/in - Softwareentwicklung,1
2026-07-06,waiblingen_15km,Karosserie- und Fahrzeugbaumechaniker/in - Caravan- und Reisemobiltechnik,1
2026-07-06,waiblingen_15km,Fachassistent/in - Hirnleistungstraining,1
2026-07-06,waiblingen_15km,Land- und Baumaschinenmechatroniker/in,1
2026-07-06,waiblingen_15km,Veranstaltungskaufmann/-frau,1
2026-07-06,waiblingen_15km,Betriebswirt/in (Hochschule) - Hotelmanagement,1
2026-07-06,waiblingen_15km,Gärtner/in - Zierpflanzenbau,1
2026-07-06,waiblingen_15km,Verwaltungsinformatiker/in,1
2026-07-06,waiblingen_15km,Wissenschaftliche/r Mitarbeiter/in,1
2026-07-06,waiblingen_15km,Siebdrucker/in,1
2026-07-06,waiblingen_15km,Berufsspezialist/in - Vertrieb,1
2026-07-06,waiblingen_15km,Ingenieur/in - Medizintechnik,1
2026-07-06,waiblingen_15km,Assistent/in - Beschaffungswesen,1
2026-07-06,waiblingen_15km,Ingenieur/in - Lüftungstechnik,1
2026-07-06,waiblingen_15km,Auftragsleiter/in,1
2026-07-06,waiblingen_15km,Bachelor Professional - Künstliche Intelligenz und Maschinelles Lernen,1
2026-07-06,waiblingen_15km,Biologe/Biologin,1
2026-07-06,waiblingen_15km,Bautechnische/r Konstrukteur/in - Ingenieurbau,1
2026-07-06,waiblingen_15km,Übungsleiter/in - Breitensport,1
2026-07-06,waiblingen_15km,Fachkraft - Straßen- und Verkehrstechnik,1
2026-07-06,waiblingen_15km,Bausachverständige/r,1
2026-07-06,waiblingen_15km,Beamter/Beamtin - Höherer bautechnischer Dienst,1
2026-07-06,waiblingen_15km,ESG-Manager/in,1
2026-07-06,waiblingen_15km,Dentalhygieniker/in,1
2026-07-06,waiblingen_15km,Techniker/in - Bautechnik (Tiefbau)/Bachelor Professional in Technik,1
2026-07-06,waiblingen_15km,Revisor/in,1
2026-07-06,waiblingen_15km,Ingenieur/in - Verpackungstechnik,1
2026-07-06,waiblingen_15km,Leiter/in - Controlling,1
2026-07-06,waiblingen_15km,Mathematiker/in,1
2026-07-06,waiblingen_15km,POS-Manager/in,1
2026-07-06,waiblingen_15km,Brückenkranführer/in,1
2026-07-06,waiblingen_15km,Soldat/in auf Zeit - Laufbahngruppe Mannschaften,1
2026-07-06,waiblingen_15km,Autor/in / Schriftsteller/in,1
2026-07-06,waiblingen_15km,Sozialversicherungsfachangestellte/r - Unfallversicherung,1
2026-07-06,waiblingen_15km,Flachdachdecker/in,1
2026-07-06,waiblingen_15km,Klimaschutzmanager/in,1
2026-07-06,waiblingen_15km,Ingenieur/in - Innenarchitektur,1
2026-07-06,waiblingen_15km,Ingenieur/in - Architektur,1
2026-07-06,waiblingen_15km,Leiter/in - Softwareentwicklung,1
2026-07-06,waiblingen_15km,Fachkraft - Metalltechnik - Zerspanungstechnik,1
2026-07-06,waiblingen_15km,Dokumentar/in,1
2026-07-06,waiblingen_15km,Facharzt/-ärztin - Radiologie,1
2026-07-06,waiblingen_15km,Fachverkäufer/in - Lebensmittelhandwerk (Konditorei),1
2026-07-06,waiblingen_15km,Operations Manager/in,1
2026-07-06,waiblingen_15km,Pferdewirt/in - Klassische Reitausbildung,1
2026-07-06,waiblingen_15km,Pferdewirt/in (mit Schwerpunkten),1
2026-07-06,waiblingen_15km,Industriemeister/in - Elektrotechnik (Elektronik),1
2026-07-06,waiblingen_15km,Betriebswirt/in (Fachschule) - Management im Gesundheitswesen/Bachelor Professional in Wirtschaft,1
2026-07-06,waiblingen_15km,Betriebswirt/in (Fachschule) - Logistik/Bachelor Professional in Wirtschaft,1
2026-07-06,waiblingen_15km,Pflegefachmann/-frau (Gesundheits- und Kinderkrankenpflege),1
2026-07-06,waiblingen_15km,Technische/r Assistent/in - Bautechnik,1
2026-07-06,waiblingen_15km,Techniker/in - Kunststoff- und Kautschuktechnik/Bachelor Professional in Technik,1
2026-07-06,waiblingen_15km,General Manager/in (Hotellerie),1
2026-07-06,waiblingen_15km,Datenschutzbeauftragte/r,1
2026-07-06,waiblingen_15km,Maurer- und Betonbauermeister/in/Bachelor Professional im Maurer- und Betonbauer-Handwerk,1
2026-07-06,waiblingen_15km,Sozialversicherungsfachangestellte/r - Rentenversicherung,1
2026-07-06,waiblingen_15km,Inbetriebnahmetechniker/in - Maschinenbau,1
2026-07-06,waiblingen_15km,IT-Einkäufer/in,1
2026-07-06,waiblingen_15km,IT-Lizenzmanager/in,1
2026-07-06,waiblingen_15km,Fachangestellte/r - Medien- und Informationsdienste - Bibliothek,1
2026-07-06,waiblingen_15km,Arztassistent/in / Physician Assistant,1
2026-07-06,waiblingen_15km,"Berater/in - Bildung, Beruf und Beschäftigung",1
2026-07-06,waiblingen_15km,Fachkraft - Arbeitssicherheit,1
2026-07-06,waiblingen_15km,Fahrlehrer/in,1
2026-07-06,waiblingen_15km,Fachverkäufer/in - Bürobedarf,1
2026-07-06,waiblingen_15km,Wassermeister/in,1
2026-07-06,waiblingen_15km,Bankettleiter/in,1
2026-07-06,waiblingen_15km,Zugsteward/-stewardess,1
2026-07-06,waiblingen_15km,Zählerableser/in,1
2026-07-06,waiblingen_15km,Landwirt/in,1
2026-07-06,waiblingen_15km,Ingenieurinformatiker/in,1
2026-07-06,waiblingen_15km,Augenoptikermeister/in/Bachelor Professional im Augenoptiker-Handwerk,1
2026-07-06,waiblingen_15km,Zerspanungsmechaniker/in - Drehtechnik,1
2026-07-06,waiblingen_15km,Verzinker/in,1
2026-07-06,waiblingen_15km,Zerspanungsmechaniker/in - Frästechnik,1
2026-07-06,waiblingen_15km,Arbeitsmedizinische/r Assistent/in,1
2026-07-06,waiblingen_15km,Arbeitsplanungsingenieur/in,1
2026-07-06,waiblingen_15km,Rohrvorrichter/in,1
2026-07-06,waiblingen_15km,Heimleiter/in,1
2026-07-06,waiblingen_15km,Gesundheitswissenschaftler/in - Öffentliches Gesundheitswesen,1
2026-07-06,waiblingen_15km,Assistent/in - Gesundheits- und Sozialwesen,1
2026-07-06,waiblingen_15km,Textil- und Modenäher/in,1
2026-07-06,waiblingen_15km,Fachkraft - Automatisierungstechnik,1
2026-07-06,waiblingen_15km,Stuckateur/in - Restaurierungsarbeiten,1
2026-07-06,waiblingen_15km,Eisenbahner/in - Betriebsdienst - Lokführer und Transport (Ausbildung bis 2022),1
2026-07-06,waiblingen_15km,KI-Engineer,1
2026-07-06,waiblingen_15km,Hörakustikermeister/in/Bachelor Professional im Hörakustiker-Handwerk,1
2026-07-06,waiblingen_15km,Straßenmeister/in,1
2026-07-06,waiblingen_15km,Risk-Manager/in,1
2026-07-06,waiblingen_15km,Restaurantmeister/in,1
2026-07-06,waiblingen_15km,Fachplaner/in - Energie- und Gebäudetechnik,1
2026-07-06,waiblingen_15km,Facharzt/-ärztin - Augenheilkunde,1
2026-07-06,waiblingen_15km,Betriebswirt/in (Ausbildung) - Verkehr/Logistik,1
2026-07-06,waiblingen_15km,Förster/in (Hochschule),1
2026-07-06,waiblingen_15km,IT-System-Kaufmann/-frau,1
2026-07-06,waiblingen_15km,Baumaschinenmechaniker/in,1
2026-07-06,waiblingen_15km,Kraftfahrzeugmechatroniker/in - Motorradtechnik,1
2026-07-06,waiblingen_15km,Vermessungsingenieur/in,1
2026-07-06,waiblingen_15km,Werkzeugingenieur/in,1
2026-07-06,waiblingen_15km,Technisch-kaufmännische Fachkraft - Handwerk,1
2026-07-06,waiblingen_15km,CAD-Fachkraft - Elektrotechnik,1
2026-07-06,waiblingen_15km,Fachwirt/in - Visual Merchandising,1
2026-07-06,waiblingen_15km,Fachwirt/in - Energiewirtschaft/Bachelor Professional in Energiewirtschaft,1
2026-07-06,waiblingen_15km,Lernbetreuer/in,1
2026-07-06,waiblingen_15km,Zweiradmechatroniker/in - Fahrradtechnik,1
2026-07-06,waiblingen_15km,Fachkraft - EDV-gestützte Unternehmensführung,1
2026-07-06,waiblingen_15km,Oberarzt/-ärztin,1
2026-07-06,waiblingen_15km,Pförtner/in,1
2026-07-06,waiblingen_15km,Tiefbaufacharbeiter/in - Kanalbauarbeiten,1
2026-07-06,waiblingen_15km,Sozialökonom/in / Sozialwirt/in,1
2026-07-06,waiblingen_15km,Textildrucker/in,1
2026-07-06,waiblingen_15km,Maschinen- und Anlagensicherheitssachverständige/r,1
2026-07-06,waiblingen_15km,Lehrkraft - Naturwissenschaften und Technik,1
2026-07-06,waiblingen_15km,"Kabelmonteur/in (Fern-, Frei- und Fahrleitungsbau)",1
2026-07-06,waiblingen_15km,Bäcker/in und Konditor/in,1
2026-07-06,waiblingen_15km,Techniker/in - Maschinentechnik (Verfahrenstechnik)/Bachelor Professional in Technik,1
2026-07-06,waiblingen_15km,Informationselektroniker/in - Geräte- und Systemtechnik,1
2026-07-06,waiblingen_15km,Leiter/in - Key Account Management,1
2026-07-06,waiblingen_15km,Maschinen- und Anlagenführer/in - Druckweiter- und Papierverarbeitung,1
2026-07-06,waiblingen_15km,Fachanwalt/-anwältin - Steuerrecht,1
2026-07-06,waiblingen_15km,Fachverkäufer/in - Schuhe,1
2026-07-06,waiblingen_15km,Sozialversicherungsfachangestellte/r - allgemeine Krankenversicherung,1
2026-07-06,waiblingen_15km,Kaufmännische/r Assistent/in/Wirtschaftsassistent/in - Datenverarbeitung/Rechnungswesen,1
2026-07-06,waiblingen_15km,Betonsanierer/in,1
2026-07-06,waiblingen_15km,Techniker/in - Feinwerktechnik/Bachelor Professional in Technik,1
2026-07-06,waiblingen_15km,Helfer/in - Veranstaltungsservice,1
2026-07-06,rems-murr-kreis,Verkäufer/in,219
2026-07-06,rems-murr-kreis,Gabelstaplerfahrer/in,139
2026-07-06,rems-murr-kreis,"Helfer/in - Lagerwirtschaft, Transport",121
2026-07-06,rems-murr-kreis,Industriemechaniker/in,106
2026-07-06,rems-murr-kreis,Helfer/in - Reinigung,96
2026-07-06,rems-murr-kreis,Altenpfleger/in,90
2026-07-06,rems-murr-kreis,Helfer/in - Verkauf,82
2026-07-06,rems-murr-kreis,Erzieher/in,81
2026-07-06,rems-murr-kreis,Lager- und Transportarbeiter/in,80
2026-07-06,rems-murr-kreis,Fachkraft - Lagerlogistik,79
2026-07-06,rems-murr-kreis,Berufskraftfahrer/in,75
2026-07-06,rems-murr-kreis,Helfer/in - Metallbearbeitung,70
2026-07-06,rems-murr-kreis,Maschinen- und Anlagenführer/in (ohne Angabe des Schwerpunkts),65
2026-07-06,rems-murr-kreis,Ingenieur/in - Elektrotechnik,63
2026-07-06,rems-murr-kreis,Elektroniker/in - Energie- und Gebäudetechnik,58
2026-07-06,rems-murr-kreis,Gesundheits- und Krankenpfleger/in,54
2026-07-06,rems-murr-kreis,Mechatroniker/in,53
2026-07-06,rems-murr-kreis,Zerspanungsmechaniker/in,51
2026-07-06,rems-murr-kreis,Helfer/in - Elektro,51
2026-07-06,rems-murr-kreis,Montierer/in,50
2026-07-06,rems-murr-kreis,Bürokaufmann/-frau,47
2026-07-06,rems-murr-kreis,"Maschinen- und Anlagenführer/in - Metall-, Kunststofftechnik",46
2026-07-06,rems-murr-kreis,Heilerziehungspfleger/in,46
2026-07-06,rems-murr-kreis,Elektroniker/in - Betriebstechnik,46
2026-07-06,rems-murr-kreis,Fachlagerist/in,45
2026-07-06,rems-murr-kreis,"Filialleiter/in, Verkaufsstellenleiter/in",45
2026-07-06,rems-murr-kreis,Metallbearbeiter/in,44
2026-07-06,rems-murr-kreis,"Anlagenmechaniker/in - Sanitär-, Heizungs- und Klimatechnik",44
2026-07-06,rems-murr-kreis,Koch/Köchin,44
2026-07-06,rems-murr-kreis,CNC-Dreher/in,44
2026-07-06,rems-murr-kreis,Medizinische/r Fachangestellte/r,43
2026-07-06,rems-murr-kreis,Kommissionierer/in,43
2026-07-06,rems-murr-kreis,Sozialarbeiter/in / Sozialpädagoge/-pädagogin,40
2026-07-06,rems-murr-kreis,Anlagenmechaniker/in,40
2026-07-06,rems-murr-kreis,Kaufmännische Fachkraft,39
2026-07-06,rems-murr-kreis,Helfer/in - Küche,37
2026-07-06,rems-murr-kreis,"Helfer/in - Kunststoff, Kautschuk",37
2026-07-06,rems-murr-kreis,CNC-Fräser/in,36
2026-07-06,rems-murr-kreis,Industriekaufmann/-frau,36
2026-07-06,rems-murr-kreis,Finanzbuchhalter/in,36
2026-07-06,rems-murr-kreis,Altenpflegehelfer/in,35
2026-07-06,rems-murr-kreis,Pflegefachmann/-frau (Altenpflege),34
2026-07-06,rems-murr-kreis,Kaufmann/-frau - Büromanagement,33
2026-07-06,rems-murr-kreis,Kaufmann/-frau - Einzelhandel,32
2026-07-06,rems-murr-kreis,Betreuungskraft / Alltagsbegleiter/in,31
2026-07-06,rems-murr-kreis,Elektroinstallateur/in,31
2026-07-06,rems-murr-kreis,Informatiker/in,30
2026-07-06,rems-murr-kreis,Buchhalter/in,30
2026-07-06,rems-murr-kreis,Tischler/in,29
2026-07-06,rems-murr-kreis,"Montagemechaniker/in, Anlagenmonteur/in",29
2026-07-06,rems-murr-kreis,Physiotherapeut/in,29
2026-07-06,rems-murr-kreis,Zahnmedizinische/r Fachangestellte/r,27
2026-07-06,rems-murr-kreis,Vertriebsassistent/in,26
2026-07-06,rems-murr-kreis,Feinwerkmechaniker/in,25
2026-07-06,rems-murr-kreis,Controller/in,25
2026-07-06,rems-murr-kreis,Löter/in,24
2026-07-06,rems-murr-kreis,Servicekraft - Gastronomie und Gastgewerbe,24
2026-07-06,rems-murr-kreis,Industrieelektriker/in - Betriebstechnik,23
2026-07-06,rems-murr-kreis,Schweißer/in,23
2026-07-06,rems-murr-kreis,IT-Systemadministrator/in,23
2026-07-06,rems-murr-kreis,Steuerfachangestellte/r,23
2026-07-06,rems-murr-kreis,Hauswirtschafter/in,23
2026-07-06,rems-murr-kreis,Fachverkäufer/in - Lebensmittelhandwerk (Fleischerei),22
2026-07-06,rems-murr-kreis,Personalsachbearbeiter/in,21
2026-07-06,rems-murr-kreis,Betriebsschlosser/in,21
2026-07-06,rems-murr-kreis,Fachinformatiker/in - Systemintegration,21
2026-07-06,rems-murr-kreis,Friseur/in,21
2026-07-06,rems-murr-kreis,Kraftfahrzeugmechaniker/in,21
2026-07-06,rems-murr-kreis,Metallbauer/in - Konstruktionstechnik,21
2026-07-06,rems-murr-kreis,Helfer/in - Hauswirtschaft,20
2026-07-06,rems-murr-kreis,Gebäudereiniger/in,20
2026-07-06,rems-murr-kreis,Sachbearbeiter/in - Logistik,20
2026-07-06,rems-murr-kreis,CNC-Fachkraft/NC-Anwendungsfachmann/-frau,19
2026-07-06,rems-murr-kreis,Projektleiter/in,19
2026-07-06,rems-murr-kreis,Ergotherapeut/in,19
2026-07-06,rems-murr-kreis,Maler/in und Lackierer/in - Maler/in,18
2026-07-06,rems-murr-kreis,Fahrzeuglackierer/in,18
2026-07-06,rems-murr-kreis,Einkäufer/in,18
2026-07-06,rems-murr-kreis,Ingenieur/in - Maschinenbau,17
2026-07-06,rems-murr-kreis,Gesundheits- und Krankenpflegehelfer/in,17
2026-07-06,rems-murr-kreis,Zimmerer/Zimmerin,17
2026-07-06,rems-murr-kreis,Konstruktionsmechaniker/in,16
2026-07-06,rems-murr-kreis,Hausmeister/in,16
2026-07-06,rems-murr-kreis,Kraftfahrzeugmechatroniker/in - Personenkraftwagentechnik,16
2026-07-06,rems-murr-kreis,Softwareentwickler/in,16
2026-07-06,rems-murr-kreis,Außendienstmitarbeiter/in,15
2026-07-06,rems-murr-kreis,Qualitätskontrolleur/in,15
2026-07-06,rems-murr-kreis,Ingenieur/in - Bau,15
2026-07-06,rems-murr-kreis,Lohn- und Gehaltsbuchhalter/in,15
2026-07-06,rems-murr-kreis,Pflegefachmann/-frau (Gesundheits- und Krankenpflege),15
2026-07-06,rems-murr-kreis,"Helfer/in - Papier, Verpackung",15
2026-07-06,rems-murr-kreis,Personalreferent/in,14
2026-07-06,rems-murr-kreis,Betriebswirt/in (Hochschule),14
2026-07-06,rems-murr-kreis,Fachkrankenpfleger/in - Intensivpflege/Anästhesie,14
2026-07-06,rems-murr-kreis,Kassierer/in (Handel),14
2026-07-06,rems-murr-kreis,Elektrofachkraft für festgelegte Tätigkeiten,14
2026-07-06,rems-murr-kreis,Stuckateur/in,14
2026-07-06,rems-murr-kreis,Büroassistent/in,14
2026-07-06,rems-murr-kreis,Gärtner/in - Garten- und Landschaftsbau,13
2026-07-06,rems-murr-kreis,"Helfer/in - Maschinenbau, Betriebstechnik",13
2026-07-06,rems-murr-kreis,Einzelhandelskaufmann/-frau,13
2026-07-06,rems-murr-kreis,Automobilkaufmann/-frau,13
2026-07-06,rems-murr-kreis,Bauleiter/in,13
2026-07-06,rems-murr-kreis,Kaufmann/-frau - Spedition und Logistikdienstleistung,12
2026-07-06,rems-murr-kreis,Verwaltungswirt/in / Verwaltungsbetriebswirt/in,12
2026-07-06,rems-murr-kreis,"Ingenieur/in - Informations-, Kommunikationstechnik",12
2026-07-06,rems-murr-kreis,Elektroniker/in - Automatisierungstechnik,12
2026-07-06,rems-murr-kreis,Elektroniker/in - Geräte und Systeme,12
2026-07-06,rems-murr-kreis,Elektroanlagenmonteur/in,12
2026-07-06,rems-murr-kreis,Personaldisponent/in,12
2026-07-06,rems-murr-kreis,Restaurantfachmann/-frau,12
2026-07-06,rems-murr-kreis,Fachverkäufer/in - Lebensmittelhandwerk (Bäckerei),12
2026-07-06,rems-murr-kreis,Steuerberater/in,12
2026-07-06,rems-murr-kreis,Fachberater/in - Vertrieb,12
2026-07-06,rems-murr-kreis,Maschineneinrichter/in (allgemein),12
2026-07-06,rems-murr-kreis,Helfer/in - Metallbau,11
2026-07-06,rems-murr-kreis,Fachkraft - Brief- und Frachtverkehr,11
2026-07-06,rems-murr-kreis,Operationstechnische/r Assistent/in,11
2026-07-06,rems-murr-kreis,Werkzeugmechaniker/in,11
2026-07-06,rems-murr-kreis,Produktionsfachkraft Chemie,11
2026-07-06,rems-murr-kreis,Speditionskaufmann/-frau,11
2026-07-06,rems-murr-kreis,Pflegefachmann/-frau (Ausbildung),10
2026-07-06,rems-murr-kreis,Lackierer/in - Spritzlackierung,10
2026-07-06,rems-murr-kreis,Maler/in und Lackierer/in - Gestaltung und Instandhaltung,10
2026-07-06,rems-murr-kreis,Elektrotechnikermeister/in/Bachelor Professional im Elektrotechniker-Handwerk,10
2026-07-06,rems-murr-kreis,Vertriebsberater/in,10
2026-07-06,rems-murr-kreis,Industrieelektriker/in - Geräte und Systeme,10
2026-07-06,rems-murr-kreis,Pflegedienstleiter/in,10
2026-07-06,rems-murr-kreis,Auslieferungsfahrer/in (nicht Verkaufsfahrer/in),10
2026-07-06,rems-murr-kreis,"Helfer/in - Feinmechanik, Werkzeugbau",10
2026-07-06,rems-murr-kreis,Helfer/in - Fahrzeugbau und -instandhaltung,10
2026-07-06,rems-murr-kreis,Logopäde/Logopädin,10
2026-07-06,rems-murr-kreis,Erzieher/in - Jugend- und Heimerziehung,9
2026-07-06,rems-murr-kreis,Ingenieur/in - Luft- und Raumfahrttechnik,9
2026-07-06,rems-murr-kreis,Versicherungsberater/in,9
2026-07-06,rems-murr-kreis,Sales-Manager/in,9
2026-07-06,rems-murr-kreis,Arbeitsvorbereiter/in,9
2026-07-06,rems-murr-kreis,IT-Administrator/in,9
2026-07-06,rems-murr-kreis,Verkaufssachbearbeiter/in,9
2026-07-06,rems-murr-kreis,Bilanzbuchhalter/in/Bachelor Professional in Bilanzbuchhaltung,9
2026-07-06,rems-murr-kreis,Ingenieur/in - Fahrzeugtechnik,9
2026-07-06,rems-murr-kreis,Kaufmann/-frau - Bürokommunikation,9
2026-07-06,rems-murr-kreis,Gesundheits- und Kinderkrankenpfleger/in,9
2026-07-06,rems-murr-kreis,ERP-Berater/in - ERP-Consultant,9
2026-07-06,rems-murr-kreis,Verkaufsberater/in,9
2026-07-06,rems-murr-kreis,Sozialpädagogische/r Assistent/in / Kinderpfleger/in,8
2026-07-06,rems-murr-kreis,Projektingenieur/in,8
2026-07-06,rems-murr-kreis,Zahntechniker/in,8
2026-07-06,rems-murr-kreis,"Kundendienstmonteur/in, -techniker/in",8
2026-07-06,rems-murr-kreis,"Helfer/in - Kurier-, Zustell- und Postdienstleistungen",8
2026-07-06,rems-murr-kreis,Fahrer/in - Personenbeförderung,8
2026-07-06,rems-murr-kreis,Kraftfahrzeugtechnikermeister/in/Bachelor Professional im Kraftfahrzeugtechniker-Handwerk,8
2026-07-06,rems-murr-kreis,"Helfer/in - Malerei, Lackiererei",8
2026-07-06,rems-murr-kreis,Industriereiniger/in (Gebäudereinigung),8
2026-07-06,rems-murr-kreis,Werkzeugmacher/in,8
2026-07-06,rems-murr-kreis,Sekretär/in,8
2026-07-06,rems-murr-kreis,Rechtsanwaltsfachangestellte/r,8
2026-07-06,rems-murr-kreis,Wartungs- und Servicetechniker/in - Maschinenbau,8
2026-07-06,rems-murr-kreis,WIG-Schweißer/in,8
2026-07-06,rems-murr-kreis,Architekt/in,7
2026-07-06,rems-murr-kreis,Wirtschaftsingenieur/in,7
2026-07-06,rems-murr-kreis,Forschungs- und Entwicklungsingenieur/in,7
2026-07-06,rems-murr-kreis,Helfer/in - stationäre Krankenpflege,7
2026-07-06,rems-murr-kreis,Verkäufer/in - Nahrungsmittelhandwerk,7
2026-07-06,rems-murr-kreis,Servicetechniker/in - IT,7
2026-07-06,rems-murr-kreis,Hauswart/in/Haustechniker/in,7
2026-07-06,rems-murr-kreis,Geprüfte Schutz- und Sicherheitskraft (IHK),7
2026-07-06,rems-murr-kreis,Empfangsmitarbeiter/in (Hotel),7
2026-07-06,rems-murr-kreis,Dachdecker/in,7
2026-07-06,rems-murr-kreis,Zahnmedizinische/r Prophylaxeassistent/in,7
2026-07-06,rems-murr-kreis,Betriebswirt/in (Hochschule) - Personalmanagement,7
2026-07-06,rems-murr-kreis,Assistenzarzt/-ärztin,7
2026-07-06,rems-murr-kreis,Verfahrensmechaniker/in - Kunststoff- und Kautschuktechnik (mit Schwerpunkten),7
2026-07-06,rems-murr-kreis,Rollladen- und Sonnenschutzmechatroniker/in,6
2026-07-06,rems-murr-kreis,Feinmechaniker/in - Feingerätebau,6
2026-07-06,rems-murr-kreis,Lackierer/in - Holz und Metall,6
2026-07-06,rems-murr-kreis,Fachverkäufer/in - Nahrungsmittelhandwerk (Bäckerei/Konditorei),6
2026-07-06,rems-murr-kreis,Bäcker/in,6
2026-07-06,rems-murr-kreis,Technische/r Einkäufer/in,6
2026-07-06,rems-murr-kreis,Logistiker/in,6
2026-07-06,rems-murr-kreis,Empfangskraft,6
2026-07-06,rems-murr-kreis,Karosseriebauer/in,6
2026-07-06,rems-murr-kreis,Verwaltungsfachangestellte/r - Kommunalverwaltung,6
2026-07-06,rems-murr-kreis,Medizinisch-technische/r Radiologieassistent/in,6
2026-07-06,rems-murr-kreis,Fachberater/in - Bau- und Heimwerkermärkte,6
2026-07-06,rems-murr-kreis,Kartenverkäufer/in,6
2026-07-06,rems-murr-kreis,Automobilmechaniker/in,6
2026-07-06,rems-murr-kreis,Glaser/in - Fenster- und Glasfassadenbau,6
2026-07-06,rems-murr-kreis,"Helfer/in - Büro, Verwaltung",6
2026-07-06,rems-murr-kreis,Klempner/in,6
2026-07-06,rems-murr-kreis,Verfahrensmechaniker/in - Beschichtungstechnik,6
2026-07-06,rems-murr-kreis,Fachkraft - Qualitätssicherung/-management,6
2026-07-06,rems-murr-kreis,Facility-Manager/in,6
2026-07-06,rems-murr-kreis,Tiefbaufacharbeiter/in (ohne Angabe des Schwerpunkts),6
2026-07-06,rems-murr-kreis,Ingenieur/in - Automatisierungstechnik,6
2026-07-06,rems-murr-kreis,Sachbearbeiter/in - Einkauf,5
2026-07-06,rems-murr-kreis,Elektroniker/in - Automatisierungs- und Systemtechnik,5
2026-07-06,rems-murr-kreis,Bauelektriker/in,5
2026-07-06,rems-murr-kreis,Konditor/in,5
2026-07-06,rems-murr-kreis,"Fliesen-, Platten- und Mosaikleger/in",5
2026-07-06,rems-murr-kreis,Vertriebsingenieur/in,5
2026-07-06,rems-murr-kreis,Helfer/in - Metalloberflächenbearbeitung,5
2026-07-06,rems-murr-kreis,Helfer/in - Ausbau,5
2026-07-06,rems-murr-kreis,Verfahrensmechaniker/in - Kunststoff- und Kautschuktechnik - Formteile,5
2026-07-06,rems-murr-kreis,Trockenbaumonteur/in,5
2026-07-06,rems-murr-kreis,Qualitätsmanager/in,5
2026-07-06,rems-murr-kreis,Disponent/in - Lager,5
2026-07-06,rems-murr-kreis,Fleischer/in,5
2026-07-06,rems-murr-kreis,Schleifer/in,5
2026-07-06,rems-murr-kreis,Kaufmann/-frau - Groß- und Außenhandel (Großhandel),5
2026-07-06,rems-murr-kreis,Abfüller/in,5
2026-07-06,rems-murr-kreis,Fachkraft - Logistik/Materialwirtschaft,5
2026-07-06,rems-murr-kreis,"Helfer/in - Metallerzeugung, Gießerei",5
2026-07-06,rems-murr-kreis,Augenoptiker/in,5
2026-07-06,rems-murr-kreis,Servicefahrer/in,5
2026-07-06,rems-murr-kreis,Küchenchef/in,5
2026-07-06,rems-murr-kreis,Verfahrensmechaniker/in - Kunststoff- und Kautschuktechnik - Bauteile,5
2026-07-06,rems-murr-kreis,Helfer/in - Hochbau,5
2026-07-06,rems-murr-kreis,Facharzt/-ärztin - Allgemeinmedizin (Hausarzt/-ärztin),5
2026-07-06,rems-murr-kreis,Projektassistent/in,5
2026-07-06,rems-murr-kreis,Finanzwirt/in,5
2026-07-06,rems-murr-kreis,Anästhesietechnische/r Assistent/in,5
2026-07-06,rems-murr-kreis,Helfer/in - Ver- und Entsorgung,5
2026-07-06,rems-murr-kreis,Fachkraft - Kreislauf- und Abfallwirtschaft,5
2026-07-06,rems-murr-kreis,Baumaschinenführer/in,5
2026-07-06,rems-murr-kreis,Disponent/in - Güterverkehr,5
2026-07-06,rems-murr-kreis,Jurist/in,5
2026-07-06,rems-murr-kreis,Promoter/in,5
2026-07-06,rems-murr-kreis,Vertriebstechniker/in,5
2026-07-06,rems-murr-kreis,Fachwirt/in - Steuer,5
2026-07-06,rems-murr-kreis,Account-Manager/in,5
2026-07-06,rems-murr-kreis,Fachkraft - Lagerwirtschaft,5
2026-07-06,rems-murr-kreis,Sicherheitsmitarbeiter/in,5
2026-07-06,rems-murr-kreis,Zahnarzt/-ärztin,5
2026-07-06,rems-murr-kreis,Beton- und Stahlbetonbauer/in,5
2026-07-06,rems-murr-kreis,Beikoch/-köchin,5
2026-07-06,rems-murr-kreis,Helfer/in - Tiefbau,5
2026-07-06,rems-murr-kreis,Medientechnologe/-technologin Druck,4
2026-07-06,rems-murr-kreis,Kunststoff-Formgeber/in,4
2026-07-06,rems-murr-kreis,Kaufmann/-frau - Groß- und Außenhandel (Außenhandel),4
2026-07-06,rems-murr-kreis,Qualitätssicherungstechniker/in,4
2026-07-06,rems-murr-kreis,Holzbearbeitungsmechaniker/in,4
2026-07-06,rems-murr-kreis,Baugeräteführer/in,4
2026-07-06,rems-murr-kreis,Fachkrankenpfleger/in - Nephrologie,4
2026-07-06,rems-murr-kreis,IT-Berater/in,4
2026-07-06,rems-murr-kreis,Fachkraft - Gastronomie,4
2026-07-06,rems-murr-kreis,Metallbauer/in - Anlagen- und Fördertechnik,4
2026-07-06,rems-murr-kreis,Büfettkraft,4
2026-07-06,rems-murr-kreis,Techniker/in - Bautechnik (ohne Schwerpunkt)/Bachelor Professional in Technik,4
2026-07-06,rems-murr-kreis,Ingenieur/in - Versorgungstechnik,4
2026-07-06,rems-murr-kreis,Kinderbetreuer/in,4
2026-07-06,rems-murr-kreis,"Helfer/in - Holz, Flechtwaren",4
2026-07-06,rems-murr-kreis,Schweißer/in - Konstruktionstechnik,4
2026-07-06,rems-murr-kreis,Fachkraft - Metalltechnik - Montagetechnik,4
2026-07-06,rems-murr-kreis,Wirtschaftsinformatiker/in (Hochschule),4
2026-07-06,rems-murr-kreis,Callcenteragent/in,4
2026-07-06,rems-murr-kreis,Marketingfachkraft/-assistent/in,4
2026-07-06,rems-murr-kreis,Content-Manager/in,4
2026-07-06,rems-murr-kreis,Maschinen- und Anlagenführer/in - Lebensmitteltechnik,4
2026-07-06,rems-murr-kreis,Automobil-Serviceberater/in,4
2026-07-06,rems-murr-kreis,"Kundenberater/in (Bank, Sparkasse)",4
2026-07-06,rems-murr-kreis,Inbetriebnahmetechniker/in - Elektrotechnik,4
2026-07-06,rems-murr-kreis,Rechtsanwalt/Rechtsanwältin,4
2026-07-06,rems-murr-kreis,Pädagoge/Pädagogin,4
2026-07-06,rems-murr-kreis,Facharzt/-ärztin - Innere Medizin,4
2026-07-06,rems-murr-kreis,Mechaniker/in - Karosserieinstandhaltungstechnik,4
2026-07-06,rems-murr-kreis,Fachverkäufer/in - Kraftfahrzeuge,4
2026-07-06,rems-murr-kreis,Assistent/in - Logistik,4
2026-07-06,rems-murr-kreis,Dreher/in,4
2026-07-06,rems-murr-kreis,CNC-Schleifer/in,4
2026-07-06,rems-murr-kreis,Nachtwache - Pflege,4
2026-07-06,rems-murr-kreis,Straßenbauer/in,4
2026-07-06,rems-murr-kreis,"Fachverkäufer/in - Textilien, Bekleidung",4
2026-07-06,rems-murr-kreis,Sozialassistent/in,4
2026-07-06,rems-murr-kreis,Spezialitätenkoch/-köchin,4
2026-07-06,rems-murr-kreis,Gärtnermeister/in - Garten- und Landschaftsbau,4
2026-07-06,rems-murr-kreis,Tischlermeister/in/Bachelor Professional im Tischler-Handwerk,4
2026-07-06,rems-murr-kreis,Instandhaltungstechniker/in,4
2026-07-06,rems-murr-kreis,Fachkraft - Mechatronik,4
2026-07-06,rems-murr-kreis,Tiermedizinische/r Fachangestellte/r,4
2026-07-06,rems-murr-kreis,Bautischler/in,4
2026-07-06,rems-murr-kreis,Pflegefachmann/-frau (Gesundheits- und Kinderkrankenpflege),4
2026-07-06,rems-murr-kreis,Kundendienstberater/in,4
2026-07-06,rems-murr-kreis,Pharmazeutisch-technische/r Assistent/in,4
2026-07-06,rems-murr-kreis,"Gruppen-, Teamleiter/in",4
2026-07-06,rems-murr-kreis,Berufsspezialist/in - Vertrieb,4
2026-07-06,rems-murr-kreis,Pflegeassistent/in (Gesundheits- und Krankenpflege),4
2026-07-06,rems-murr-kreis,Helfer/in - Gartenbau,4
2026-07-06,rems-murr-kreis,Friseurmeister/in/Bachelor Professional im Friseur-Handwerk,4
2026-07-06,rems-murr-kreis,Arzt/Ärztin,4
2026-07-06,rems-murr-kreis,Werkstattleiter/in,4
2026-07-06,rems-murr-kreis,Helfer/in - Friseurgewerbe,4
2026-07-06,rems-murr-kreis,Masseur/in und medizinische/r Bademeister/in,4
2026-07-06,rems-murr-kreis,Kinderpflegehelfer/in,3
2026-07-06,rems-murr-kreis,Techniker/in - Elektrotechnik (ohne Schwerpunkt)/Bachelor Professional in Technik,3
2026-07-06,rems-murr-kreis,Ingenieur/in - Kunststofftechnik,3
2026-07-06,rems-murr-kreis,Industriemechaniker/in - Geräte- und Feinwerktechnik,3
2026-07-06,rems-murr-kreis,Fahrlehrer/in,3
2026-07-06,rems-murr-kreis,Busfahrer/in,3
2026-07-06,rems-murr-kreis,Konstrukteur/in - Maschinen-/Anlagentechnik,3
2026-07-06,rems-murr-kreis,Bauwerksabdichter/in,3
2026-07-06,rems-murr-kreis,Niederlassungsleiter/in,3
2026-07-06,rems-murr-kreis,Objektleiter/in (Gebäudereinigung),3
2026-07-06,rems-murr-kreis,Pflegeassistent/in,3
2026-07-06,rems-murr-kreis,Glasfasermonteur/in,3
2026-07-06,rems-murr-kreis,Polier/in - Tiefbau,3
2026-07-06,rems-murr-kreis,Vorarbeiter/in - Tiefbau,3
2026-07-06,rems-murr-kreis,Helfer/in - Chemie- und Pharmatechnik,3
2026-07-06,rems-murr-kreis,EDV-Sachbearbeiter/in,3
2026-07-06,rems-murr-kreis,IT-Projektkoordinator/in,3
2026-07-06,rems-murr-kreis,Event-Manager/in,3
2026-07-06,rems-murr-kreis,Fachkraft - Metalltechnik - Zerspanungstechnik,3
2026-07-06,rems-murr-kreis,Nachhaltigkeitsmanager/in,3
2026-07-06,rems-murr-kreis,Vorarbeiter/in - Reinigung,3
2026-07-06,rems-murr-kreis,Lehrer/in/Dozent/in - Erwachsenenbildung,3
2026-07-06,rems-murr-kreis,Technische/r Zeichner/in - Elektrotechnik,3
2026-07-06,rems-murr-kreis,Kraftfahrzeugelektriker/in,3
2026-07-06,rems-murr-kreis,Fachlehrkraft - Förderschulen,3
2026-07-06,rems-murr-kreis,Supply-Chain-Manager/in,3
2026-07-06,rems-murr-kreis,Berater/in - Immobilienfinanzierung,3
2026-07-06,rems-murr-kreis,Facharzt/-ärztin - Anästhesiologie,3
2026-07-06,rems-murr-kreis,"Fachkraft - Rohr-, Kanal- und Industrieservice",3
2026-07-06,rems-murr-kreis,Maler- und Lackierermeister/in/Bachelor Professional im Maler- und Lackierer-Handwerk,3
2026-07-06,rems-murr-kreis,Garten-/Landschaftsgestalter/in,3
2026-07-06,rems-murr-kreis,Biologisch-technische/r Assistent/in,3
2026-07-06,rems-murr-kreis,Kinderkrankenschwester/-pfleger,3
2026-07-06,rems-murr-kreis,Psychologe/Psychologin,3
2026-07-06,rems-murr-kreis,Sporttherapeut/in,3
2026-07-06,rems-murr-kreis,"Helfer/in - Klempnerei, Installation",3
2026-07-06,rems-murr-kreis,Servicetechniker/in - Sicherheits-/Alarmanlagen,3
2026-07-06,rems-murr-kreis,Chemielaborant/in,3
2026-07-06,rems-murr-kreis,Personalberater/in,3
2026-07-06,rems-murr-kreis,Managementassistent/in,3
2026-07-06,rems-murr-kreis,Unternehmensberater/in,3
2026-07-06,rems-murr-kreis,IT-Kundenbetreuer/in,3
2026-07-06,rems-murr-kreis,Zimmerermeister/in/Bachelor Professional im Zimmerer-Handwerk,3
2026-07-06,rems-murr-kreis,Schilder- und Lichtreklamehersteller/in,3
2026-07-06,rems-murr-kreis,Kindergartenleiter/in,3
2026-07-06,rems-murr-kreis,Helfer/in - Druck,3
2026-07-06,rems-murr-kreis,Fachkraft - Gastronomie (Restaurantservice),3
2026-07-06,rems-murr-kreis,Elektroniker/in - Gebäude- und Infrastruktursysteme,3
2026-07-06,rems-murr-kreis,Qualitätsingenieur/in,3
2026-07-06,rems-murr-kreis,IT-Vertriebsbeauftragte/r,3
2026-07-06,rems-murr-kreis,Einrichtungsfachberater/in/Bachelor Professional in Wirtschaft,3
2026-07-06,rems-murr-kreis,Fachmann/-frau - Systemgastronomie,3
2026-07-06,rems-murr-kreis,Maler/in und Tapezierer/in,3
2026-07-06,rems-murr-kreis,MAG-Schweißer/in,3
2026-07-06,rems-murr-kreis,Rohrleitungsbauer/in,3
2026-07-06,rems-murr-kreis,Maurer/in,3
2026-07-06,rems-murr-kreis,Tiefbaufacharbeiter/in - Straßenbauarbeiten,3
2026-07-06,rems-murr-kreis,Personaldienstleistungskaufmann/-frau,3
2026-07-06,rems-murr-kreis,Praxisanleiter/in - Pflegeberufe,3
2026-07-06,rems-murr-kreis,Recruiter/in,3
2026-07-06,rems-murr-kreis,Rettungshelfer/in,3
2026-07-06,rems-murr-kreis,Telefonist/in,3
2026-07-06,rems-murr-kreis,Mechaniker/in - Land- und Baumaschinentechnik,3
2026-07-06,rems-murr-kreis,Vermessungstechniker/in - Vermessung,3
2026-07-06,rems-murr-kreis,Hörakustiker/in,3
2026-07-06,rems-murr-kreis,Apotheker/in,3
2026-07-06,rems-murr-kreis,E-Commerce-Manager/in,3
2026-07-06,rems-murr-kreis,Helfer/in - Altenpflege/Persönliche Assistenz,3
2026-07-06,rems-murr-kreis,Techniker/in - Elektrotechnik (Energietechnik)/Bachelor Professional in Technik,3
2026-07-06,rems-murr-kreis,Holzmechaniker/in - Möbelbau und Innenausbau,3
2026-07-06,rems-murr-kreis,IT-System-Elektroniker/in,3
2026-07-06,rems-murr-kreis,Dentalhygieniker/in,3
2026-07-06,rems-murr-kreis,Kunststoff- und Kautschuktechnologe/-technologin - Bauteile,3
2026-07-06,rems-murr-kreis,SPS-Fachkraft,2
2026-07-06,rems-murr-kreis,Berufsspezialist/in - Haushaltsführung und Familienbetreuung (Dorfhelfer/in),2
2026-07-06,rems-murr-kreis,Fachkraft - Marketing/Verkauf/Vertrieb,2
2026-07-06,rems-murr-kreis,IT-Manager/in,2
2026-07-06,rems-murr-kreis,Konstruktionsmechaniker/in - Schweißtechnik,2
2026-07-06,rems-murr-kreis,Techniker/in - Maschinentechnik (ohne Schwerpunkt)/Bachelor Professional in Technik,2
2026-07-06,rems-murr-kreis,Ingenieur/in - Verfahrenstechnik,2
2026-07-06,rems-murr-kreis,Industriemeister/in - Elektrotechnik,2
2026-07-06,rems-murr-kreis,Techniker/in - Elektrotechnik (Informations- und Kommunikationstechnik)/Bachelor Professional in Technik,2
2026-07-06,rems-murr-kreis,Fachkinderkrankenpfleger/in - Intensivpflege/Anästhesie,2
2026-07-06,rems-murr-kreis,Technische/r Zeichner/in - Maschinen- und Anlagentechnik,2
2026-07-06,rems-murr-kreis,Elektroniker/in - Informations- und Telekommunikationstechnik,2
2026-07-06,rems-murr-kreis,Schulbegleiter/in,2
2026-07-06,rems-murr-kreis,Stadt- und Regionalplaner/in,2
2026-07-06,rems-murr-kreis,Kommunikationselektroniker/in - Informationstechnik,2
2026-07-06,rems-murr-kreis,Kaufmann/-frau - Einzelhandel (Sportartikel),2
2026-07-06,rems-murr-kreis,"Maschinen-, Anlagen- und Behälterreiniger/in",2
2026-07-06,rems-murr-kreis,Drucker/in - Digitaldruck,2
2026-07-06,rems-murr-kreis,Fräser/in,2
2026-07-06,rems-murr-kreis,Bestattungsfachkraft,2
2026-07-06,rems-murr-kreis,Chefarzt/-ärztin,2
2026-07-06,rems-murr-kreis,Mechatroniker/in - Kältetechnik,2
2026-07-06,rems-murr-kreis,Key-Account-Manager/in,2
2026-07-06,rems-murr-kreis,Notfallsanitäter/in,2
2026-07-06,rems-murr-kreis,Netzwerk-Servicetechniker/in,2
2026-07-06,rems-murr-kreis,Dienstwagenfahrer/in,2
2026-07-06,rems-murr-kreis,Objektverwalter/in (Immobilien),2
2026-07-06,rems-murr-kreis,Operationstechnische/r Angestellte/r,2
2026-07-06,rems-murr-kreis,Sport- und Fitnesskaufmann/-frau,2
2026-07-06,rems-murr-kreis,Wirtschafter/in - Hauswirtschaft/Bachelor Professional in Agrarwirtschaft,2
2026-07-06,rems-murr-kreis,Berufstrainer/in - Sport,2
2026-07-06,rems-murr-kreis,Karosserie- und Fahrzeugbaumechaniker/in - Fahrzeugbautechnik,2
2026-07-06,rems-murr-kreis,Energieelektroniker/in - Anlagentechnik,2
2026-07-06,rems-murr-kreis,Pizzabäcker/in,2
2026-07-06,rems-murr-kreis,Binnenschiffer/in,2
2026-07-06,rems-murr-kreis,Fachkraft - Sozialarbeit,2
2026-07-06,rems-murr-kreis,Kraftfahrzeugmechatroniker/in - Karosserietechnik,2
2026-07-06,rems-murr-kreis,Bauzeichner/in,2
2026-07-06,rems-murr-kreis,Leiter/in - Gastronomiebetrieb,2
2026-07-06,rems-murr-kreis,Berufseinstiegsbegleiter/in,2
2026-07-06,rems-murr-kreis,Steinmetz/in und Steinbildhauer/in - Denkmalpflege,2
2026-07-06,rems-murr-kreis,Konstrukteur/in - Elektrotechnik,2
2026-07-06,rems-murr-kreis,Techniker/in - Maschinentechnik (Fertigungstechnik)/Bachelor Professional in Technik,2
2026-07-06,rems-murr-kreis,Betriebswirt/in (Fachschule) - Projektmanagement,2
2026-07-06,rems-murr-kreis,Medizinische/r Technologe/Technologin - Radiologie,2
2026-07-06,rems-murr-kreis,Arbeitserzieher/in,2
2026-07-06,rems-murr-kreis,Fachkaufmann/-frau - Vertrieb,2
2026-07-06,rems-murr-kreis,Bereichsleiter/in,2
2026-07-06,rems-murr-kreis,Messtechniker/in (Energietechnik),2
2026-07-06,rems-murr-kreis,Betriebstechniker/in,2
2026-07-06,rems-murr-kreis,Pflegepädagoge/-pädagogin,2
2026-07-06,rems-murr-kreis,Medizinisch-technische/r Laboratoriumsassistent/in,2
2026-07-06,rems-murr-kreis,Heilpädagoge/-pädagogin,2
2026-07-06,rems-murr-kreis,Konstruktionsmechaniker/in - Feinblechbautechnik,2
2026-07-06,rems-murr-kreis,Kunststoffspritzer/in,2
2026-07-06,rems-murr-kreis,Tierarzt/-ärztin - Haus- und Heimtiere,2
2026-07-06,rems-murr-kreis,Testfahrer/in,2
2026-07-06,rems-murr-kreis,Fahrzeugpfleger/in,2
2026-07-06,rems-murr-kreis,Leiter/in - Immobilienmanagement,2
2026-07-06,rems-murr-kreis,Schichtführer/in,2
2026-07-06,rems-murr-kreis,Kindheitspädagoge/-pädagogin,2
2026-07-06,rems-murr-kreis,Berufsspezialist/in - ambulante medizinische Versorgung,2
2026-07-06,rems-murr-kreis,Hauswirtschafter/in - Personenbetreuende Dienstleistungen,2
2026-07-06,rems-murr-kreis,Servicetechniker/in - Land- und Baumaschinen,2
2026-07-06,rems-murr-kreis,Gießereimechaniker/in,2
2026-07-06,rems-murr-kreis,Leiter/in - Betriebliche Instandhaltung,2
2026-07-06,rems-murr-kreis,Verkehrsplaner/in,2
2026-07-06,rems-murr-kreis,Fachkraft - Arbeitssicherheit,2
2026-07-06,rems-murr-kreis,Fachverkäufer/in - Nahrungsmittelhandwerk (Fleischerei),2
2026-07-06,rems-murr-kreis,Designer/in (Ausbildung) - Grafik,2
2026-07-06,rems-murr-kreis,Ingenieur/in - Umweltschutz/Umwelttechnik,2
2026-07-06,rems-murr-kreis,Verkehrsbauingenieur/in,2
2026-07-06,rems-murr-kreis,Strahlenschutzfachkraft,2
2026-07-06,rems-murr-kreis,Baggerführer/in,2
2026-07-06,rems-murr-kreis,Bodenleger/in,2
2026-07-06,rems-murr-kreis,Wirtschaftsinformatiker/in - IT-Systeme,2
2026-07-06,rems-murr-kreis,IT-Sicherheitskoordinator/in,2
2026-07-06,rems-murr-kreis,Fuhrparkleiter/in,2
2026-07-06,rems-murr-kreis,Ingenieur/in - Service/Instandhaltung,2
2026-07-06,rems-murr-kreis,Inbetriebnahmetechniker/in - Energietechnik,2
2026-07-06,rems-murr-kreis,Fachanwalt/-anwältin,2
2026-07-06,rems-murr-kreis,Industriemechaniker/in - Betriebstechnik,2
2026-07-06,rems-murr-kreis,Landmaschinenmechaniker/in,2
2026-07-06,rems-murr-kreis,Tankwagenfahrer/in,2
2026-07-06,rems-murr-kreis,Helfer/in - Textilherstellung,2
2026-07-06,rems-murr-kreis,First-Level-Supporter/in,2
2026-07-06,rems-murr-kreis,Fachwirt/in - Facility-Management,2
2026-07-06,rems-murr-kreis,Feinwerkmechaniker/in - Werkzeugbau,2
2026-07-06,rems-murr-kreis,Kaufmann/-frau - Gesundheitswesen,2
2026-07-06,rems-murr-kreis,Anlagenmechaniker/in - Schweißtechnik,2
2026-07-06,rems-murr-kreis,Facharzt/-ärztin - Arbeitsmedizin,2
2026-07-06,rems-murr-kreis,Elektromechaniker/in,2
2026-07-06,rems-murr-kreis,"Fachkraft - Möbel-, Küchen- und Umzugsservice",2
2026-07-06,rems-murr-kreis,Cyber-Security-Consultant,2
2026-07-06,rems-murr-kreis,Betriebswirt/in (Hochschule) - Steuern und Prüfungswesen,2
2026-07-06,rems-murr-kreis,Industriemechaniker/in - Produktionstechnik,2
2026-07-06,rems-murr-kreis,Holzmechaniker/in - Montieren von Innenausbauten und Bauelementen,2
2026-07-06,rems-murr-kreis,Beamter/Beamtin - Allgemeine Innere Verwaltung (gehobener nichttechnischer Dienst),2
2026-07-06,rems-murr-kreis,Fachverkäufer/in - Nahrungsmittel,2
2026-07-06,rems-murr-kreis,Hotelfachmann/-frau,2
2026-07-06,rems-murr-kreis,Werkzeugmechaniker/in - Formentechnik,2
2026-07-06,rems-murr-kreis,Meister/in - Veranstaltungstechnik (Beleuchtung),2
2026-07-06,rems-murr-kreis,Kosmetiker/in,2
2026-07-06,rems-murr-kreis,Onlinemarketing-Manager/in,2
2026-07-06,rems-murr-kreis,Elektromaschinenbauer/in,2
2026-07-06,rems-murr-kreis,Testingenieur/in,2
2026-07-06,rems-murr-kreis,IT-Produktkoordinator/in,2
2026-07-06,rems-murr-kreis,Ingenieur/in - Erneuerbare Energien,2
2026-07-06,rems-murr-kreis,Baureiniger/in (Gebäudereinigung),2
2026-07-06,rems-murr-kreis,Kraftfahrzeug-Servicetechniker/in,2
2026-07-06,rems-murr-kreis,Fachkraft - Veranstaltungstechnik (mit Schwerpunkten),2
2026-07-06,rems-murr-kreis,Betriebswirt/in (Hochschule) - Marketing,2
2026-07-06,rems-murr-kreis,HR Business Partner,2
2026-07-06,rems-murr-kreis,Verkaufsleiter/in im Lebensmittelhandwerk,2
2026-07-06,rems-murr-kreis,Klinische Kodierfachkraft,2
2026-07-06,rems-murr-kreis,Gerüstbauer/in,2
2026-07-06,rems-murr-kreis,Elektroniker/in - Prüffeld,2
2026-07-06,rems-murr-kreis,Kreditsachbearbeiter/in,2
2026-07-06,rems-murr-kreis,Betriebswirt/in - allgemeine Betriebswirtschaft,2
2026-07-06,rems-murr-kreis,Innenarchitekt/in,2
2026-07-06,rems-murr-kreis,Warenannehmer/in,2
2026-07-06,rems-murr-kreis,Zweiradmechaniker/in - Motorradtechnik,2
2026-07-06,rems-murr-kreis,Konstrukteur/in,2
2026-07-06,rems-murr-kreis,Tourismuskaufmann/-frau (Privat- und Geschäftsreisen),2
2026-07-06,rems-murr-kreis,Stationsleiter/in - Kranken-/Alten-/Kinderkrankenpflege,2
2026-07-06,rems-murr-kreis,Beamter/Beamtin - Wehrverwaltung (mittlerer nichttechnischer Dienst),2
2026-07-06,rems-murr-kreis,IT-Tester/in,2
2026-07-06,rems-murr-kreis,Pferdewirt/in (mit Schwerpunkten),2
2026-07-06,rems-murr-kreis,Volkswirt/in,2
2026-07-06,rems-murr-kreis,Fachkraft - Demontage,2
2026-07-06,rems-murr-kreis,Medizinprodukteberater/in,2
2026-07-06,rems-murr-kreis,Techniker/in - Bekleidungstechnik/Bachelor Professional in Technik,2
2026-07-06,rems-murr-kreis,Physiotherapeut/in (Sportphysiotherapie),2
2026-07-06,rems-murr-kreis,Haushälter/in (Privathaushalt),2
2026-07-06,rems-murr-kreis,Spielhallenaufsicht,2
2026-07-06,rems-murr-kreis,Küchenplaner/in,2
2026-07-06,rems-murr-kreis,Immobilienmakler/in,2
2026-07-06,rems-murr-kreis,Sicherheitstechniker/in (IT),2
2026-07-06,rems-murr-kreis,Betriebswirt/in (Hochschule) - Immobilien,2
2026-07-06,rems-murr-kreis,Elektroniker/in - Automatisierungstechnik (Handwerk),2
2026-07-06,rems-murr-kreis,Technische/r Zeichner/in - Heizungs-/Klima-/Sanitärtechnik,2
2026-07-06,rems-murr-kreis,Fachpflegekraft - Psychiatrie,2
2026-07-06,rems-murr-kreis,Application-Engineer/-Manager/in,2
2026-07-06,rems-murr-kreis,Kraftfahrzeugmechatroniker/in - Nutzfahrzeugtechnik,2
2026-07-06,rems-murr-kreis,Technische/r Systemplaner/in - Elektrotechnische Systeme,2
2026-07-06,rems-murr-kreis,Glasreiniger/in,2
2026-07-06,rems-murr-kreis,Land- und Baumaschinenmechatroniker/in,2
2026-07-06,rems-murr-kreis,Land- und Baumaschinenmechatronikermeister/in/Bachelor Professional im Land- und Baumaschinenmechatroniker-Handwerk,2
2026-07-06,rems-murr-kreis,Jugendreferent/in,2
2026-07-06,rems-murr-kreis,Florist/in,2
2026-07-06,rems-murr-kreis,Podologe/Podologin,2
2026-07-06,rems-murr-kreis,CAD-Fachkraft - Elektrotechnik,2
2026-07-06,rems-murr-kreis,Fachwirt/in - Marktforschung,2
2026-07-06,rems-murr-kreis,Helfer/in - Farb- und Lacktechnik,2
2026-07-06,rems-murr-kreis,"Fliesen-, Platten- und Mosaiklegermeister/in/Bachelor Professional im Fliesen-, Platten- und Mosaikleger-Handwerk",2
2026-07-06,rems-murr-kreis,Haus- und Familienpfleger/in,2
2026-07-06,rems-murr-kreis,Brandschutzfachkraft (Brandschutzmonteur/in),2
2026-07-06,rems-murr-kreis,Steinmetz/in und Steinbildhauer/in - Steinmetzarbeiten,2
2026-07-06,rems-murr-kreis,Schwimmlehrer/in,2
2026-07-06,rems-murr-kreis,Technische/r Systemplaner/in - Versorgungs- und Ausrüstungstechnik,2
2026-07-06,rems-murr-kreis,Karosserie- und Fahrzeugbauer/in - Fahrzeugbau,2
2026-07-06,rems-murr-kreis,Fertigungsmechaniker/in,2
2026-07-06,rems-murr-kreis,Kaufmann/-frau - Versicherungen und Finanzanlagen,2
2026-07-06,rems-murr-kreis,CRM-Manager/in,2
2026-07-06,rems-murr-kreis,Fachkrankenpfleger/in - Onkologie,2
2026-07-06,rems-murr-kreis,Empfangschef/in (Hotel),2
2026-07-06,rems-murr-kreis,Fachkraft - Schutz und Sicherheit,2
2026-07-06,rems-murr-kreis,Gerätezusammensetzer/in,2
2026-07-06,rems-murr-kreis,Heilerziehungspfleger/in - Rehabilitation,1
2026-07-06,rems-murr-kreis,Elektroniker/in - Maschinen und Antriebstechnik (BBiG),1
2026-07-06,rems-murr-kreis,Produktionstechnologe/-technologin,1
2026-07-06,rems-murr-kreis,Produktionsingenieur/in,1
2026-07-06,rems-murr-kreis,Zerspanungsmechaniker/in - Drehtechnik,1
2026-07-06,rems-murr-kreis,Leiter/in - Engineering,1
2026-07-06,rems-murr-kreis,Techniker/in - Maschinentechnik (Verfahrenstechnik)/Bachelor Professional in Technik,1
2026-07-06,rems-murr-kreis,Techniker/in - Feinwerktechnik/Bachelor Professional in Technik,1
2026-07-06,rems-murr-kreis,Techniker/in - Mikrosystemtechnik,1
2026-07-06,rems-murr-kreis,Klebfachingenieur/in,1
2026-07-06,rems-murr-kreis,Embedded-Systems-Entwickler/in,1
2026-07-06,rems-murr-kreis,Feinoptiker/in,1
2026-07-06,rems-murr-kreis,Coach / Supervisor/in,1
2026-07-06,rems-murr-kreis,Uhrmacher/in,1
2026-07-06,rems-murr-kreis,Mikrotechnologe/-technologin,1
2026-07-06,rems-murr-kreis,Jobcoach,1
2026-07-06,rems-murr-kreis,Betriebswirt/in (Fachschule) - Kommunikation und Büromanagement/Bachelor Professional in Wirtschaft,1
2026-07-06,rems-murr-kreis,Kommunikationselektroniker/in - Telekommunikationstechnik,1
2026-07-06,rems-murr-kreis,Feinwerkmechaniker/in - Feinmechanik,1
2026-07-06,rems-murr-kreis,Inbetriebnahmetechniker/in - Maschinenbau,1
2026-07-06,rems-murr-kreis,Facharzt/-ärztin - Augenheilkunde,1
2026-07-06,rems-murr-kreis,Kraftfahrzeugmechatroniker/in - Motorradtechnik,1
2026-07-06,rems-murr-kreis,DevOps Engineer,1
2026-07-06,rems-murr-kreis,Systemelektroniker/in,1
2026-07-06,rems-murr-kreis,Betriebswirt/in (Hochschule) - Dienstleistungsmanagement,1
2026-07-06,rems-murr-kreis,Zweiradmechaniker/in - Fahrradtechnik,1
2026-07-06,rems-murr-kreis,"Fachverkäufer/in - Kfz-Zubehör, Reifen",1
2026-07-06,rems-murr-kreis,Straßenbauingenieur/in,1
2026-07-06,rems-murr-kreis,Medizinische/r Technologe/Technologin - Laboratoriumsanalytik,1
2026-07-06,rems-murr-kreis,Buchbinder/in,1
2026-07-06,rems-murr-kreis,Betriebsgärtner/in,1
2026-07-06,rems-murr-kreis,Absatz- und Werbewirtschaftler/in,1
2026-07-06,rems-murr-kreis,Baukontrolleur/in (Sicherheitskontrolleur/in),1
2026-07-06,rems-murr-kreis,Vorarbeiter/in - Fahrzeuglackierung,1
2026-07-06,rems-murr-kreis,Zerspanungsmechaniker/in - Automaten-Drehtechnik,1
2026-07-06,rems-murr-kreis,EDV-Fachkraft,1
2026-07-06,rems-murr-kreis,Gärtner/in - Zierpflanzenbau,1
2026-07-06,rems-murr-kreis,Schwangerschaftskonfliktberater/in,1
2026-07-06,rems-murr-kreis,Verwaltungsfachangestellte/r - HWK und IHK,1
2026-07-06,rems-murr-kreis,Leiter/in - Supply-Chain-Management,1
2026-07-06,rems-murr-kreis,Solarmonteur/in,1
2026-07-06,rems-murr-kreis,Fachmann/-frau - Restaurants und Veranstaltungsgastronomie,1
2026-07-06,rems-murr-kreis,Geoinformatiker/in,1
2026-07-06,rems-murr-kreis,Master of Business Administration,1
2026-07-06,rems-murr-kreis,Leiter/in - Verkauf (Handel),1
2026-07-06,rems-murr-kreis,Reklamationssachbearbeiter/in,1
2026-07-06,rems-murr-kreis,Hotelkaufmann/-frau,1
2026-07-06,rems-murr-kreis,Heizungs-/Sanitärkaufmann/-frau (Handel),1
2026-07-06,rems-murr-kreis,Hauswirtschafter/in - Serviceorientierte Dienstleistungen,1
2026-07-06,rems-murr-kreis,Facharzt/-ärztin - Innere Medizin und Endokrinologie und Diabetologie,1
2026-07-06,rems-murr-kreis,Physiker/in,1
2026-07-06,rems-murr-kreis,Zugführer/in,1
2026-07-06,rems-murr-kreis,Justiziar/in,1
2026-07-06,rems-murr-kreis,Techniker/in - Gebäudesystemtechnik/Bachelor Professional in Technik,1
2026-07-06,rems-murr-kreis,Konstrukteur/in - Karosserie-/Fahrzeugbautechnik,1
2026-07-06,rems-murr-kreis,Fitnesstrainer/in,1
2026-07-06,rems-murr-kreis,Facharzt/-ärztin - Gefäßchirurgie,1
2026-07-06,rems-murr-kreis,Mediendesigner/in,1
2026-07-06,rems-murr-kreis,Fachkraft - Gebäudetechnik,1
2026-07-06,rems-murr-kreis,Techniker/in - Galvanotechnik/Bachelor Professional in Technik,1
2026-07-06,rems-murr-kreis,Oberflächenbeschichter/in,1
2026-07-06,rems-murr-kreis,Lehrer/in - Förderschulen,1
2026-07-06,rems-murr-kreis,Elektroniker/in - Maschinen und Antriebstechnik (Ausbildung bis 2021),1
2026-07-06,rems-murr-kreis,Vorarbeiter/in - Maler- und Lackiererarbeiten,1
2026-07-06,rems-murr-kreis,Galvaniseur/in,1
2026-07-06,rems-murr-kreis,Kunsthandwerker/in,1
2026-07-06,rems-murr-kreis,Entwicklungstechniker/in,1
2026-07-06,rems-murr-kreis,Installateur- und Heizungsbauermeister/in/Bachelor Professional im Installateur- und Heizungsbauer-Handwerk,1
2026-07-06,rems-murr-kreis,Spezialist/in - Industrie 4.0,1
2026-07-06,rems-murr-kreis,Betriebsleiter/in - Hotel und Gaststätten/Bachelor Professional in Hauswirtschaft,1
2026-07-06,rems-murr-kreis,Kaufmännische/r Assistent/in/Wirtschaftsassistent/in - E-Business Management,1
2026-07-06,rems-murr-kreis,Steinmetz- und Steinbildhauermeister/in/Bachelor Professional im Steinmetz- und Steinbildhauer-Handwerk,1
2026-07-06,rems-murr-kreis,Fachkraft - Veranstaltungstechnik,1
2026-07-06,rems-murr-kreis,Verwaltungsfachangestellte/r - Kirchenverwaltung - evangelische Kirche,1
2026-07-06,rems-murr-kreis,Arzthelfer/in,1
2026-07-06,rems-murr-kreis,Techniker/in - Farb- und Lacktechnik (Anwendungs- und Betriebstechnik),1
2026-07-06,rems-murr-kreis,Fachwirt/in - Marketing/Bachelor Professional in Marketing,1
2026-07-06,rems-murr-kreis,Techniker/in - Verfahrenstechnik/Bachelor Professional in Technik,1
2026-07-06,rems-murr-kreis,Stahl- und Metallbauingenieur/in,1
2026-07-06,rems-murr-kreis,Fachkraft - innovative Fahrzeugaufbereitung,1
2026-07-06,rems-murr-kreis,Museumspädagoge/-pädagogin,1
2026-07-06,rems-murr-kreis,Fachkraft - Fruchtsafttechnik,1
2026-07-06,rems-murr-kreis,Berufsspezialist/in - Ladeinfrastruktursysteme der Elektromobilität,1
2026-07-06,rems-murr-kreis,Facharzt/-ärztin - Psychiatrie und Psychotherapie,1
2026-07-06,rems-murr-kreis,Eurokaufmann/-frau,1
2026-07-06,rems-murr-kreis,Produktionsmechaniker/in - Textil,1
2026-07-06,rems-murr-kreis,Servicefachkraft - Dialogmarketing,1
2026-07-06,rems-murr-kreis,Barista,1
2026-07-06,rems-murr-kreis,Kraftfahrzeugsachverständige/r,1
2026-07-06,rems-murr-kreis,Gleisbauer/in,1
2026-07-06,rems-murr-kreis,Fullstack-Entwickler/in,1
2026-07-06,rems-murr-kreis,Data Engineer,1
2026-07-06,rems-murr-kreis,Techniker/in - Informatik (Nachhaltige Digitalisierung)/Bachelor Professional in Technik,1
2026-07-06,rems-murr-kreis,Bauwerksmechaniker/in für Abbruch und Betontrenntechnik,1
2026-07-06,rems-murr-kreis,Sekretär/in - Gesundheitswesen,1
2026-07-06,rems-murr-kreis,Facharzt/-ärztin - Orthopädie und Unfallchirurgie,1
2026-07-06,rems-murr-kreis,Fachkraft - Kindertageseinrichtungen,1
2026-07-06,rems-murr-kreis,Fachkraft - Lebensmitteltechnik,1
2026-07-06,rems-murr-kreis,CAD-Fachkraft - Maschinenbau,1
2026-07-06,rems-murr-kreis,Kaufmännische/r Geschäftsführer/in,1
2026-07-06,rems-murr-kreis,Fachwirt/in - Musik,1
2026-07-06,rems-murr-kreis,Medieninformatiker/in,1
2026-07-06,rems-murr-kreis,Vorarbeiter/in - Ver- und Entsorgung,1
2026-07-06,rems-murr-kreis,Ambulante/r Pfleger/in,1
2026-07-06,rems-murr-kreis,Brennschneider/in,1
2026-07-06,rems-murr-kreis,Lacklaborant/in,1
2026-07-06,rems-murr-kreis,Ingenieur/in - technische Gebäudeausrüstung,1
2026-07-06,rems-murr-kreis,Brunnenbautechniker/in,1
2026-07-06,rems-murr-kreis,Produktmanager/in,1
2026-07-06,rems-murr-kreis,Helfer/in - Landwirtschaft,1
2026-07-06,rems-murr-kreis,Betriebswirt/in (Fachschule) - Controlling/Bachelor Professional in Wirtschaft,1
2026-07-06,rems-murr-kreis,Buchbindermeister/in/Bachelor Professional im Buchbinder-Handwerk,1
2026-07-06,rems-murr-kreis,Polier/in - Hochbau,1
2026-07-06,rems-murr-kreis,Reifenmonteur/in,1
2026-07-06,rems-murr-kreis,Ingenieur/in - Architektur,1
2026-07-06,rems-murr-kreis,Kiosk-/Imbissverkäufer/in,1
2026-07-06,rems-murr-kreis,Wirtschaftsjurist/in,1
2026-07-06,rems-murr-kreis,Immobilienkaufmann/-frau,1
2026-07-06,rems-murr-kreis,Schweißer/in - Fahrzeugbau,1
2026-07-06,rems-murr-kreis,Blitzschutzmonteur/in,1
2026-07-06,rems-murr-kreis,Fachkaufmann/-frau - Verwaltung von Wohnungseigentum,1
2026-07-06,rems-murr-kreis,Web Developer,1
2026-07-06,rems-murr-kreis,Kälteanlagenbauer/in,1
2026-07-06,rems-murr-kreis,Techniker/in - Zerspanungstechnik/Bachelor Professional in Technik,1
2026-07-06,rems-murr-kreis,Art-Director,1
2026-07-06,rems-murr-kreis,Teilezurichter/in,1
2026-07-06,rems-murr-kreis,Metallbauer/in - Metallgestaltung,1
2026-07-06,rems-murr-kreis,Facharzt/-ärztin - Laboratoriumsmedizin,1
2026-07-06,rems-murr-kreis,Medienmanager/in,1
2026-07-06,rems-murr-kreis,Fachverkäufer/in - Sanitätsfachhandel,1
2026-07-06,rems-murr-kreis,Campaigner/in,1
2026-07-06,rems-murr-kreis,Kraftfahrzeugführer/in - Ver- und Entsorgung,1
2026-07-06,rems-murr-kreis,Schadensregulierer/in (Versicherung),1
2026-07-06,rems-murr-kreis,Employer-Branding-Manager/in,1
2026-07-06,rems-murr-kreis,Dachdecker/in und Bauklempner/in,1
2026-07-06,rems-murr-kreis,Fachkraft - Gastronomie (Systemgastronomie),1
2026-07-06,rems-murr-kreis,Pädagogische/r Assistent/in,1
2026-07-06,rems-murr-kreis,Karosserie- und Fahrzeugbaumechaniker/in - Caravan- und Reisemobiltechnik,1
2026-07-06,rems-murr-kreis,Ingenieur/in - Wasserwirtschaft,1
2026-07-06,rems-murr-kreis,Zählerableser/in,1
2026-07-06,rems-murr-kreis,Rechtsanwaltsgehilfe/-gehilfin,1
2026-07-06,rems-murr-kreis,Gärtner/in - Staudengärtnerei,1
2026-07-06,rems-murr-kreis,Sonderpädagoge/-pädagogin (Fachschule),1
2026-07-06,rems-murr-kreis,Lehrer/in - berufliche Schulen,1
2026-07-06,rems-murr-kreis,Betriebswirt/in (Hochschule) - Bank und Finanzdienstleistungen,1
2026-07-06,rems-murr-kreis,Blechverarbeitungstechniker/in,1
2026-07-06,rems-murr-kreis,Außendienstleiter/in (Versicherung),1
2026-07-06,rems-murr-kreis,Datenbankentwickler/in,1
2026-07-06,rems-murr-kreis,Leiter/in - Projekt-/Programmmanagement,1
2026-07-06,rems-murr-kreis,Compliance-Manager/in,1
2026-07-06,rems-murr-kreis,Versicherungssachbearbeiter/in,1
2026-07-06,rems-murr-kreis,IT-Compliance-Consultant,1
2026-07-06,rems-murr-kreis,"Ingenieur/in - Robotik, Autonome Systeme",1
2026-07-06,rems-murr-kreis,Funkstellenleiter/in (Rettungsleitstelle),1
2026-07-06,rems-murr-kreis,Fachangestellte/r - Arbeitsmarktdienstleistungen,1
2026-07-06,rems-murr-kreis,Betriebswirt/in (Hochschule) - Logistik,1
2026-07-06,rems-murr-kreis,Konstrukteur/in - Werkzeugmaschinenbau/Formentechnik,1
2026-07-06,rems-murr-kreis,Textilreiniger/in,1
2026-07-06,rems-murr-kreis,Autor/in / Schriftsteller/in,1
2026-07-06,rems-murr-kreis,Karosserie- und Fahrzeugbaumechaniker/in - Karosserie- und Fahrzeugbautechnik,1
2026-07-06,rems-murr-kreis,Fachkaufmann/-frau - Personal,1
2026-07-06,rems-murr-kreis,Mediengestalter/in Digital und Print - Gestaltung und Technik,1
2026-07-06,rems-murr-kreis,Fachbauleiter/in - Tischlerhandwerk,1
2026-07-06,rems-murr-kreis,Webdesigner/in,1
2026-07-06,rems-murr-kreis,Technische/r Fachwirt/in,1
2026-07-06,rems-murr-kreis,Leiter/in - Logistik,1
2026-07-06,rems-murr-kreis,Parkettleger/in,1
2026-07-06,rems-murr-kreis,Arbeitsmedizinische/r Assistent/in,1
2026-07-06,rems-murr-kreis,Werkpolier/in - Tiefbau,1
2026-07-06,rems-murr-kreis,Verwaltungsleiter/in (Krankenhaus),1
2026-07-06,rems-murr-kreis,Ingenieur/in - technische Informatik,1
2026-07-06,rems-murr-kreis,Fachkraft - Automatisierungstechnik,1
2026-07-06,rems-murr-kreis,Medientechnologe/-technologin Druckverarbeitung,1
2026-07-06,rems-murr-kreis,Leiter/in - Altenpflegeeinrichtung,1
2026-07-06,rems-murr-kreis,Zahntechnische Hilfskraft,1
2026-07-06,rems-murr-kreis,"Ausbaufacharbeiter/in - Fliesen-, Platten- und Mosaikarbeiten",1
2026-07-06,rems-murr-kreis,Netzwerkadministrator/in,1
2026-07-06,rems-murr-kreis,Geomatiker/in,1
2026-07-06,rems-murr-kreis,Flachdachdecker/in,1
2026-07-06,rems-murr-kreis,Technische/r Assistent/in - Bautechnik,1
2026-07-06,rems-murr-kreis,Ingenieur/in - Baustoffe,1
2026-07-06,rems-murr-kreis,Anwendungsberater/in,1
2026-07-06,rems-murr-kreis,"Barmixer/in, Barkeeper/in",1
2026-07-06,rems-murr-kreis,Assistent/in - Produktionsleitung,1
2026-07-06,rems-murr-kreis,Medizinische/r Dokumentationsassistent/in,1
2026-07-06,rems-murr-kreis,Pflegefachmann/-frau (Hochschule),1
2026-07-06,rems-murr-kreis,Krankenschwester/-pfleger,1
2026-07-06,rems-murr-kreis,Social-Media-Manager/in,1
2026-07-06,rems-murr-kreis,Karosserie- und Fahrzeugbauer/in - Karosseriebau,1
2026-07-06,rems-murr-kreis,Medientechniker/in (Kommunikationselektronik),1
2026-07-06,rems-murr-kreis,IT-System-Kaufmann/-frau,1
2026-07-06,rems-murr-kreis,Textil- und Modenäher/in,1
2026-07-06,rems-murr-kreis,Kaufmann/-frau - Digitalisierungsmanagement,1
2026-07-06,rems-murr-kreis,Feinpolierer/in,1
2026-07-06,rems-murr-kreis,Revenue-Manager/in,1
2026-07-06,rems-murr-kreis,Fachkraft - Metalltechnik - Konstruktionstechnik,1
2026-07-06,rems-murr-kreis,Fachkraft - Trockenbau,1
2026-07-06,rems-murr-kreis,Präzisionswerkzeugmechaniker/in - Zerspanwerkzeuge,1
2026-07-06,rems-murr-kreis,Maschinen- und Anlagenführer/in - Druckweiter- und Papierverarbeitung,1
2026-07-06,rems-murr-kreis,Betriebswirt/in (Fachschule) - Produktionswirtschaft/Bachelor Professional in Wirtschaft,1
2026-07-06,rems-murr-kreis,Vertriebscontroller/in,1
2026-07-06,rems-murr-kreis,Techniker/in - Bautechnik (Baubetrieb),1
2026-07-06,rems-murr-kreis,Schienenfahrzeugführer/in,1
2026-07-06,rems-murr-kreis,Dachdeckermeister/in/Bachelor Professional im Dachdecker-Handwerk,1
2026-07-06,rems-murr-kreis,Leiter/in - Materialwirtschaft,1
2026-07-06,rems-murr-kreis,Meister/in - Lagerwirtschaft,1
2026-07-06,rems-murr-kreis,Innendienstleiter/in,1
2026-07-06,rems-murr-kreis,Techniker/in - Kunststoff- und Kautschuktechnik/Bachelor Professional in Technik,1
2026-07-06,rems-murr-kreis,Betriebswirt/in (Fachschule) - Personalwirtschaft/Bachelor Professional in Wirtschaft,1
2026-07-06,rems-murr-kreis,Tierpfleger/in - Zoo,1
2026-07-06,rems-murr-kreis,Pharmazeut/in,1
2026-07-06,rems-murr-kreis,Kunsttherapeut/in,1
2026-07-06,rems-murr-kreis,Zentralheizungs- und Lüftungsbauer/in,1
2026-07-06,rems-murr-kreis,Raumausstatter/in - Boden,1
2026-07-06,rems-murr-kreis,Hauswirtschaftliche/r Betriebsleiter/in/Bachelor Professional in Wirtschaft,1
2026-07-06,rems-murr-kreis,Verwaltungswissenschaftler/in,1
2026-07-06,rems-murr-kreis,Verwaltungsjurist/in,1
2026-07-06,rems-murr-kreis,Schweißfachingenieur/in,1
2026-07-06,rems-murr-kreis,Auftragsleiter/in,1
2026-07-06,rems-murr-kreis,Techniker/in - Holztechnik (Holzbau),1
2026-07-06,rems-murr-kreis,Messebauer/in,1
2026-07-06,rems-murr-kreis,Diabetesberater/in,1
2026-07-06,rems-murr-kreis,Pferdewirt/in - Klassische Reitausbildung,1
2026-07-06,rems-murr-kreis,"Kaufmann/-frau - Einzelhandel (Kraftfahrzeuge, Teile und Zubehör)",1
2026-07-06,rems-murr-kreis,Änderungsschneider/in,1
2026-07-06,rems-murr-kreis,Betriebswirt/in (Fachschule) - Handel,1
2026-07-06,rems-murr-kreis,Fachkraft - Sprachförderung,1
2026-07-06,rems-murr-kreis,Assistent/in - Personalwesen,1
2026-07-06,rems-murr-kreis,Techniker/in - Metallbautechnik (Gebäudetechnik)/Bachelor Professional in Technik,1
2026-07-06,rems-murr-kreis,Botenfahrer/in,1
2026-07-06,rems-murr-kreis,Fachassistent/in Digitalisierung und IT-Prozesse,1
2026-07-06,rems-murr-kreis,"Techniker/in - Heizungs-, Lüftungs-, Klimatechnik/Bachelor Professional in Technik",1
2026-07-06,rems-murr-kreis,Lerntherapeut/in,1
2026-07-06,rems-murr-kreis,Kraftfahrzeugservicemechaniker/in,1
2026-07-06,rems-murr-kreis,Facharzt/-ärztin - Neurologie,1
2026-07-06,rems-murr-kreis,Bezirksleiter/in,1
2026-07-06,rems-murr-kreis,Statiker/in,1
2026-07-06,rems-murr-kreis,Assistent/in - Beschaffungswesen,1
2026-07-06,rems-murr-kreis,Leiter/in - Vertrieb,1
2026-07-06,rems-murr-kreis,ERP-Organisator/in,1
2026-07-06,rems-murr-kreis,Verfahrenstechnologe/-technologin Metall - Nichteisenmetallumformung,1
2026-07-06,rems-murr-kreis,Helfer/in - Lebensmittelherstellung,1
2026-07-06,rems-murr-kreis,Fachkaufmann/-frau - Einkauf und Logistik,1
2026-07-06,rems-murr-kreis,"Schnitt-, Entwurfs- und Fertigungsmodelleur/-direktrice",1
2026-07-06,rems-murr-kreis,Elektroniker/in - Maschinen und Antriebstechnik (HwO),1
2026-07-06,rems-murr-kreis,Beamter/Beamtin - Eichwesen (gehobener technischer Dienst),1
2026-07-06,rems-murr-kreis,Beamter/Beamtin - Eichwesen (mittlerer technischer Dienst),1
2026-07-06,rems-murr-kreis,Verwaltungsfachangestellte/r - Bundesverwaltung,1
2026-07-06,rems-murr-kreis,Betriebsingenieur/in,1
2026-07-06,rems-murr-kreis,Isolierfacharbeiter/in,1
2026-07-06,rems-murr-kreis,Übungsleiter/in - Breitensport,1
2026-07-06,rems-murr-kreis,Fachkaufmann/-frau - Geschäfts- und Finanzbuchführung,1
2026-07-06,rems-murr-kreis,Fachverkäufer/in - Spielwaren,1
2026-07-06,rems-murr-kreis,Betriebswirt/in (Fachschule) - Finanzen und Investment/Bachelor Professional in Wirtschaft,1
2026-07-06,rems-murr-kreis,Geschäftsführer/in,1
2026-07-06,rems-murr-kreis,Dekontreiniger/in,1
2026-07-06,rems-murr-kreis,Kontrolleur/in - Feuerlöscher,1
2026-07-06,rems-murr-kreis,Bibliothekar/in,1
2026-07-06,rems-murr-kreis,Wundmanager/in,1
2026-07-06,rems-murr-kreis,Forschungsreferent/in,1
2026-07-06,rems-murr-kreis,Bürogehilf(e/in),1
2026-07-06,rems-murr-kreis,Ingenieur/in - Mechatronik,1
2026-07-06,rems-murr-kreis,Maschinenbaumechaniker/in,1
2026-07-06,rems-murr-kreis,Ingenieur/in - Holztechnik,1
2026-07-06,rems-murr-kreis,Fachkraft - Straßen- und Verkehrstechnik,1
2026-07-06,rems-murr-kreis,Sozialversicherungsfachangestellte/r - Unfallversicherung,1
2026-07-06,rems-murr-kreis,Schweißwerkmeister/in,1
2026-07-06,rems-murr-kreis,Beamter/Beamtin - Kommunalverwaltung (gehobener nichttechnischer Dienst),1
2026-07-06,rems-murr-kreis,Maler/in und Lackierer/in - Ausbautechnik und Oberflächengestaltung,1
2026-07-06,rems-murr-kreis,Bankkaufmann/-frau,1
2026-07-06,rems-murr-kreis,Techniker/in - Bautechnik (Hochbau)/Bachelor Professional in Technik,1
2026-07-06,rems-murr-kreis,"Vorarbeiter/in - Sanitär-, Heizungs- und Klimatechnik",1
2026-07-06,rems-murr-kreis,Wirtschaftsprüfer/in,1
2026-07-06,rems-murr-kreis,Notarfachangestellte/r,1
2026-07-06,rems-murr-kreis,Industriemeister/in - Metall (Automobilindustrie),1
2026-07-06,rems-murr-kreis,Kaufmann/-frau - Groß- und Außenhandelsmanagement (Großhandel),1
2026-07-06,rems-murr-kreis,Brandschutzfachkraft,1
2026-07-06,rems-murr-kreis,Sozialwissenschaftler/in,1
2026-07-06,rems-murr-kreis,Fachkaufmann/-frau - Büromanagement,1
2026-07-06,rems-murr-kreis,Flexodrucker/in,1
2026-07-06,rems-murr-kreis,Logistikmeister/in,1
2026-07-06,rems-murr-kreis,Bachelor Professional - Künstliche Intelligenz und Maschinelles Lernen,1
2026-07-06,rems-murr-kreis,Business-Intelligence-Consultant,1
2026-07-06,rems-murr-kreis,IT-Organisator/in,1
2026-07-06,rems-murr-kreis,Betriebsleiter/in - technisch,1
2026-07-06,rems-murr-kreis,Ingenieur/in - Gießereitechnik,1
2026-07-06,rems-murr-kreis,Technische/r Redakteur/in,1
2026-07-06,rems-murr-kreis,Biologe/Biologin,1
2026-07-06,rems-murr-kreis,Schädlingsbekämpfer/in,1
2026-07-06,rems-murr-kreis,Betriebswirt/in (Fachschule) - Marketingkommunikation/Bachelor Professional in Wirtschaft,1
2026-07-06,rems-murr-kreis,Ingenieur/in - Verkehrswesen,1
2026-07-06,rems-murr-kreis,Zahnmedizinische/r Verwaltungsassistent/in,1
2026-07-06,rems-murr-kreis,Rechtsanwalts- und Notarfachangestellte/r,1
2026-07-06,rems-murr-kreis,Anwendungsprogrammierer/in,1
2026-07-06,rems-murr-kreis,Pädagogische Fachkraft - Grundschulkindbetreuung,1
2026-07-06,rems-murr-kreis,Fachgehilf(e/in) - steuer- und wirtschaftsberatende Berufe,1
2026-07-06,rems-murr-kreis,Ingenieur/in - Optoelektronik,1
2026-07-06,rems-murr-kreis,Klimaschutzmanager/in,1
2026-07-06,rems-murr-kreis,Ingenieur/in - Chemietechnik,1
2026-07-06,rems-murr-kreis,Bildungsreferent/in,1
2026-07-06,rems-murr-kreis,Eisenbahner/in - Betriebsdienst - Fahrweg,1
2026-07-06,rems-murr-kreis,Patentanwaltsfachangestellte/r,1
2026-07-06,rems-murr-kreis,Bezirksnotar/in,1
2026-07-06,rems-murr-kreis,Fertighausmonteur/in,1
2026-07-06,rems-murr-kreis,Packmitteltechnologe/-technologin,1
2026-07-06,rems-murr-kreis,Ingenieur/in - Batterietechnik,1
2026-07-06,rems-murr-kreis,Facharzt/-ärztin - Radiologie,1
2026-07-06,rems-murr-kreis,Technische/r Modellbauer/in - Karosserie und Produktion,1
2026-07-06,rems-murr-kreis,Bau- und Projektkaufmann/-frau,1
2026-07-06,rems-murr-kreis,Wassermeister/in,1
2026-07-06,rems-murr-kreis,Leiter/in - Einkauf,1
2026-07-06,rems-murr-kreis,Rettungssanitäter/in,1
2026-07-06,rems-murr-kreis,"Fachkraft - Kurier-, Express- und Postdienstleistungen",1
2026-07-06,rems-murr-kreis,Personalentwickler/in,1
2026-07-06,rems-murr-kreis,Verzinker/in,1
2026-07-06,rems-murr-kreis,Ingenieur/in - Energietechnik,1
2026-07-06,rems-murr-kreis,Bauklempner/in,1
2026-07-06,rems-murr-kreis,Verwaltungsangestellte/r - gehobener Dienst,1
2026-07-06,rems-murr-kreis,Biologielaborant/in,1
2026-07-06,rems-murr-kreis,Wissenschaftliche/r Mitarbeiter/in,1
2026-07-06,rems-murr-kreis,General Manager/in (Hotellerie),1
2026-07-06,rems-murr-kreis,SEO-Manager/in,1
2026-07-06,rems-murr-kreis,IT-Einkäufer/in,1
2026-07-06,rems-murr-kreis,Fahrzeugglaser/in,1
2026-07-06,rems-murr-kreis,Handelsfachpacker/in,1
2026-07-06,rems-murr-kreis,Werkzeugingenieur/in,1
2026-07-06,rems-murr-kreis,Leiter/in - Lagerwirtschaft,1
2026-07-06,rems-murr-kreis,Operations Manager/in,1
2026-07-06,rems-murr-kreis,Fachkinderkrankenpfleger/in - Psychiatrie,1
2026-07-06,rems-murr-kreis,Ausbilder/in - Erste Hilfe,1
2026-07-06,rems-murr-kreis,Lehrer/in (Uni) - Gesamtschulen,1
2026-07-06,rems-murr-kreis,Kaufmann/-frau - Einzelhandel (Küchenhandel),1
2026-07-06,rems-murr-kreis,Metallschleifer/in,1
2026-07-06,rems-murr-kreis,Fleischer/in - Schlachten,1
2026-07-06,rems-murr-kreis,Kalkulator/in,1
2026-07-06,rems-murr-kreis,Hundefriseur/in,1
2026-07-06,rems-murr-kreis,Fachverkäufer/in - Elektro/Sanitär/Heizung/Installation,1
2026-07-06,rems-murr-kreis,Oberarzt/-ärztin,1
2026-07-06,rems-murr-kreis,Leiter/in - Finanz- und Rechnungswesen,1
2026-07-06,rems-murr-kreis,Leiter/in - Produktion/Fertigung,1
2026-07-06,rems-murr-kreis,Versicherungskaufmann/-frau,1
2026-07-06,rems-murr-kreis,Kabeljungwerker/in,1
2026-07-06,rems-murr-kreis,Technische/r Produktdesigner/in (ohne Fachrichtungen),1
2026-07-06,rems-murr-kreis,ERP-Systembetreuer/in,1
2026-07-06,rems-murr-kreis,Operator/in (EDV),1
2026-07-06,rems-murr-kreis,Kaufmann/-frau - E-Commerce,1
2026-07-06,rems-murr-kreis,Metallbauermeister/in/Bachelor Professional im Metallbauer-Handwerk,1
2026-07-06,rems-murr-kreis,Assistent/in - Gesundheits- und Sozialwesen,1
2026-07-06,rems-murr-kreis,Edelsteinschleifer/in (ohne Fachrichtungen),1
2026-07-06,rems-murr-kreis,Konstrukteur/in - Steuerungs- und Automatisierungstechnik,1
2026-07-06,rems-murr-kreis,Lehrkraft - Schulen im Gesundheitswesen,1
2026-07-06,rems-murr-kreis,Helfer/in - Textilverarbeitung,1
2026-07-06,rems-murr-kreis,Polsterer/Polsterin,1
2026-07-06,rems-murr-kreis,Werbe- und Medienvorlagenhersteller/in - Gestaltung,1
2026-07-06,rems-murr-kreis,UX-Designer/in,1
2026-07-06,rems-murr-kreis,Verkaufsaufsicht,1
2026-07-06,rems-murr-kreis,Fachassistent/in - Hirnleistungstraining,1
2026-07-06,rems-murr-kreis,Tiefbauingenieur/in,1
2026-07-06,rems-murr-kreis,Karosserie- und Fahrzeugbauermeister/in/Bachelor Professional im Karosserie- und Fahrzeugbauer-Handwerk,1
2026-07-06,rems-murr-kreis,Stuckateurmeister/in/Bachelor Professional im Stuckateur-Handwerk,1
2026-07-06,rems-murr-kreis,Ingenieur/in - Medientechnik/Multimedia,1
2026-07-06,rems-murr-kreis,Ingenieur/in - Gebäudetechnik/Facility-Management,1
2026-07-06,rems-murr-kreis,"Berater/in - Bildung, Beruf und Beschäftigung",1
2026-07-06,rems-murr-kreis,Kaufmann/-frau - Einzelhandel (Computer und DV-Produkte),1
2026-07-06,rems-murr-kreis,"Holzmechaniker/in - Möbel- und Gehäuseindustrie, Industrien des Innenausbaus und des Ladenbaus",1
2026-07-06,rems-murr-kreis,Großküchenkoch/-köchin,1
2026-07-06,rems-murr-kreis,Landwirt/in,1
2026-07-06,rems-murr-kreis,Tischler/in und Glaser/in,1
2026-07-06,rems-murr-kreis,Werkstoffprüfer/in - Metalltechnik,1
2026-07-06,rems-murr-kreis,Siebdrucker/in,1
2026-07-06,rems-murr-kreis,Leiter/in - Personal,1
2026-07-06,rems-murr-kreis,Hebamme,1
2026-07-06,rems-murr-kreis,Technische/r Fachkaufmann/-frau - Sanitär/Heizung/Klima,1
2026-07-06,rems-murr-kreis,Fachkraft - Pflegeassistenz,1
2026-07-06,rems-murr-kreis,Energiemanager/in,1
2026-07-06,rems-murr-kreis,SPS-Ingenieur/in,1
2026-07-06,rems-murr-kreis,Zugsteward/-stewardess,1
2026-07-06,rems-murr-kreis,Kinderdorfmutter/-vater,1
2026-07-06,rems-murr-kreis,Software-Architect,1
2026-07-06,rems-murr-kreis,Neuropsychologe/-psychologin,1
2026-07-06,rems-murr-kreis,Medizinische/r Technologe/Technologin - Funktionsdiagnostik,1
2026-07-06,rems-murr-kreis,Fachassistent/in Lohn und Gehalt,1
2026-07-06,rems-murr-kreis,Sozialversicherungsfachangestellte/r - allgemeine Krankenversicherung,1
2026-07-06,rems-murr-kreis,Pflegewissenschaftler/in,1
2026-07-06,rems-murr-kreis,Information-Architect,1
2026-07-06,rems-murr-kreis,Verfahrenstechnologe/-technologin - Mühlen- und Getreidewirtschaft - Agrarlager,1
2026-07-06,rems-murr-kreis,Betriebswirt/in (Hochschule) - Hotelmanagement,1
2026-07-06,rems-murr-kreis,ESG-Manager/in,1
2026-07-06,rems-murr-kreis,Betriebswirt/in (Fachschule) - Absatz/Marketing/Bachelor Professional in Wirtschaft,1
2026-07-06,rems-murr-kreis,Vermessungsingenieur/in,1
2026-07-06,rems-murr-kreis,Second-Level-Supporter/in,1
2026-07-06,rems-murr-kreis,Fachverkäufer/in - Zoobedarf und Heimtierverkauf,1
2026-07-06,rems-murr-kreis,Industriemeister/in - Metall (Produktionstechnik),1
2026-07-06,rems-murr-kreis,Fachplaner/in - Energie- und Gebäudetechnik,1
2026-07-06,rems-murr-kreis,Hausdame/Housekeeper,1
2026-07-06,rems-murr-kreis,"Fachberater/in - Farben, Lacke und Kunststoffe",1
2026-07-06,rems-murr-kreis,Zweiradmechatroniker/in - Fahrradtechnik,1
2026-07-06,rems-murr-kreis,Fachkrankenschwester/-pfleger - Endoskopie,1
2026-07-06,rems-murr-kreis,Tanzlehrer/in,1
2026-07-06,rems-murr-kreis,Gas- und Wasserinstallateur/in,1
2026-07-06,rems-murr-kreis,Hochbauingenieur/in,1
2026-07-06,rems-murr-kreis,Ingenieur/in - Lüftungstechnik,1
2026-07-06,rems-murr-kreis,Steuerbevollmächtigte/r,1
2026-07-06,rems-murr-kreis,Dokumentar/in,1
2026-07-06,rems-murr-kreis,Rettungsassistent/in,1
2026-07-06,rems-murr-kreis,Fachverkäufer/in - Lebensmittelhandwerk (Konditorei),1
2026-07-06,rems-murr-kreis,Techniker/in - Elektrotechnik (Automatisierungstechnik)/Bachelor Professional in Technik,1
2026-07-06,rems-murr-kreis,Leiter/in - Risikomanagement,1
2026-07-06,rems-murr-kreis,Orthopädietechnikermeister/in/Bachelor Professional im Orthopädietechniker-Handwerk,1
2026-07-06,rems-murr-kreis,Hörakustikermeister/in/Bachelor Professional im Hörakustiker-Handwerk,1
2026-07-06,rems-murr-kreis,"Kaufmann/-frau - Einzelhandel (Diät- und Reformwaren, Lebensmittel)",1
2026-07-06,rems-murr-kreis,Kundenberater/in - Tischlerhandwerk,1
2026-07-06,rems-murr-kreis,Eisenbahner/in - Betriebsdienst - Lokführer/in und Transport,1
2026-07-06,rems-murr-kreis,Zahnmedizinische/r Fachassistent/in,1
2026-07-06,rems-murr-kreis,Revisor/in,1
2026-07-06,ostalbkreis,Verkäufer/in,210
2026-07-06,ostalbkreis,Gabelstaplerfahrer/in,169
2026-07-06,ostalbkreis,Industriemechaniker/in,125
2026-07-06,ostalbkreis,Helfer/in - Reinigung,113
2026-07-06,ostalbkreis,Zerspanungsmechaniker/in,111
2026-07-06,ostalbkreis,Maschinen- und Anlagenführer/in (ohne Angabe des Schwerpunkts),110
2026-07-06,ostalbkreis,Berufskraftfahrer/in,105
2026-07-06,ostalbkreis,"Helfer/in - Lagerwirtschaft, Transport",98
2026-07-06,ostalbkreis,Fachkraft - Lagerlogistik,96
2026-07-06,ostalbkreis,Helfer/in - Metallbearbeitung,90
2026-07-06,ostalbkreis,"Filialleiter/in, Verkaufsstellenleiter/in",81
2026-07-06,ostalbkreis,Lager- und Transportarbeiter/in,74
2026-07-06,ostalbkreis,Helfer/in - Verkauf,72
2026-07-06,ostalbkreis,Schweißer/in,62
2026-07-06,ostalbkreis,Montierer/in,59
2026-07-06,ostalbkreis,Mechatroniker/in,55
2026-07-06,ostalbkreis,Fachlagerist/in,55
2026-07-06,ostalbkreis,Elektroniker/in - Betriebstechnik,45
2026-07-06,ostalbkreis,Koch/Köchin,42
2026-07-06,ostalbkreis,Projektleiter/in,41
2026-07-06,ostalbkreis,Altenpfleger/in,41
2026-07-06,ostalbkreis,Medizinische/r Fachangestellte/r,40
2026-07-06,ostalbkreis,"Anlagenmechaniker/in - Sanitär-, Heizungs- und Klimatechnik",39
2026-07-06,ostalbkreis,Pflegefachmann/-frau (Altenpflege),37
2026-07-06,ostalbkreis,Elektroniker/in - Energie- und Gebäudetechnik,36
2026-07-06,ostalbkreis,Altenpflegehelfer/in,36
2026-07-06,ostalbkreis,Gesundheits- und Krankenpfleger/in,36
2026-07-06,ostalbkreis,Pflegefachmann/-frau (Gesundheits- und Krankenpflege),34
2026-07-06,ostalbkreis,Tischler/in,34
2026-07-06,ostalbkreis,Bürokaufmann/-frau,33
2026-07-06,ostalbkreis,Lackierer/in - Spritzlackierung,33
2026-07-06,ostalbkreis,Kaufmännische Fachkraft,32
2026-07-06,ostalbkreis,Buchhalter/in,32
2026-07-06,ostalbkreis,"Maschinen- und Anlagenführer/in - Metall-, Kunststofftechnik",32
2026-07-06,ostalbkreis,Fachverkäufer/in - Lebensmittelhandwerk (Bäckerei),31
2026-07-06,ostalbkreis,Industriekaufmann/-frau,30
2026-07-06,ostalbkreis,"Helfer/in - Holz, Flechtwaren",30
2026-07-06,ostalbkreis,Servicekraft - Gastronomie und Gastgewerbe,30
2026-07-06,ostalbkreis,Einkäufer/in,29
2026-07-06,ostalbkreis,Anlagenmechaniker/in,29
2026-07-06,ostalbkreis,CNC-Dreher/in,29
2026-07-06,ostalbkreis,Betriebsschlosser/in,28
2026-07-06,ostalbkreis,Steuerfachangestellte/r,28
2026-07-06,ostalbkreis,Physiotherapeut/in,28
2026-07-06,ostalbkreis,Kommissionierer/in,27
2026-07-06,ostalbkreis,Zahnmedizinische/r Fachangestellte/r,27
2026-07-06,ostalbkreis,Kraftfahrzeugmechatroniker/in - Personenkraftwagentechnik,27
2026-07-06,ostalbkreis,Friseur/in,27
2026-07-06,ostalbkreis,Informatiker/in,26
2026-07-06,ostalbkreis,Einzelhandelskaufmann/-frau,25
2026-07-06,ostalbkreis,Kaufmann/-frau - Büromanagement,25
2026-07-06,ostalbkreis,Konstruktionsmechaniker/in,24
2026-07-06,ostalbkreis,Außendienstmitarbeiter/in,24
2026-07-06,ostalbkreis,Helfer/in - Elektro,23
2026-07-06,ostalbkreis,Ingenieur/in - Maschinenbau,22
2026-07-06,ostalbkreis,"Helfer/in - Kurier-, Zustell- und Postdienstleistungen",21
2026-07-06,ostalbkreis,Pflegefachmann/-frau (Ausbildung),21
2026-07-06,ostalbkreis,Metallbauer/in - Konstruktionstechnik,21
2026-07-06,ostalbkreis,Softwareentwickler/in,21
2026-07-06,ostalbkreis,Metallbearbeiter/in,21
2026-07-06,ostalbkreis,"Helfer/in - Kunststoff, Kautschuk",21
2026-07-06,ostalbkreis,Maler/in und Lackierer/in - Maler/in,21
2026-07-06,ostalbkreis,Elektroniker/in - Automatisierungstechnik,20
2026-07-06,ostalbkreis,CNC-Fachkraft/NC-Anwendungsfachmann/-frau,20
2026-07-06,ostalbkreis,Elektroinstallateur/in,20
2026-07-06,ostalbkreis,MAG-Schweißer/in,20
2026-07-06,ostalbkreis,CNC-Fräser/in,20
2026-07-06,ostalbkreis,"Helfer/in - Maschinenbau, Betriebstechnik",19
2026-07-06,ostalbkreis,Finanzbuchhalter/in,19
2026-07-06,ostalbkreis,Zimmerer/Zimmerin,19
2026-07-06,ostalbkreis,Bauleiter/in,18
2026-07-06,ostalbkreis,Ingenieur/in - Elektrotechnik,18
2026-07-06,ostalbkreis,Forschungs- und Entwicklungsingenieur/in,18
2026-07-06,ostalbkreis,Fahrzeuglackierer/in,18
2026-07-06,ostalbkreis,Helfer/in - Küche,18
2026-07-06,ostalbkreis,Kraftfahrzeugmechaniker/in,18
2026-07-06,ostalbkreis,Kaufmann/-frau - Einzelhandel,17
2026-07-06,ostalbkreis,Vertriebsassistent/in,17
2026-07-06,ostalbkreis,Heilerziehungspfleger/in,17
2026-07-06,ostalbkreis,Physiker/in,16
2026-07-06,ostalbkreis,Fachverkäufer/in - Lebensmittelhandwerk (Fleischerei),16
2026-07-06,ostalbkreis,Kraftfahrzeugmechatroniker/in - Nutzfahrzeugtechnik,16
2026-07-06,ostalbkreis,Erzieher/in,15
2026-07-06,ostalbkreis,Maurer/in,15
2026-07-06,ostalbkreis,Auslieferungsfahrer/in (nicht Verkaufsfahrer/in),15
2026-07-06,ostalbkreis,Stuckateur/in,15
2026-07-06,ostalbkreis,Sozialarbeiter/in / Sozialpädagoge/-pädagogin,14
2026-07-06,ostalbkreis,Fachinformatiker/in - Systemintegration,14
2026-07-06,ostalbkreis,"Montagemechaniker/in, Anlagenmonteur/in",14
2026-07-06,ostalbkreis,Helfer/in - Metallbau,14
2026-07-06,ostalbkreis,Logopäde/Logopädin,14
2026-07-06,ostalbkreis,Gärtner/in - Garten- und Landschaftsbau,14
2026-07-06,ostalbkreis,Hauswirtschafter/in,14
2026-07-06,ostalbkreis,Ingenieur/in - Bau,14
2026-07-06,ostalbkreis,Helfer/in - Lebensmittelherstellung,14
2026-07-06,ostalbkreis,Zerspanungsmechaniker/in - Frästechnik,13
2026-07-06,ostalbkreis,Hausmeister/in,13
2026-07-06,ostalbkreis,Operationstechnische/r Assistent/in,13
2026-07-06,ostalbkreis,Industrieelektriker/in - Betriebstechnik,13
2026-07-06,ostalbkreis,Betreuungskraft / Alltagsbegleiter/in,13
2026-07-06,ostalbkreis,Ergotherapeut/in,13
2026-07-06,ostalbkreis,IT-Systemadministrator/in,13
2026-07-06,ostalbkreis,Helfer/in - Hauswirtschaft,13
2026-07-06,ostalbkreis,Elektroniker/in - Geräte und Systeme,12
2026-07-06,ostalbkreis,Arbeitsvorbereiter/in,12
2026-07-06,ostalbkreis,Sicherheitsmitarbeiter/in,12
2026-07-06,ostalbkreis,Oberarzt/-ärztin,12
2026-07-06,ostalbkreis,"Helfer/in - Papier, Verpackung",12
2026-07-06,ostalbkreis,Vertriebsberater/in,12
2026-07-06,ostalbkreis,Kassierer/in (Handel),11
2026-07-06,ostalbkreis,"Gruppen-, Teamleiter/in",11
2026-07-06,ostalbkreis,Steuerberater/in,11
2026-07-06,ostalbkreis,Sachbearbeiter/in - Einkauf,10
2026-07-06,ostalbkreis,Elektrofachkraft für festgelegte Tätigkeiten,10
2026-07-06,ostalbkreis,Qualitätskontrolleur/in,10
2026-07-06,ostalbkreis,Erzieher/in - Jugend- und Heimerziehung,10
2026-07-06,ostalbkreis,Fachkrankenpfleger/in - Intensivpflege/Anästhesie,10
2026-07-06,ostalbkreis,Ingenieur/in - Mechatronik,10
2026-07-06,ostalbkreis,Controller/in,10
2026-07-06,ostalbkreis,Bäcker/in,10
2026-07-06,ostalbkreis,Helfer/in - Altenpflege/Persönliche Assistenz,10
2026-07-06,ostalbkreis,Fachverkäufer/in - Kraftfahrzeuge,10
2026-07-06,ostalbkreis,"Helfer/in - Malerei, Lackiererei",10
2026-07-06,ostalbkreis,IT-Administrator/in,10
2026-07-06,ostalbkreis,Automobilkaufmann/-frau,10
2026-07-06,ostalbkreis,Verkäufer/in - Nahrungsmittelhandwerk,10
2026-07-06,ostalbkreis,Maler- und Lackierermeister/in/Bachelor Professional im Maler- und Lackierer-Handwerk,9
2026-07-06,ostalbkreis,Speditionskaufmann/-frau,9
2026-07-06,ostalbkreis,Logistiker/in,9
2026-07-06,ostalbkreis,Helfer/in - Ausbau,9
2026-07-06,ostalbkreis,Elektrotechnikermeister/in/Bachelor Professional im Elektrotechniker-Handwerk,9
2026-07-06,ostalbkreis,Helfer/in - Metalloberflächenbearbeitung,9
2026-07-06,ostalbkreis,Sales-Manager/in,8
2026-07-06,ostalbkreis,Industrieelektriker/in - Geräte und Systeme,8
2026-07-06,ostalbkreis,Maschineneinrichter/in (allgemein),8
2026-07-06,ostalbkreis,Fachkraft - Qualitätssicherung/-management,8
2026-07-06,ostalbkreis,Fachkraft - Logistik/Materialwirtschaft,8
2026-07-06,ostalbkreis,Recruiter/in,8
2026-07-06,ostalbkreis,Verfahrensmechaniker/in - Kunststoff- und Kautschuktechnik (mit Schwerpunkten),8
2026-07-06,ostalbkreis,Wirtschaftsingenieur/in,8
2026-07-06,ostalbkreis,Fachkraft - Brief- und Frachtverkehr,8
2026-07-06,ostalbkreis,WIG-Schweißer/in,8
2026-07-06,ostalbkreis,Verkaufsaufsicht,8
2026-07-06,ostalbkreis,Fachkraft - Lagerwirtschaft,8
2026-07-06,ostalbkreis,Konstrukteur/in,8
2026-07-06,ostalbkreis,Zerspanungsmechaniker/in - Drehtechnik,8
2026-07-06,ostalbkreis,Gebäudereiniger/in,8
2026-07-06,ostalbkreis,Klempner/in,8
2026-07-06,ostalbkreis,Hotelfachmann/-frau,8
2026-07-06,ostalbkreis,Busfahrer/in,8
2026-07-06,ostalbkreis,Lackierer/in - Holz und Metall,7
2026-07-06,ostalbkreis,Restaurantfachmann/-frau,7
2026-07-06,ostalbkreis,Schleifer/in,7
2026-07-06,ostalbkreis,Rechtsanwaltsfachangestellte/r,7
2026-07-06,ostalbkreis,Baugeräteführer/in,7
2026-07-06,ostalbkreis,Vertriebsingenieur/in,7
2026-07-06,ostalbkreis,Oberflächenbeschichter/in,7
2026-07-06,ostalbkreis,Helfer/in - Chemie- und Pharmatechnik,7
2026-07-06,ostalbkreis,Fleischer/in,7
2026-07-06,ostalbkreis,Automobilmechaniker/in,7
2026-07-06,ostalbkreis,Maler/in und Lackierer/in - Gestaltung und Instandhaltung,7
2026-07-06,ostalbkreis,Helfer/in - Gartenbau,7
2026-07-06,ostalbkreis,Maschinenzusammensetzer/in,7
2026-07-06,ostalbkreis,Verkaufsberater/in,7
2026-07-06,ostalbkreis,Kaufmann/-frau - Bürokommunikation,7
2026-07-06,ostalbkreis,Bauzeichner/in,6
2026-07-06,ostalbkreis,"Kundendienstmonteur/in, -techniker/in",6
2026-07-06,ostalbkreis,Fräser/in,6
2026-07-06,ostalbkreis,Lohn- und Gehaltsbuchhalter/in,6
2026-07-06,ostalbkreis,Bauelektriker/in,6
2026-07-06,ostalbkreis,Account-Manager/in,6
2026-07-06,ostalbkreis,Bankkaufmann/-frau,6
2026-07-06,ostalbkreis,Bilanzbuchhalter/in/Bachelor Professional in Bilanzbuchhaltung,6
2026-07-06,ostalbkreis,Beton- und Stahlbetonbauer/in,6
2026-07-06,ostalbkreis,ERP-Berater/in - ERP-Consultant,6
2026-07-06,ostalbkreis,Qualitätsmanager/in,6
2026-07-06,ostalbkreis,Augenoptikermeister/in/Bachelor Professional im Augenoptiker-Handwerk,6
2026-07-06,ostalbkreis,Schichtführer/in,6
2026-07-06,ostalbkreis,Fertigungsmechaniker/in,6
2026-07-06,ostalbkreis,Musikpädagoge/-pädagogin,6
2026-07-06,ostalbkreis,Galvaniseur/in,6
2026-07-06,ostalbkreis,Holzbearbeitungsmechaniker/in,6
2026-07-06,ostalbkreis,Zahntechniker/in,6
2026-07-06,ostalbkreis,Fachkraft - Gastronomie,6
2026-07-06,ostalbkreis,"Holzmechaniker/in - Bauelemente, Holzpackmittel und Rahmen",6
2026-07-06,ostalbkreis,Polier/in - Hochbau,6
2026-07-06,ostalbkreis,Helfer/in - Hochbau,6
2026-07-06,ostalbkreis,Pädagoge/Pädagogin,5
2026-07-06,ostalbkreis,Assistent/in - Personalwesen,5
2026-07-06,ostalbkreis,Bauklempner/in,5
2026-07-06,ostalbkreis,Karosserie- und Fahrzeugbauer/in - Fahrzeugbau,5
2026-07-06,ostalbkreis,Industriemechaniker/in - Maschinen- und Systemtechnik,5
2026-07-06,ostalbkreis,Karosserie- und Fahrzeugbauer/in - Karosseriebau,5
2026-07-06,ostalbkreis,Ingenieur/in - Luft- und Raumfahrttechnik,5
2026-07-06,ostalbkreis,Supply-Chain-Manager/in,5
2026-07-06,ostalbkreis,Assistenzarzt/-ärztin,5
2026-07-06,ostalbkreis,Zahnmedizinische/r Prophylaxeassistent/in,5
2026-07-06,ostalbkreis,SPS-Fachkraft,5
2026-07-06,ostalbkreis,Werkstoffprüfer/in - Metalltechnik,5
2026-07-06,ostalbkreis,Empfangsmitarbeiter/in (Hotel),5
2026-07-06,ostalbkreis,Metallbauer/in - Metallgestaltung,5
2026-07-06,ostalbkreis,Maschinen- und Anlagenführer/in - Textiltechnik (Weberei),5
2026-07-06,ostalbkreis,Land- und Baumaschinenmechatroniker/in,5
2026-07-06,ostalbkreis,Personalsachbearbeiter/in,5
2026-07-06,ostalbkreis,Kassenaufsicht (Handel),5
2026-07-06,ostalbkreis,Geprüfte Schutz- und Sicherheitskraft (IHK),5
2026-07-06,ostalbkreis,Verwaltungsfachangestellte/r - Kommunalverwaltung,5
2026-07-06,ostalbkreis,"Helfer/in - Klempnerei, Installation",5
2026-07-06,ostalbkreis,Kartenverkäufer/in,5
2026-07-06,ostalbkreis,Versicherungsberater/in,5
2026-07-06,ostalbkreis,Helfer/in - Gastgewerbe,5
2026-07-06,ostalbkreis,Industriemechaniker/in - Produktionstechnik,4
2026-07-06,ostalbkreis,Instandhaltungstechniker/in,4
2026-07-06,ostalbkreis,Sozialpädagogische/r Assistent/in / Kinderpfleger/in,4
2026-07-06,ostalbkreis,Heilerziehungspfleger/in - Rehabilitation,4
2026-07-06,ostalbkreis,Personalberater/in,4
2026-07-06,ostalbkreis,Product Owner,4
2026-07-06,ostalbkreis,Helfer/in - Hotel,4
2026-07-06,ostalbkreis,Metallbauer/in - Anlagen- und Fördertechnik,4
2026-07-06,ostalbkreis,Qualitätssicherungstechniker/in,4
2026-07-06,ostalbkreis,Personalreferent/in,4
2026-07-06,ostalbkreis,Ingenieur/in - Physik,4
2026-07-06,ostalbkreis,Ausbilder/in - Erste Hilfe,4
2026-07-06,ostalbkreis,Wirtschaftsinformatiker/in - IT-Systeme,4
2026-07-06,ostalbkreis,Qualitätsingenieur/in,4
2026-07-06,ostalbkreis,Reifenmonteur/in,4
2026-07-06,ostalbkreis,Wissenschaftliche/r Mitarbeiter/in,4
2026-07-06,ostalbkreis,Kaufmann/-frau - Spedition und Logistikdienstleistung,4
2026-07-06,ostalbkreis,Elektroniker/in - Automatisierungs- und Systemtechnik,4
2026-07-06,ostalbkreis,Helfer/in - Farb- und Lacktechnik,4
2026-07-06,ostalbkreis,Ingenieur/in - Systems Engineering,4
2026-07-06,ostalbkreis,Stationsleiter/in - Kranken-/Alten-/Kinderkrankenpflege,4
2026-07-06,ostalbkreis,"Fliesen-, Platten- und Mosaikleger/in",4
2026-07-06,ostalbkreis,Pharmazeutisch-technische/r Assistent/in,4
2026-07-06,ostalbkreis,Trockenbaumonteur/in,4
2026-07-06,ostalbkreis,Wundmanager/in,4
2026-07-06,ostalbkreis,Fachkraft - Marketing/Verkauf/Vertrieb,4
2026-07-06,ostalbkreis,Techniker/in - Elektrotechnik (Automatisierungstechnik)/Bachelor Professional in Technik,4
2026-07-06,ostalbkreis,Industriemechaniker/in - Betriebstechnik,4
2026-07-06,ostalbkreis,Verkaufssachbearbeiter/in,4
2026-07-06,ostalbkreis,Leiter/in - Produktion/Fertigung,4
2026-07-06,ostalbkreis,Helfer/in - Textilverarbeitung,4
2026-07-06,ostalbkreis,Helfer/in - Ver- und Entsorgung,4
2026-07-06,ostalbkreis,Schweißer/in - Konstruktionstechnik,4
2026-07-06,ostalbkreis,Technische/r Systemplaner/in - Versorgungs- und Ausrüstungstechnik,4
2026-07-06,ostalbkreis,Bezirksleiter/in,4
2026-07-06,ostalbkreis,"Helfer/in - Feinmechanik, Werkzeugbau",4
2026-07-06,ostalbkreis,Büroassistent/in,4
2026-07-06,ostalbkreis,Florist/in,4
2026-07-06,ostalbkreis,Disponent/in - Lager,4
2026-07-06,ostalbkreis,Key-Account-Manager/in,4
2026-07-06,ostalbkreis,Fahrlehrer/in,4
2026-07-06,ostalbkreis,Servicefahrer/in,4
2026-07-06,ostalbkreis,Facharzt/-ärztin - Innere Medizin,4
2026-07-06,ostalbkreis,Konditor/in,4
2026-07-06,ostalbkreis,Mechatroniker/in - Kältetechnik,4
2026-07-06,ostalbkreis,Baumaschinenführer/in,4
2026-07-06,ostalbkreis,Kalkulator/in,4
2026-07-06,ostalbkreis,Gesundheits- und Kinderkrankenpfleger/in,4
2026-07-06,ostalbkreis,Verfahrensmechaniker/in - Beschichtungstechnik,4
2026-07-06,ostalbkreis,Karosserie- und Fahrzeugbaumechaniker/in - Karosserie- und Fahrzeugbautechnik,4
2026-07-06,ostalbkreis,Tischlermeister/in/Bachelor Professional im Tischler-Handwerk,4
2026-07-06,ostalbkreis,Betriebswirt/in (Hochschule),3
2026-07-06,ostalbkreis,Pädagogische Fachkraft - Grundschulkindbetreuung,3
2026-07-06,ostalbkreis,Konstrukteur/in - Elektrotechnik,3
2026-07-06,ostalbkreis,"Helfer/in - Büro, Verwaltung",3
2026-07-06,ostalbkreis,Anästhesietechnische/r Assistent/in,3
2026-07-06,ostalbkreis,Lehrer/in - Waldorfschulen,3
2026-07-06,ostalbkreis,Ingenieur/in - Optoelektronik,3
2026-07-06,ostalbkreis,Empfangskraft,3
2026-07-06,ostalbkreis,Ingenieur/in - Automatisierungstechnik,3
2026-07-06,ostalbkreis,Software-Architect,3
2026-07-06,ostalbkreis,Elektroniker/in - Automatisierungstechnik (Handwerk),3
2026-07-06,ostalbkreis,Wartungs- und Servicetechniker/in - Maschinenbau,3
2026-07-06,ostalbkreis,Straßenbauer/in,3
2026-07-06,ostalbkreis,Hörakustiker/in,3
2026-07-06,ostalbkreis,Versicherungskaufmann/-frau,3
2026-07-06,ostalbkreis,Systeminformatiker/in,3
2026-07-06,ostalbkreis,Ingenieur/in - Fahrzeugtechnik,3
2026-07-06,ostalbkreis,Glaser/in - Fenster- und Glasfassadenbau,3
2026-07-06,ostalbkreis,Tierarzt/Tierärztin,3
2026-07-06,ostalbkreis,Web Developer,3
2026-07-06,ostalbkreis,Polier/in - Tiefbau,3
2026-07-06,ostalbkreis,Gesundheits- und Krankenpflegehelfer/in,3
2026-07-06,ostalbkreis,Projektingenieur/in,3
2026-07-06,ostalbkreis,Hebamme,3
2026-07-06,ostalbkreis,Praxisanleiter/in - Pflegeberufe,3
2026-07-06,ostalbkreis,Inbetriebnahmetechniker/in - Maschinenbau,3
2026-07-06,ostalbkreis,Helfer/in - Fahrzeugbau und -instandhaltung,3
2026-07-06,ostalbkreis,"Fachverkäufer/in - Kfz-Zubehör, Reifen",3
2026-07-06,ostalbkreis,Disponent/in - Güterverkehr,3
2026-07-06,ostalbkreis,Medientechnologe/-technologin Druck,3
2026-07-06,ostalbkreis,Architekt/in,3
2026-07-06,ostalbkreis,Technische/r Redakteur/in,3
2026-07-06,ostalbkreis,Chemisch-technische/r Assistent/in,3
2026-07-06,ostalbkreis,Helfer/in - Druck,3
2026-07-06,ostalbkreis,Produktionsmechaniker/in - Textil,3
2026-07-06,ostalbkreis,Leiter/in - Qualitätsmanagement,3
2026-07-06,ostalbkreis,Pflegeassistent/in,3
2026-07-06,ostalbkreis,Industriemechaniker/in - Geräte- und Feinwerktechnik,3
2026-07-06,ostalbkreis,Fachberater/in - Bau- und Heimwerkermärkte,3
2026-07-06,ostalbkreis,Textilmaschinenführer/in - Spinnerei,3
2026-07-06,ostalbkreis,Managementassistent/in,3
2026-07-06,ostalbkreis,Mechaniker/in - Land- und Baumaschinentechnik,3
2026-07-06,ostalbkreis,Kaufmann/-frau - Groß- und Außenhandel (Außenhandel),3
2026-07-06,ostalbkreis,Baggerführer/in,3
2026-07-06,ostalbkreis,Ingenieur/in - Versorgungstechnik,3
2026-07-06,ostalbkreis,Elektromechaniker/in,3
2026-07-06,ostalbkreis,Maschinen- und Anlagenführer/in - Lebensmitteltechnik,3
2026-07-06,ostalbkreis,Industrieelektroniker/in - Produktionstechnik,3
2026-07-06,ostalbkreis,Hauswirtschafter/in (ohne Schwerpunkte),3
2026-07-06,ostalbkreis,Orthopädietechnik-Mechaniker/in - Individuelle Rehatechnik,3
2026-07-06,ostalbkreis,Kraftfahrzeug-Servicetechniker/in,3
2026-07-06,ostalbkreis,Installateur- und Heizungsbauermeister/in/Bachelor Professional im Installateur- und Heizungsbauer-Handwerk,3
2026-07-06,ostalbkreis,Stuckateurmeister/in/Bachelor Professional im Stuckateur-Handwerk,3
2026-07-06,ostalbkreis,Apotheker/in,3
2026-07-06,ostalbkreis,Dachdecker/in,3
2026-07-06,ostalbkreis,Zahnarzt/-ärztin,3
2026-07-06,ostalbkreis,Fahrzeugpfleger/in,3
2026-07-06,ostalbkreis,Statiker/in,3
2026-07-06,ostalbkreis,Fachwirt/in - Steuer,3
2026-07-06,ostalbkreis,Dachdecker/in - Abdichtungstechnik,3
2026-07-06,ostalbkreis,Fachverkäufer/in - Nahrungsmittelhandwerk (Fleischerei),3
2026-07-06,ostalbkreis,Kunststoff- und Kautschuktechnologe/-technologin - Formteile,2
2026-07-06,ostalbkreis,IT-Berater/in,2
2026-07-06,ostalbkreis,Haushälter/in (Privathaushalt),2
2026-07-06,ostalbkreis,Pflegeassistent/in (Altenpflege),2
2026-07-06,ostalbkreis,Ingenieur/in - Verfahrenstechnik,2
2026-07-06,ostalbkreis,Mechaniker/in - Karosserieinstandhaltungstechnik,2
2026-07-06,ostalbkreis,"Leiter/in - Projektentwicklung (Immobilien, Bau)",2
2026-07-06,ostalbkreis,Professor/in - Hochschulen,2
2026-07-06,ostalbkreis,Kindergartenleiter/in,2
2026-07-06,ostalbkreis,Werkzeugmechaniker/in,2
2026-07-06,ostalbkreis,Finanzwirt/in,2
2026-07-06,ostalbkreis,Werkstoffprüfer/in (mit Schwerpunkten),2
2026-07-06,ostalbkreis,Messingenieur/in,2
2026-07-06,ostalbkreis,Musikschullehrer/in,2
2026-07-06,ostalbkreis,Handelsvertreter/in,2
2026-07-06,ostalbkreis,Masseur/in und medizinische/r Bademeister/in,2
2026-07-06,ostalbkreis,Fachkaufmann/-frau - Büromanagement,2
2026-07-06,ostalbkreis,Reiseverkehrskaufmann/-frau,2
2026-07-06,ostalbkreis,Ingenieur/in - Gebäudetechnik/Facility-Management,2
2026-07-06,ostalbkreis,Technische/r Produktdesigner/in - Maschinen- und Anlagenkonstruktion,2
2026-07-06,ostalbkreis,Kaufmann/-frau - Digitalisierungsmanagement,2
2026-07-06,ostalbkreis,Arzt/Ärztin,2
2026-07-06,ostalbkreis,Anwendungsprogrammierer/in,2
2026-07-06,ostalbkreis,IT-Projektkoordinator/in,2
2026-07-06,ostalbkreis,Betriebswirt/in (Hochschule) - Rechnungswesen und Controlling,2
2026-07-06,ostalbkreis,Gärtner/in - Baumschule,2
2026-07-06,ostalbkreis,Wirtschaftsinformatiker/in (Hochschule),2
2026-07-06,ostalbkreis,Betriebswirt/in (Fachschule) - Controlling/Bachelor Professional in Wirtschaft,2
2026-07-06,ostalbkreis,DevOps Engineer,2
2026-07-06,ostalbkreis,Fachberater/in - Vertrieb,2
2026-07-06,ostalbkreis,Forstwirt/in,2
2026-07-06,ostalbkreis,Fachkraft - Schutz und Sicherheit,2
2026-07-06,ostalbkreis,Werkstattleiter/in,2
2026-07-06,ostalbkreis,Ingenieur/in - Sicherheitstechnik,2
2026-07-06,ostalbkreis,Fotograf/in,2
2026-07-06,ostalbkreis,Glasreiniger/in,2
2026-07-06,ostalbkreis,Kaufmann/-frau - Versicherungen und Finanzanlagen,2
2026-07-06,ostalbkreis,Berufsspezialist/in - Kraftfahrzeug-Servicetechnik,2
2026-07-06,ostalbkreis,Automobil-Serviceberater/in,2
2026-07-06,ostalbkreis,Testingenieur/in,2
2026-07-06,ostalbkreis,Ingenieur/in - Materialwissenschaften,2
2026-07-06,ostalbkreis,Orthopädieschuhmacher/in,2
2026-07-06,ostalbkreis,Vorarbeiter/in - Maler- und Lackiererarbeiten,2
2026-07-06,ostalbkreis,Heizungs-/Sanitärkaufmann/-frau (Handel),2
2026-07-06,ostalbkreis,Fachpflegekraft - Psychiatrie,2
2026-07-06,ostalbkreis,Leiter/in - Personal,2
2026-07-06,ostalbkreis,Gärtnermeister/in - Garten- und Landschaftsbau,2
2026-07-06,ostalbkreis,Chemielaborant/in,2
2026-07-06,ostalbkreis,Messtechniker/in (Energietechnik),2
2026-07-06,ostalbkreis,Maschineneinrichter/in (Zerspanungstechnik),2
2026-07-06,ostalbkreis,Behälter- und Apparatebauer/in,2
2026-07-06,ostalbkreis,Heilerziehungspflegeassistent/in,2
2026-07-06,ostalbkreis,Fachmann/-frau - Restaurants und Veranstaltungsgastronomie,2
2026-07-06,ostalbkreis,Empfangschef/in (Hotel),2
2026-07-06,ostalbkreis,Kranführer/in,2
2026-07-06,ostalbkreis,Verfahrensmechaniker/in - Kunststoff- und Kautschuktechnik - Bauteile,2
2026-07-06,ostalbkreis,Leiter/in - Lagerwirtschaft,2
2026-07-06,ostalbkreis,Produktionsfachkraft Chemie,2
2026-07-06,ostalbkreis,Leiter/in - betriebliche Aus- und Weiterbildung,2
2026-07-06,ostalbkreis,Holzmechaniker/in - Möbelbau und Innenausbau,2
2026-07-06,ostalbkreis,Baumaschinenmechaniker/in,2
2026-07-06,ostalbkreis,Tiefbaufacharbeiter/in (ohne Angabe des Schwerpunkts),2
2026-07-06,ostalbkreis,Kaufmann/-frau - Gesundheitswesen,2
2026-07-06,ostalbkreis,Maschinen- und Anlagenführer/in - Textiltechnik,2
2026-07-06,ostalbkreis,Servicetechniker/in - Land- und Baumaschinen,2
2026-07-06,ostalbkreis,Zweiradmechatroniker/in - Motorradtechnik,2
2026-07-06,ostalbkreis,Leiter/in - Projekt-/Programmmanagement,2
2026-07-06,ostalbkreis,Patentanwaltsfachangestellte/r,2
2026-07-06,ostalbkreis,Holzmechaniker/in - Montieren von Innenausbauten und Bauelementen,2
2026-07-06,ostalbkreis,Betriebstechniker/in,2
2026-07-06,ostalbkreis,Leiter/in - Export,2
2026-07-06,ostalbkreis,Assistent/in - Produktionsleitung,2
2026-07-06,ostalbkreis,Facharzt/-ärztin - Strahlentherapie,2
2026-07-06,ostalbkreis,Technische/r Fachkaufmann/-frau - Werkzeuge/Maschinen,2
2026-07-06,ostalbkreis,Sous-Chef/in,2
2026-07-06,ostalbkreis,Bausachverständige/r,2
2026-07-06,ostalbkreis,Ingenieur/in - Kunststofftechnik,2
2026-07-06,ostalbkreis,Arzthelfer/in,2
2026-07-06,ostalbkreis,Kunststoff- und Schwergewebekonfektionär/in,2
2026-07-06,ostalbkreis,"Kaufmann/-frau - Einzelhandel (Diät- und Reformwaren, Lebensmittel)",2
2026-07-06,ostalbkreis,CAD-Fachkraft - Elektrotechnik,2
2026-07-06,ostalbkreis,Karosserie- und Fahrzeugbaumechaniker/in - Karosserieinstandhaltungstechnik,2
2026-07-06,ostalbkreis,Vermessungstechniker/in - Vermessung,2
2026-07-06,ostalbkreis,Kinder- und Jugendlichenpsychotherapeut/in,2
2026-07-06,ostalbkreis,Servicekraft - Schutz und Sicherheit,2
2026-07-06,ostalbkreis,"Kundenberater/in (Bank, Sparkasse)",2
2026-07-06,ostalbkreis,Maschinenführer/in - Schweißanlagen,2
2026-07-06,ostalbkreis,Hauswart/in/Haustechniker/in,2
2026-07-06,ostalbkreis,Fahrer/in - Personenbeförderung,2
2026-07-06,ostalbkreis,Bauleitende/r Monteur/in,2
2026-07-06,ostalbkreis,Baumpfleger/in,2
2026-07-06,ostalbkreis,Leiter/in - Gastronomiebetrieb,2
2026-07-06,ostalbkreis,Dreher/in,2
2026-07-06,ostalbkreis,Fachkraft - Metalltechnik - Zerspanungstechnik,2
2026-07-06,ostalbkreis,"Fachkraft - Kurier-, Express- und Postdienstleistungen",2
2026-07-06,ostalbkreis,Kraftfahrzeugtechnikermeister/in/Bachelor Professional im Kraftfahrzeugtechniker-Handwerk,2
2026-07-06,ostalbkreis,Fachverkäufer/in - Sanitätsfachhandel,2
2026-07-06,ostalbkreis,Heilpädagoge/-pädagogin,2
2026-07-06,ostalbkreis,Konstruktionsingenieur/in,2
2026-07-06,ostalbkreis,Jurist/in,2
2026-07-06,ostalbkreis,Notfallsanitäter/in,2
2026-07-06,ostalbkreis,Holzmechaniker/in - Herstellen von Möbeln und Innenausbauteilen,2
2026-07-06,ostalbkreis,Landwirt/in,2
2026-07-06,ostalbkreis,Fachkaufmann/-frau - Vertrieb,2
2026-07-06,ostalbkreis,Spezialitätenkoch/-köchin,2
2026-07-06,ostalbkreis,Notarfachangestellte/r,2
2026-07-06,ostalbkreis,Anwendungssystemberater/in,2
2026-07-06,ostalbkreis,Fachverkäufer/in - Elektro/Sanitär/Heizung/Installation,2
2026-07-06,ostalbkreis,"Maschinen-, Anlagen- und Behälterreiniger/in",2
2026-07-06,ostalbkreis,Spielhallenaufsicht,2
2026-07-06,ostalbkreis,Verfahrensmechaniker/in - Kunststoff- und Kautschuktechnik - Formteile,2
2026-07-06,ostalbkreis,Elektroniker/in - Gebäude- und Infrastruktursysteme,2
2026-07-06,ostalbkreis,"Fachverkäufer/in - Textilien, Bekleidung",2
2026-07-06,ostalbkreis,Lehrer/in/Dozent/in - Erwachsenenbildung,2
2026-07-06,ostalbkreis,Küchenchef/in,2
2026-07-06,ostalbkreis,Pflegepädagoge/-pädagogin,2
2026-07-06,ostalbkreis,Tischler/in und Glaser/in,2
2026-07-06,ostalbkreis,Facharzt/-ärztin - Frauenheilkunde und Geburtshilfe,2
2026-07-06,ostalbkreis,Betonfertigteilbauer/in,2
2026-07-06,ostalbkreis,Facility-Manager/in,2
2026-07-06,ostalbkreis,Tiefbauingenieur/in,2
2026-07-06,ostalbkreis,Papiertechnologe/-technologin,2
2026-07-06,ostalbkreis,Kaufmann/-frau - Groß- und Außenhandel (Großhandel),2
2026-07-06,ostalbkreis,Garten-/Landschaftsgestalter/in,2
2026-07-06,ostalbkreis,Buchhändler/in,2
2026-07-06,ostalbkreis,Fachkraft - Abwassertechnik,2
2026-07-06,ostalbkreis,Augenoptiker/in,2
2026-07-06,ostalbkreis,Kaufmann/-frau - Einzelhandel (Küchenhandel),2
2026-07-06,ostalbkreis,"Kaufmann/-frau - Einzelhandel (Wohnbedarf, Hausrat, Glas, Porzellan)",2
2026-07-06,ostalbkreis,Hochbauingenieur/in,2
2026-07-06,ostalbkreis,Bodenleger/in,2
2026-07-06,ostalbkreis,Verkaufsfahrer/in,2
2026-07-06,ostalbkreis,Fachkraft - Metalltechnik - Montagetechnik,2
2026-07-06,ostalbkreis,Blechpresser/in,2
2026-07-06,ostalbkreis,Helfer/in - stationäre Krankenpflege,2
2026-07-06,ostalbkreis,Taxifahrer/in,2
2026-07-06,ostalbkreis,Callcenteragent/in,2
2026-07-06,ostalbkreis,Techniker/in - Bautechnik (Baubetrieb),2
2026-07-06,ostalbkreis,Maler/in und Tapezierer/in,2
2026-07-06,ostalbkreis,Elektroniker/in - Prüffeld,2
2026-07-06,ostalbkreis,Fachkraft - Lebensmitteltechnik,2
2026-07-06,ostalbkreis,Medizinische/r Technologe/Technologin - Radiologie,2
2026-07-06,ostalbkreis,Glasfasermonteur/in,2
2026-07-06,ostalbkreis,Steinmetz/in und Steinbildhauer/in - Steinmetzarbeiten,2
2026-07-06,ostalbkreis,Bauzeichner/in - Architektur,2
2026-07-06,ostalbkreis,Fachverkäufer/in - Nahrungsmittelhandwerk (Bäckerei/Konditorei),2
2026-07-06,ostalbkreis,Fachkraft - Mechatronik,2
2026-07-06,ostalbkreis,Fachgehilf(e/in) - steuer- und wirtschaftsberatende Berufe,2
2026-07-06,ostalbkreis,Friseurmeister/in/Bachelor Professional im Friseur-Handwerk,2
2026-07-06,ostalbkreis,Industriemeister/in - allgemein,2
2026-07-06,ostalbkreis,Techniker/in - Holztechnik (Holzbau),2
2026-07-06,ostalbkreis,Orthopädietechnik-Mechaniker/in,2
2026-07-06,ostalbkreis,Fachkrankenpfleger/in - Nephrologie,2
2026-07-06,ostalbkreis,Objektleiter/in (Gebäudereinigung),2
2026-07-06,ostalbkreis,Weber/in,2
2026-07-06,ostalbkreis,Fachkraft - Süßwarentechnik - Schokolade,2
2026-07-06,ostalbkreis,Facharzt/-ärztin - Innere Medizin und Kardiologie,2
2026-07-06,ostalbkreis,Facharzt/-ärztin - Anästhesiologie,2
2026-07-06,ostalbkreis,Redakteur/in,2
2026-07-06,ostalbkreis,Elektroanlagenmonteur/in,2
2026-07-06,ostalbkreis,Vorarbeiter/in - Gartenbau,2
2026-07-06,ostalbkreis,Blitzschutzmonteur/in,2
2026-07-06,ostalbkreis,Gerüstbauer/in,2
2026-07-06,ostalbkreis,Dachdecker/in und Bauklempner/in,2
2026-07-06,ostalbkreis,Helfer/in - Glasherstellung und -verarbeitung,2
2026-07-06,ostalbkreis,EDV-Sachbearbeiter/in,1
2026-07-06,ostalbkreis,Meister/in - Kreislauf- und Abfallwirtschaft und Städtereinigung,1
2026-07-06,ostalbkreis,Geschäftsführer/in,1
2026-07-06,ostalbkreis,Betonpumpenbediener/in,1
2026-07-06,ostalbkreis,Waldorferzieher/in,1
2026-07-06,ostalbkreis,Fullstack-Entwickler/in,1
2026-07-06,ostalbkreis,Immobilienkaufmann/-frau,1
2026-07-06,ostalbkreis,"Fachkraft - Möbel-, Küchen- und Umzugsservice",1
2026-07-06,ostalbkreis,Kesselwärter/in,1
2026-07-06,ostalbkreis,Fachkaufmann/-frau - Personal,1
2026-07-06,ostalbkreis,Sekretär/in,1
2026-07-06,ostalbkreis,Fachkrankenschwester/-pfleger - Operationsdienst,1
2026-07-06,ostalbkreis,Kaufmann/-frau - Versicherungen und Finanzen - Finanzberatung,1
2026-07-06,ostalbkreis,Kinderpflegehelfer/in,1
2026-07-06,ostalbkreis,Feinoptiker/in,1
2026-07-06,ostalbkreis,Schweißer/in - Fahrzeugbau,1
2026-07-06,ostalbkreis,Leiter/in - Operationsdienst,1
2026-07-06,ostalbkreis,Fachkraft - alternative Therapieformen (nicht Arzt/Ärztin oder Heilpraktiker/in),1
2026-07-06,ostalbkreis,Operationstechnische/r Angestellte/r,1
2026-07-06,ostalbkreis,Lehrer/in - Deutsch als Fremdsprache,1
2026-07-06,ostalbkreis,Eurythmielehrer/in,1
2026-07-06,ostalbkreis,Feinwerkmechaniker/in - Zerspanungstechnik,1
2026-07-06,ostalbkreis,Veranstaltungskaufmann/-frau,1
2026-07-06,ostalbkreis,Leiter/in - Betriebliche Instandhaltung,1
2026-07-06,ostalbkreis,Musiklehrer/in,1
2026-07-06,ostalbkreis,Fachkinderkrankenpfleger/in - Intensivpflege/Anästhesie,1
2026-07-06,ostalbkreis,Ausbilder/in - Anerkannte Ausbildungsberufe,1
2026-07-06,ostalbkreis,Metallschleifer/in,1
2026-07-06,ostalbkreis,"Helfer/in - Metallerzeugung, Gießerei",1
2026-07-06,ostalbkreis,Vertriebstechniker/in,1
2026-07-06,ostalbkreis,Klebfachingenieur/in,1
2026-07-06,ostalbkreis,Ingenieur/in - Chemietechnik,1
2026-07-06,ostalbkreis,Fachwirt/in - Bau,1
2026-07-06,ostalbkreis,Medizinprodukteberater/in,1
2026-07-06,ostalbkreis,Nachhilfelehrer/in,1
2026-07-06,ostalbkreis,Assistent/in - Gesundheits- und Sozialwesen,1
2026-07-06,ostalbkreis,Sticker/in,1
2026-07-06,ostalbkreis,Fuhrparkleiter/in,1
2026-07-06,ostalbkreis,Bauzimmerer/-zimmerin,1
2026-07-06,ostalbkreis,Fachwirt/in - Erziehungswesen,1
2026-07-06,ostalbkreis,Rohrnetzbauer/in und -schlosser/in,1
2026-07-06,ostalbkreis,Techniker/in - Bautechnik (Tiefbau)/Bachelor Professional in Technik,1
2026-07-06,ostalbkreis,Tourismuskaufmann/-frau (Privat- und Geschäftsreisen),1
2026-07-06,ostalbkreis,Gießereimechaniker/in,1
2026-07-06,ostalbkreis,"Fachkraft - Rohr-, Kanal- und Industrieservice",1
2026-07-06,ostalbkreis,Fachassistent/in Rechnungswesen und Controlling,1
2026-07-06,ostalbkreis,Ingenieur/in - Medizintechnik,1
2026-07-06,ostalbkreis,Arbeitsassistent/in,1
2026-07-06,ostalbkreis,Ingenieur/in - Biotechnologie,1
2026-07-06,ostalbkreis,Psychologe/Psychologin,1
2026-07-06,ostalbkreis,Medieninformatiker/in,1
2026-07-06,ostalbkreis,Tiefbaufacharbeiter/in - Straßenbauarbeiten,1
2026-07-06,ostalbkreis,Rohrleitungsbauer/in,1
2026-07-06,ostalbkreis,Anwendungsberater/in,1
2026-07-06,ostalbkreis,Facharzt/-ärztin - Hygiene und Umweltmedizin,1
2026-07-06,ostalbkreis,Neuropsychologe/-psychologin,1
2026-07-06,ostalbkreis,Erdbewegungsmaschinenführer/in,1
2026-07-06,ostalbkreis,CAD-Organisator/in,1
2026-07-06,ostalbkreis,Kraftfahrzeugmechatroniker/in - Karosserietechnik,1
2026-07-06,ostalbkreis,Kaufmann/-frau - Einzelhandel (Elektrogeräte),1
2026-07-06,ostalbkreis,Bereichsleiter/in,1
2026-07-06,ostalbkreis,Vorarbeiter/in - Fahrzeuglackierung,1
2026-07-06,ostalbkreis,Fachkrankenpfleger/in - Onkologie,1
2026-07-06,ostalbkreis,Eisenbahner/in - Zugverkehrssteuerung,1
2026-07-06,ostalbkreis,Facharzt/-ärztin - Allgemeinchirurgie,1
2026-07-06,ostalbkreis,Medizinische/r Technologe/Technologin - Funktionsdiagnostik,1
2026-07-06,ostalbkreis,Master of Business Administration,1
2026-07-06,ostalbkreis,Facharzt/-ärztin - Radiologie,1
2026-07-06,ostalbkreis,Fachverkäufer/in - Nahrungsmittel,1
2026-07-06,ostalbkreis,"Holzmechaniker/in - Herstellen von Bauelementen, Holzpackmitteln und Rahmen",1
2026-07-06,ostalbkreis,Rollladen- und Sonnenschutzmechatroniker/in,1
2026-07-06,ostalbkreis,IT-Projektleiter/in (Weiterbildung/Ausbildung),1
2026-07-06,ostalbkreis,Ingenieur/in - Augenoptik/Optometrie,1
2026-07-06,ostalbkreis,Technische/r Produktdesigner/in (ohne Fachrichtungen),1
2026-07-06,ostalbkreis,CNC-Schleifer/in,1
2026-07-06,ostalbkreis,Immobilienmakler/in,1
2026-07-06,ostalbkreis,Estrichleger/in,1
2026-07-06,ostalbkreis,Praktische/r Betriebswirt/in,1
2026-07-06,ostalbkreis,Leiter/in - Verkauf (Handel),1
2026-07-06,ostalbkreis,Auftragsleiter/in,1
2026-07-06,ostalbkreis,Employer-Branding-Manager/in,1
2026-07-06,ostalbkreis,Technische/r Systemplaner/in - Stahl- und Metallbautechnik,1
2026-07-06,ostalbkreis,Leiter/in - Programmierung,1
2026-07-06,ostalbkreis,SPS-Ingenieur/in,1
2026-07-06,ostalbkreis,Beamter/Beamtin - Wehrverwaltung (mittlerer technischer Dienst),1
2026-07-06,ostalbkreis,Fachberater/in - Finanzdienstleistungen,1
2026-07-06,ostalbkreis,IT-Compliance-Consultant,1
2026-07-06,ostalbkreis,Sicherheitsmanager/in,1
2026-07-06,ostalbkreis,Gemeindearbeiter/in,1
2026-07-06,ostalbkreis,"Meister/in - Möbel-, Küchen- und Umzugsservice",1
2026-07-06,ostalbkreis,Techniker/in - Bautechnik (Ausbau)/Bachelor Professional in Technik,1
2026-07-06,ostalbkreis,Betonsanierer/in,1
2026-07-06,ostalbkreis,Betriebswirt/in - allgemeine Betriebswirtschaft,1
2026-07-06,ostalbkreis,Technische/r Zeichner/in - Stahl- und Metallbautechnik,1
2026-07-06,ostalbkreis,Helfer/in - Fischwirtschaft,1
2026-07-06,ostalbkreis,Feinwerkmechaniker/in,1
2026-07-06,ostalbkreis,Arbeitsvermittler/in,1
2026-07-06,ostalbkreis,Sicherheitstechniker/in (IT),1
2026-07-06,ostalbkreis,Verwaltungsfachangestellte/r - Kirchenverwaltung - evangelische Kirche,1
2026-07-06,ostalbkreis,Lehrer/in - Schularten der Sekundarstufe I,1
2026-07-06,ostalbkreis,Fachkaufmann/-frau - Einkauf und Logistik,1
2026-07-06,ostalbkreis,Ingenieur/in - Sensortechnik,1
2026-07-06,ostalbkreis,Techniker/in - Mechatronik/Bachelor Professional in Technik,1
2026-07-06,ostalbkreis,Kaufmann/-frau - Groß- und Außenhandelsmanagement (Außenhandel),1
2026-07-06,ostalbkreis,Kraftfahrzeugführer/in - Ver- und Entsorgung,1
2026-07-06,ostalbkreis,Galvaniseur/in und Metallschleifer/in,1
2026-07-06,ostalbkreis,Bankettleiter/in,1
2026-07-06,ostalbkreis,Techniker/in - Maschinentechnik (Automatisierungstechnik)/Bachelor Professional in Technik,1
2026-07-06,ostalbkreis,Kundendienstberater/in,1
2026-07-06,ostalbkreis,Laserstrahlfachkraft,1
2026-07-06,ostalbkreis,Bauten- und Objektbeschichter/in,1
2026-07-06,ostalbkreis,Betriebswirt/in (Fachschule) - Handel,1
2026-07-06,ostalbkreis,Industriemeister/in - Qualitätskontrolle,1
2026-07-06,ostalbkreis,Kinderbetreuer/in,1
2026-07-06,ostalbkreis,Cyber-Security-Consultant,1
2026-07-06,ostalbkreis,Maler/in und Lackierer/in - Fahrzeuglackierer/in,1
2026-07-06,ostalbkreis,Produktionsassistent/in (Film/Fernsehen),1
2026-07-06,ostalbkreis,Metallbauermeister/in/Bachelor Professional im Metallbauer-Handwerk,1
2026-07-06,ostalbkreis,Industriemeister/in - Metall,1
2026-07-06,ostalbkreis,Ingenieur/in - Werkstofftechnik,1
2026-07-06,ostalbkreis,Leiter/in - Vertriebsinnendienst,1
2026-07-06,ostalbkreis,Großküchenkoch/-köchin,1
2026-07-06,ostalbkreis,Fachberater/in - Integrierte Systeme,1
2026-07-06,ostalbkreis,Leiter/in - Materialwirtschaft,1
2026-07-06,ostalbkreis,Industriereiniger/in (Gebäudereinigung),1
2026-07-06,ostalbkreis,Pflegefachmann/-frau (Gesundheits- und Kinderkrankenpflege),1
2026-07-06,ostalbkreis,Techniker/in - Medizintechnik/Bachelor Professional in Technik,1
2026-07-06,ostalbkreis,Isolierer/in,1
2026-07-06,ostalbkreis,Schienenfahrzeugführer/in,1
2026-07-06,ostalbkreis,Rohrvorrichter/in,1
2026-07-06,ostalbkreis,"Barmixer/in, Barkeeper/in",1
2026-07-06,ostalbkreis,Hydraulik-Fachkraft,1
2026-07-06,ostalbkreis,Weiterbildungsassistent/in (Arzt/Ärztin),1
2026-07-06,ostalbkreis,Gärtner/in - Gemüsebau,1
2026-07-06,ostalbkreis,Verkehrsplaner/in,1
2026-07-06,ostalbkreis,Fachkraft - Sozialarbeit,1
2026-07-06,ostalbkreis,Fitnesstrainer/in,1
2026-07-06,ostalbkreis,IT-Einkäufer/in,1
2026-07-06,ostalbkreis,Fachinformatiker/in - Daten- und Prozessanalyse,1
2026-07-06,ostalbkreis,Ingenieur/in - Fahrzeugelektronik,1
2026-07-06,ostalbkreis,Global-Sourcing-Manager/in,1
2026-07-06,ostalbkreis,Servicetechniker/in - IT,1
2026-07-06,ostalbkreis,Bäcker/in und Konditor/in,1
2026-07-06,ostalbkreis,Techniker/in - Maschinentechnik (Betriebstechnik),1
2026-07-06,ostalbkreis,Klempner/in und Installateur/in,1
2026-07-06,ostalbkreis,Maschinen- und Anlagenführer/in - Druckweiter- und Papierverarbeitung,1
2026-07-06,ostalbkreis,Technische/r Einkäufer/in,1
2026-07-06,ostalbkreis,Stahl- und Metallbauingenieur/in,1
2026-07-06,ostalbkreis,Brennschneider/in,1
2026-07-06,ostalbkreis,Automatenbefüller/in,1
2026-07-06,ostalbkreis,Hochbaufacharbeiter/in - Beton- und Stahlbetonarbeiten,1
2026-07-06,ostalbkreis,Techniker/in - Bautechnik (Betonbau),1
2026-07-06,ostalbkreis,Elektroschweißer/in,1
2026-07-06,ostalbkreis,Wirtschaftsprüfer/in,1
2026-07-06,ostalbkreis,Betonfertigteilemontierer/in,1
2026-07-06,ostalbkreis,Konstruktionsmechaniker/in - Schweißtechnik,1
2026-07-06,ostalbkreis,EUTB-Berater/in,1
2026-07-06,ostalbkreis,Schweißer/in - Anlagen- und Apparatebau,1
2026-07-06,ostalbkreis,"Schilder- und Lichtreklamehersteller/in - Technik, Montage, Werbeelektrik/-elektronik",1
2026-07-06,ostalbkreis,Montageleiter/in (Bau),1
2026-07-06,ostalbkreis,Fachkraft - Arbeitssicherheit,1
2026-07-06,ostalbkreis,Ingenieur/in - Holztechnik,1
2026-07-06,ostalbkreis,Verfahrensmechaniker/in - Steine- und Erdenindustrie - Baustoffe,1
2026-07-06,ostalbkreis,Betriebsleiter/in - kaufmännisch,1
2026-07-06,ostalbkreis,Glaser/in - Verglasung und Glasbau,1
2026-07-06,ostalbkreis,Restaurator/in für Möbel und Holzobjekte/Bachelor Professional Technik,1
2026-07-06,ostalbkreis,Geoinformatiker/in,1
2026-07-06,ostalbkreis,Pflasterer/Pflasterin,1
2026-07-06,ostalbkreis,Erzieher/in - sonderpädagogische Einrichtungen,1
2026-07-06,ostalbkreis,Ingenieur/in - Angewandte Mechanik,1
2026-07-06,ostalbkreis,Datenbankentwickler/in,1
2026-07-06,ostalbkreis,Textildrucker/in,1
2026-07-06,ostalbkreis,Löter/in,1
2026-07-06,ostalbkreis,Customer-Experience-Manager/in,1
2026-07-06,ostalbkreis,Fachverkäufer/in - Elektronik,1
2026-07-06,ostalbkreis,Fachangestellte/r - Medien- und Informationsdienste - Medizinische Dokumentation,1
2026-07-06,ostalbkreis,Pferdepfleger/in,1
2026-07-06,ostalbkreis,Fachverkäufer/in - Sportartikel,1
2026-07-06,ostalbkreis,Schweißer/in - Schiffbau,1
2026-07-06,ostalbkreis,Berechnungsingenieur/in,1
2026-07-06,ostalbkreis,"Verwaltungsangestellte/r - Krankenkassen, Krankenhäuser, Kliniken",1
2026-07-06,ostalbkreis,Konstrukteur/in - Maschinen-/Anlagentechnik,1
2026-07-06,ostalbkreis,Business-Development-Manager/in,1
2026-07-06,ostalbkreis,Roboterprogrammierer/in,1
2026-07-06,ostalbkreis,Gärtner/in - Zierpflanzenbau,1
2026-07-06,ostalbkreis,Produktmanager/in,1
2026-07-06,ostalbkreis,Pflegedienstleiter/in,1
2026-07-06,ostalbkreis,Gartenbauverwalter/in,1
2026-07-06,ostalbkreis,Landmaschinenmechaniker/in,1
2026-07-06,ostalbkreis,Hauswirtschaftliche/r Betriebsleiter/in/Bachelor Professional in Wirtschaft,1
2026-07-06,ostalbkreis,Umweltmanagementbeauftragte/r,1
2026-07-06,ostalbkreis,Fachaltenpfleger/in - Psychiatrie,1
2026-07-06,ostalbkreis,IT-System-Kaufmann/-frau,1
2026-07-06,ostalbkreis,Natur- und Landschaftspfleger/in,1
2026-07-06,ostalbkreis,Barmeister/in,1
2026-07-06,ostalbkreis,Fachverkäufer/in - Pflanzen und Saatgut,1
2026-07-06,ostalbkreis,Vorarbeiter/in - Hochbau,1
2026-07-06,ostalbkreis,Dienstwagenfahrer/in,1
2026-07-06,ostalbkreis,Servicetechniker/in - Sicherheits-/Alarmanlagen,1
2026-07-06,ostalbkreis,Meister/in - Hauswirtschaft,1
2026-07-06,ostalbkreis,Techniker/in - Maschinentechnik (ohne Schwerpunkt)/Bachelor Professional in Technik,1
2026-07-06,ostalbkreis,Innendienstleiter/in,1
2026-07-06,ostalbkreis,Techniker/in - Holztechnik (ohne Schwerpunkt)/Bachelor Professional in Technik,1
2026-07-06,ostalbkreis,Rechtsanwalt/Rechtsanwältin,1
2026-07-06,ostalbkreis,Gebietsleiter/in - Außenwirtschaft,1
2026-07-06,ostalbkreis,Orthopädieschuhmachermeister/in/Bachelor Professional im Orthopädieschuhmacher-Handwerk,1
2026-07-06,ostalbkreis,Bauwerksabdichter/in,1
2026-07-06,ostalbkreis,Straßenwärter/in,1
2026-07-06,ostalbkreis,Bestattungsfachkraft,1
2026-07-06,ostalbkreis,Raumausstatter/in,1
2026-07-06,ostalbkreis,Assistent/in - Logistik,1
2026-07-06,ostalbkreis,Fachkaufmann/-frau - Außenwirtschaft,1
2026-07-06,ostalbkreis,Kunststoffspritzer/in,1
2026-07-06,ostalbkreis,Onlinemarketing-Manager/in,1
2026-07-06,ostalbkreis,Marketingfachkraft/-assistent/in,1
2026-07-06,ostalbkreis,Assistent/in - Controlling,1
2026-07-06,ostalbkreis,Medizinisch-technische/r Radiologieassistent/in,1
2026-07-06,ostalbkreis,Bausteinmetz/in,1
2026-07-06,ostalbkreis,Steinmetz/in und Steinbildhauer/in - Steinbildhauerarbeiten,1
2026-07-06,ostalbkreis,Maschinen- und Anlagenführer/in - Textiltechnik (Maschen),1
2026-07-06,ostalbkreis,Techniker/in - Elektrotechnik (ohne Schwerpunkt)/Bachelor Professional in Technik,1
2026-07-06,ostalbkreis,Assistent/in - Technische Kommunikation,1
2026-07-06,ostalbkreis,Arbeitsplanungsingenieur/in,1
2026-07-06,ostalbkreis,Berufsspezialist/in Technische/r Kaufmann/-frau,1
2026-07-06,ostalbkreis,Helfer/in - Tierpflege,1
2026-07-06,ostalbkreis,Fleischer/in - Verkauf,1
2026-07-06,ostalbkreis,Bar-Chef/in,1
2026-07-06,ostalbkreis,Elektroniker/in - Maschinen und Antriebstechnik (BBiG),1
2026-07-06,ostalbkreis,Naturwerksteinmechaniker/in - Maschinenbearbeitungstechnik,1
2026-07-06,ostalbkreis,Industriemeister/in - Naturwerkstein,1
2026-07-06,ostalbkreis,Sachbearbeiter/in - Logistik,1
2026-07-06,ostalbkreis,Baukalkulator/in,1
2026-07-06,ostalbkreis,Arztassistent/in / Physician Assistant,1
2026-07-06,ostalbkreis,Fachkraft - Gastronomie (Restaurantservice),1
2026-07-06,ostalbkreis,Karosseriebauer/in,1
2026-07-06,ostalbkreis,Technische/r Assistent/in - Automatisierungstechnik,1
2026-07-06,ostalbkreis,Helfer/in - Landwirtschaft,1
2026-07-06,ostalbkreis,Leckageorter/in,1
2026-07-06,ostalbkreis,Vorarbeiter/in - Bodenverlegung,1
2026-07-06,ostalbkreis,Beikoch/-köchin,1
2026-07-06,ostalbkreis,Betriebstischler/in,1
2026-07-06,ostalbkreis,Pädagogische/r Assistent/in,1
2026-07-06,ostalbkreis,Techniker/in - Bautechnik (Hochbau)/Bachelor Professional in Technik,1
2026-07-06,ostalbkreis,Bau- und Projektkaufmann/-frau,1
2026-07-06,ostalbkreis,Fachverkäufer/in - Geschenkartikel,1
2026-07-06,ostalbkreis,Pflegeassistent/in (Gesundheits- und Krankenpflege),1
2026-07-06,ostalbkreis,Ökotrophologe/Ökotrophologin,1
2026-07-06,ostalbkreis,Promoter/in,1
2026-07-06,ostalbkreis,Fachlehrkraft - Förderschulen,1
2026-07-06,ostalbkreis,Lehrer/in - Förderschulen,1
2026-07-06,ostalbkreis,Maschinenbaumechaniker/in,1
2026-07-06,ostalbkreis,Betriebsmanager/in - Kraftfahrzeugtechnik,1
2026-07-06,ostalbkreis,Facharzt/-ärztin - Psychiatrie und Psychotherapie,1
2026-07-06,ostalbkreis,Maurer- und Betonbauermeister/in/Bachelor Professional im Maurer- und Betonbauer-Handwerk,1
2026-07-06,ostalbkreis,Tierarzt/-ärztin - Haus- und Heimtiere,1
2026-07-06,ostalbkreis,Kinderkrankenschwester/-pfleger,1
2026-07-06,ostalbkreis,Fußpfleger/in (kosmetisch),1
2026-07-06,ostalbkreis,Bauabrechner/in,1
2026-07-06,ostalbkreis,"Kaufmann/-frau - Einzelhandel (Heimwerkerbedarf und Werkzeuge, Pflanzen und Gartenbedarf, Zoofachhandel)",1
2026-07-06,ostalbkreis,Medientechnologe/-technologin Druckverarbeitung,1
2026-07-06,ostalbkreis,Notargehilfe/-gehilfin,1
2026-07-06,ostalbkreis,Werkzeugmacher/in - Stanzwerkzeug- und Vorrichtungsbau,1
2026-07-06,ostalbkreis,Hausdame/Housekeeper,1
2026-07-06,ostalbkreis,Brauer/in und Mälzer/in,1
2026-07-06,ostalbkreis,"Kabelmonteur/in (Fern-, Frei- und Fahrleitungsbau)",1
2026-07-06,ostalbkreis,Pflegewissenschaftler/in,1
2026-07-06,ostalbkreis,Personaldienstleistungskaufmann/-frau,1
2026-07-06,ostalbkreis,Facharzt/-ärztin - Innere Medizin und Nephrologie,1
2026-07-06,ostalbkreis,Hörakustikermeister/in/Bachelor Professional im Hörakustiker-Handwerk,1
2026-07-06,ostalbkreis,Facharzt/-ärztin - Allgemeinmedizin (Hausarzt/-ärztin),1
2026-07-06,ostalbkreis,IT-Kundenbetreuer/in,1
2026-07-06,ostalbkreis,Fachkrankenschwester/-pfleger - Endoskopie,1
2026-07-06,ostalbkreis,Datenerfasser/in,1
2026-07-06,ostalbkreis,Fachkraft - innovative Fahrzeugaufbereitung,1
2026-07-06,ostalbkreis,Facharzt/-ärztin - Kinder- und Jugendmedizin,1
2026-07-06,ostalbkreis,Gestalter/in - Grafikdesign,1
2026-07-06,ostalbkreis,Cutter/in,1
2026-07-06,ostalbkreis,Baureiniger/in (Gebäudereinigung),1
2026-07-06,ostalbkreis,Honorarprofessor/in,1
2026-07-06,ostalbkreis,"Ingenieur/in - Informations-, Kommunikationstechnik",1
2026-07-06,ostalbkreis,IT-Forensiker/in,1
2026-07-06,ostalbkreis,Osteopath/in,1
2026-07-06,ostalbkreis,Zweiradmechaniker/in - Motorradtechnik,1
2026-07-06,ostalbkreis,"Vorarbeiter/in - Lagerwirtschaft, Güter- und Warenumschlag",1
2026-07-06,ostalbkreis,Elektroprüfer/in,1
2026-07-06,ostalbkreis,Facharzt/-ärztin - Innere Medizin und Pneumologie,1
2026-07-06,ostalbkreis,Bürogehilf(e/in),1
2026-07-06,ostalbkreis,Projektkoordinator/in (kaufmännisch),1
2026-07-06,ostalbkreis,Umwelttechnologe/-technologin - Wasserversorgung,1
2026-07-06,ostalbkreis,Leiter/in - Kundendienst (technisch),1
2026-07-06,ostalbkreis,Land- und Baumaschinenmechatronikermeister/in/Bachelor Professional im Land- und Baumaschinenmechatroniker-Handwerk,1
2026-07-06,ostalbkreis,Orthopädietechniker/in,1
2026-07-06,ostalbkreis,Betriebswirt/in (Fachschule) - Holz,1
2026-07-06,ostalbkreis,"Helfer/in - Naturstein- und Mineralaufbereitung, Baustoffherstellung",1
2026-07-06,ostalbkreis,Kaufmann/-frau - Versicherungen und Finanzen - Versicherung,1
2026-07-06,ostalbkreis,Vorarbeiter/in - Holzbe- und -verarbeitung,1
2026-07-06,ostalbkreis,Fachinformatiker/in - Anwendungsentwicklung,1
2026-07-06,ostalbkreis,Webdesigner/in,1
2026-07-06,ostalbkreis,First-Level-Supporter/in,1
2026-07-06,ostalbkreis,Kachelofenbauer/in,1
2026-07-06,ostalbkreis,Wasserbauingenieur/in,1
2026-07-06,ostalbkreis,3-D-Druck-Spezialist/in,1
2026-07-06,ostalbkreis,Zimmerermeister/in/Bachelor Professional im Zimmerer-Handwerk,1
2026-07-06,ostalbkreis,Textilmaschinenführer/in - Weberei,1
2026-07-06,ostalbkreis,Fachkraft - Trockenbau,1
2026-07-06,ostalbkreis,Technische/r Zeichner/in - Heizungs-/Klima-/Sanitärtechnik,1
2026-07-06,ostalbkreis,Fachwirt/in - Verwaltung,1
2026-07-06,ostalbkreis,Buchbinder/in,1
2026-07-06,ostalbkreis,Industriemeister/in - Elektrotechnik,1
2026-07-06,ostalbkreis,Assistent/in - Bibliotheken,1
2026-07-06,ostalbkreis,Zweiradmechaniker/in - Fahrradtechnik,1
2026-07-06,ostalbkreis,Fassadenmonteur/in,1
2026-07-06,ostalbkreis,Fachkraft - Wasserversorgungstechnik,1
2026-07-06,ostalbkreis,Abfüller/in,1
2026-07-06,ostalbkreis,Konditormeister/in/Bachelor Professional im Konditor-Handwerk,1
2026-07-06,ostalbkreis,"Fliesen-, Platten- und Mosaiklegermeister/in/Bachelor Professional im Fliesen-, Platten- und Mosaikleger-Handwerk",1
2026-07-06,ostalbkreis,Pizzabäcker/in,1
2026-07-06,ostalbkreis,Ingenieur/in - Abfallwirtschaft,1
2026-07-06,ostalbkreis,Technische/r Systemplaner/in - Elektrotechnische Systeme,1
2026-07-06,ostalbkreis,Landmaschinenführer/in,1
2026-07-06,ostalbkreis,Chef de rang,1
2026-07-06,ostalbkreis,Vertriebscontroller/in,1
2026-07-06,ostalbkreis,Techniker/in - Bautechnik (ohne Schwerpunkt)/Bachelor Professional in Technik,1
2026-07-06,ostalbkreis,Qualitätsbeauftragte/r - Gesundheits-/Sozialwesen,1
2026-07-06,ostalbkreis,Werksteinhersteller/in,1
2026-07-06,ostalbkreis,Helfer/in - Tiefbau,1
2026-07-06,ostalbkreis,Schilder- und Lichtreklamehersteller/in,1
2026-07-06,ostalbkreis,Kraftfahrzeugelektriker/in,1
2026-07-06,waiblingen_30km,Verkäufer/in,168
2026-07-06,waiblingen_30km,Gabelstaplerfahrer/in,113
2026-07-06,waiblingen_30km,Erzieher/in,108
2026-07-06,waiblingen_30km,"Helfer/in - Lagerwirtschaft, Transport",101
2026-07-06,waiblingen_30km,Ingenieur/in - Elektrotechnik,75
2026-07-06,waiblingen_30km,IT-Systemadministrator/in,74
2026-07-06,waiblingen_30km,Industriemechaniker/in,73
2026-07-06,waiblingen_30km,Helfer/in - Verkauf,73
2026-07-06,waiblingen_30km,Lager- und Transportarbeiter/in,72
2026-07-06,waiblingen_30km,Fachkraft - Lagerlogistik,70
2026-07-06,waiblingen_30km,Altenpfleger/in,70
2026-07-06,waiblingen_30km,Helfer/in - Reinigung,70
2026-07-06,waiblingen_30km,IT-Berater/in,64
2026-07-06,waiblingen_30km,Berufskraftfahrer/in,63
2026-07-06,waiblingen_30km,Koch/Köchin,53
2026-07-06,waiblingen_30km,Maschinen- und Anlagenführer/in (ohne Angabe des Schwerpunkts),53
2026-07-06,waiblingen_30km,Helfer/in - Metallbearbeitung,53
2026-07-06,waiblingen_30km,Mechatroniker/in,49
2026-07-06,waiblingen_30km,Sozialarbeiter/in / Sozialpädagoge/-pädagogin,49
2026-07-06,waiblingen_30km,Gesundheits- und Krankenpfleger/in,48
2026-07-06,waiblingen_30km,Elektroniker/in - Energie- und Gebäudetechnik,48
2026-07-06,waiblingen_30km,Bürokaufmann/-frau,46
2026-07-06,waiblingen_30km,"Anlagenmechaniker/in - Sanitär-, Heizungs- und Klimatechnik",44
2026-07-06,waiblingen_30km,Medizinische/r Fachangestellte/r,44
2026-07-06,waiblingen_30km,Fachlagerist/in,43
2026-07-06,waiblingen_30km,Informatiker/in,43
2026-07-06,waiblingen_30km,Helfer/in - Küche,43
2026-07-06,waiblingen_30km,Elektroniker/in - Betriebstechnik,42
2026-07-06,waiblingen_30km,Kaufmann/-frau - Büromanagement,41
2026-07-06,waiblingen_30km,Montierer/in,40
2026-07-06,waiblingen_30km,Kommissionierer/in,40
2026-07-06,waiblingen_30km,Buchhalter/in,40
2026-07-06,waiblingen_30km,"Filialleiter/in, Verkaufsstellenleiter/in",36
2026-07-06,waiblingen_30km,Anwendungsprogrammierer/in,36
2026-07-06,waiblingen_30km,CNC-Dreher/in,35
2026-07-06,waiblingen_30km,Industriekaufmann/-frau,34
2026-07-06,waiblingen_30km,Helfer/in - Elektro,33
2026-07-06,waiblingen_30km,Anlagenmechaniker/in,33
2026-07-06,waiblingen_30km,Kaufmännische Fachkraft,32
2026-07-06,waiblingen_30km,"Maschinen- und Anlagenführer/in - Metall-, Kunststofftechnik",32
2026-07-06,waiblingen_30km,Servicekraft - Gastronomie und Gastgewerbe,32
2026-07-06,waiblingen_30km,Zerspanungsmechaniker/in,31
2026-07-06,waiblingen_30km,CNC-Fräser/in,30
2026-07-06,waiblingen_30km,Heilerziehungspfleger/in,30
2026-07-06,waiblingen_30km,Finanzbuchhalter/in,30
2026-07-06,waiblingen_30km,Ingenieur/in - Bau,30
2026-07-06,waiblingen_30km,Pflegefachmann/-frau (Altenpflege),29
2026-07-06,waiblingen_30km,"Helfer/in - Kunststoff, Kautschuk",28
2026-07-06,waiblingen_30km,Altenpflegehelfer/in,28
2026-07-06,waiblingen_30km,Projektleiter/in,28
2026-07-06,waiblingen_30km,IT-Projektkoordinator/in,28
2026-07-06,waiblingen_30km,Fachinformatiker/in - Systemintegration,28
2026-07-06,waiblingen_30km,Elektroinstallateur/in,27
2026-07-06,waiblingen_30km,Vertriebsassistent/in,26
2026-07-06,waiblingen_30km,Physiotherapeut/in,26
2026-07-06,waiblingen_30km,Bauleiter/in,26
2026-07-06,waiblingen_30km,"Montagemechaniker/in, Anlagenmonteur/in",25
2026-07-06,waiblingen_30km,Restaurantfachmann/-frau,24
2026-07-06,waiblingen_30km,Controller/in,24
2026-07-06,waiblingen_30km,Bankkaufmann/-frau,24
2026-07-06,waiblingen_30km,Schweißer/in,24
2026-07-06,waiblingen_30km,Betreuungskraft / Alltagsbegleiter/in,23
2026-07-06,waiblingen_30km,Büroassistent/in,21
2026-07-06,waiblingen_30km,Ingenieur/in - Maschinenbau,21
2026-07-06,waiblingen_30km,Betriebsschlosser/in,21
2026-07-06,waiblingen_30km,Maler/in und Lackierer/in - Maler/in,21
2026-07-06,waiblingen_30km,Fachkrankenpfleger/in - Intensivpflege/Anästhesie,20
2026-07-06,waiblingen_30km,Kaufmann/-frau - Einzelhandel,20
2026-07-06,waiblingen_30km,Softwareentwickler/in,20
2026-07-06,waiblingen_30km,Tischler/in,20
2026-07-06,waiblingen_30km,Gebäudereiniger/in,20
2026-07-06,waiblingen_30km,Kraftfahrzeugmechaniker/in,19
2026-07-06,waiblingen_30km,Operationstechnische/r Assistent/in,18
2026-07-06,waiblingen_30km,Feinwerkmechaniker/in,18
2026-07-06,waiblingen_30km,Steuerfachangestellte/r,18
2026-07-06,waiblingen_30km,Betriebswirt/in (Hochschule),18
2026-07-06,waiblingen_30km,Außendienstmitarbeiter/in,17
2026-07-06,waiblingen_30km,Einkäufer/in,17
2026-07-06,waiblingen_30km,Personalsachbearbeiter/in,17
2026-07-06,waiblingen_30km,Helfer/in - Hauswirtschaft,17
2026-07-06,waiblingen_30km,Kaufmann/-frau - Spedition und Logistikdienstleistung,17
2026-07-06,waiblingen_30km,Zahnmedizinische/r Fachangestellte/r,17
2026-07-06,waiblingen_30km,Pflegefachmann/-frau (Gesundheits- und Krankenpflege),17
2026-07-06,waiblingen_30km,Friseur/in,17
2026-07-06,waiblingen_30km,Industrieelektriker/in - Betriebstechnik,16
2026-07-06,waiblingen_30km,Sachbearbeiter/in - Logistik,16
2026-07-06,waiblingen_30km,Lohn- und Gehaltsbuchhalter/in,16
2026-07-06,waiblingen_30km,Fachkraft - Brief- und Frachtverkehr,16
2026-07-06,waiblingen_30km,Sales-Manager/in,16
2026-07-06,waiblingen_30km,Ergotherapeut/in,16
2026-07-06,waiblingen_30km,Löter/in,15
2026-07-06,waiblingen_30km,Qualitätskontrolleur/in,15
2026-07-06,waiblingen_30km,Hausmeister/in,15
2026-07-06,waiblingen_30km,Speditionskaufmann/-frau,15
2026-07-06,waiblingen_30km,Pflegeassistent/in,15
2026-07-06,waiblingen_30km,Arzt/Ärztin,15
2026-07-06,waiblingen_30km,Verwaltungswirt/in / Verwaltungsbetriebswirt/in,14
2026-07-06,waiblingen_30km,Hauswirtschafter/in,14
2026-07-06,waiblingen_30km,Elektroniker/in - Geräte und Systeme,14
2026-07-06,waiblingen_30km,Konstruktionsmechaniker/in,14
2026-07-06,waiblingen_30km,"Helfer/in - Papier, Verpackung",14
2026-07-06,waiblingen_30km,Maschineneinrichter/in (allgemein),14
2026-07-06,waiblingen_30km,Auslieferungsfahrer/in (nicht Verkaufsfahrer/in),14
2026-07-06,waiblingen_30km,Ingenieur/in - Fahrzeugtechnik,14
2026-07-06,waiblingen_30km,Gärtner/in - Garten- und Landschaftsbau,13
2026-07-06,waiblingen_30km,Elektroanlagenmonteur/in,13
2026-07-06,waiblingen_30km,Architekt/in,13
2026-07-06,waiblingen_30km,CNC-Fachkraft/NC-Anwendungsfachmann/-frau,13
2026-07-06,waiblingen_30km,Elektrofachkraft für festgelegte Tätigkeiten,13
2026-07-06,waiblingen_30km,Elektroniker/in - Automatisierungstechnik,12
2026-07-06,waiblingen_30km,Verwaltungsfachangestellte/r - Kommunalverwaltung,12
2026-07-06,waiblingen_30km,Metallbauer/in - Konstruktionstechnik,12
2026-07-06,waiblingen_30km,Sozialpädagogische/r Assistent/in / Kinderpfleger/in,12
2026-07-06,waiblingen_30km,Projektassistent/in,12
2026-07-06,waiblingen_30km,Werkzeugmechaniker/in,12
2026-07-06,waiblingen_30km,Account-Manager/in,12
2026-07-06,waiblingen_30km,Einzelhandelskaufmann/-frau,11
2026-07-06,waiblingen_30km,Steuerberater/in,11
2026-07-06,waiblingen_30km,Sekretär/in,11
2026-07-06,waiblingen_30km,Wartungs- und Servicetechniker/in - Maschinenbau,11
2026-07-06,waiblingen_30km,ERP-Berater/in - ERP-Consultant,11
2026-07-06,waiblingen_30km,Helfer/in - Metallbau,11
2026-07-06,waiblingen_30km,IT-Administrator/in,11
2026-07-06,waiblingen_30km,Personaldisponent/in,10
2026-07-06,waiblingen_30km,Kraftfahrzeugmechatroniker/in - Personenkraftwagentechnik,10
2026-07-06,waiblingen_30km,Fahrer/in - Personenbeförderung,10
2026-07-06,waiblingen_30km,Personalreferent/in,10
2026-07-06,waiblingen_30km,Vertriebsberater/in,10
2026-07-06,waiblingen_30km,Kaufmann/-frau - Bürokommunikation,10
2026-07-06,waiblingen_30km,Metallbearbeiter/in,10
2026-07-06,waiblingen_30km,Forschungs- und Entwicklungsingenieur/in,10
2026-07-06,waiblingen_30km,Produktionsfachkraft Chemie,10
2026-07-06,waiblingen_30km,Wirtschaftsingenieur/in,10
2026-07-06,waiblingen_30km,Cloud-Architect,10
2026-07-06,waiblingen_30km,"Helfer/in - Kurier-, Zustell- und Postdienstleistungen",10
2026-07-06,waiblingen_30km,Lackierer/in - Spritzlackierung,9
2026-07-06,waiblingen_30km,Automobilkaufmann/-frau,9
2026-07-06,waiblingen_30km,Helfer/in - Fahrzeugbau und -instandhaltung,9
2026-07-06,waiblingen_30km,Empfangskraft,9
2026-07-06,waiblingen_30km,Kassierer/in (Handel),9
2026-07-06,waiblingen_30km,Bilanzbuchhalter/in/Bachelor Professional in Bilanzbuchhaltung,9
2026-07-06,waiblingen_30km,Ingenieur/in - Automatisierungstechnik,9
2026-07-06,waiblingen_30km,Servicetechniker/in - IT,9
2026-07-06,waiblingen_30km,Fachverkäufer/in - Lebensmittelhandwerk (Bäckerei),9
2026-07-06,waiblingen_30km,Betriebswirt/in (Hochschule) - Personalmanagement,9
2026-07-06,waiblingen_30km,Pflegefachmann/-frau (Ausbildung),9
2026-07-06,waiblingen_30km,Industrieelektriker/in - Geräte und Systeme,8
2026-07-06,waiblingen_30km,Logistiker/in,8
2026-07-06,waiblingen_30km,Empfangsmitarbeiter/in (Hotel),8
2026-07-06,waiblingen_30km,"Helfer/in - Maschinenbau, Betriebstechnik",8
2026-07-06,waiblingen_30km,"Kundendienstmonteur/in, -techniker/in",8
2026-07-06,waiblingen_30km,Schulbegleiter/in,8
2026-07-06,waiblingen_30km,Fachverkäufer/in - Lebensmittelhandwerk (Fleischerei),8
2026-07-06,waiblingen_30km,Erzieher/in - Jugend- und Heimerziehung,8
2026-07-06,waiblingen_30km,Hauswart/in/Haustechniker/in,8
2026-07-06,waiblingen_30km,Wirtschaftsinformatiker/in (Hochschule),8
2026-07-06,waiblingen_30km,Industriereiniger/in (Gebäudereinigung),8
2026-07-06,waiblingen_30km,Personalberater/in,8
2026-07-06,waiblingen_30km,Key-Account-Manager/in,8
2026-07-06,waiblingen_30km,Logopäde/Logopädin,8
2026-07-06,waiblingen_30km,Gesundheits- und Krankenpflegehelfer/in,8
2026-07-06,waiblingen_30km,Zahnarzt/-ärztin,8
2026-07-06,waiblingen_30km,Rechtsanwaltsfachangestellte/r,8
2026-07-06,waiblingen_30km,Helfer/in - Lebensmittelherstellung,8
2026-07-06,waiblingen_30km,Gesundheits- und Kinderkrankenpfleger/in,8
2026-07-06,waiblingen_30km,Rechtsanwalt/Rechtsanwältin,8
2026-07-06,waiblingen_30km,Ingenieur/in - Luft- und Raumfahrttechnik,8
2026-07-06,waiblingen_30km,Fachberater/in - Bau- und Heimwerkermärkte,7
2026-07-06,waiblingen_30km,Recruiter/in,7
2026-07-06,waiblingen_30km,Fachberater/in - Vertrieb,7
2026-07-06,waiblingen_30km,Netzwerk-Servicetechniker/in,7
2026-07-06,waiblingen_30km,Pflegedienstleiter/in,7
2026-07-06,waiblingen_30km,Servicefahrer/in,7
2026-07-06,waiblingen_30km,Elektrotechnikermeister/in/Bachelor Professional im Elektrotechniker-Handwerk,7
2026-07-06,waiblingen_30km,Verwaltungsangestellte/r - gehobener Dienst,7
2026-07-06,waiblingen_30km,Verkaufsberater/in,7
2026-07-06,waiblingen_30km,Facharzt/-ärztin - Innere Medizin,7
2026-07-06,waiblingen_30km,WIG-Schweißer/in,7
2026-07-06,waiblingen_30km,Facility-Manager/in,7
2026-07-06,waiblingen_30km,Helfer/in - Gastgewerbe,7
2026-07-06,waiblingen_30km,DevOps Engineer,7
2026-07-06,waiblingen_30km,Jurist/in,7
2026-07-06,waiblingen_30km,Helfer/in - Altenpflege/Persönliche Assistenz,7
2026-07-06,waiblingen_30km,Verfahrensmechaniker/in - Kunststoff- und Kautschuktechnik (mit Schwerpunkten),7
2026-07-06,waiblingen_30km,Kinderbetreuer/in,6
2026-07-06,waiblingen_30km,Event-Manager/in,6
2026-07-06,waiblingen_30km,Elektroniker/in - Gebäude- und Infrastruktursysteme,6
2026-07-06,waiblingen_30km,Anästhesietechnische/r Assistent/in,6
2026-07-06,waiblingen_30km,Fachkraft - Logistik/Materialwirtschaft,6
2026-07-06,waiblingen_30km,Qualitätsmanager/in,6
2026-07-06,waiblingen_30km,Küchenchef/in,6
2026-07-06,waiblingen_30km,Zahnmedizinische/r Prophylaxeassistent/in,6
2026-07-06,waiblingen_30km,Rollladen- und Sonnenschutzmechatroniker/in,6
2026-07-06,waiblingen_30km,Vorarbeiter/in - Reinigung,6
2026-07-06,waiblingen_30km,Fachkraft - Qualitätssicherung/-management,6
2026-07-06,waiblingen_30km,Sachbearbeiter/in - Einkauf,6
2026-07-06,waiblingen_30km,Abfüller/in,6
2026-07-06,waiblingen_30km,Tiefbaufacharbeiter/in (ohne Angabe des Schwerpunkts),6
2026-07-06,waiblingen_30km,Versicherungsberater/in,6
2026-07-06,waiblingen_30km,Zahntechniker/in,6
2026-07-06,waiblingen_30km,Bereichsleiter/in,6
2026-07-06,waiblingen_30km,Kraftfahrzeugtechnikermeister/in/Bachelor Professional im Kraftfahrzeugtechniker-Handwerk,6
2026-07-06,waiblingen_30km,Projektingenieur/in,6
2026-07-06,waiblingen_30km,Kartenverkäufer/in,6
2026-07-06,waiblingen_30km,IT-Qualitätssicherungskoordinator/in,6
2026-07-06,waiblingen_30km,Objektverwalter/in (Immobilien),6
2026-07-06,waiblingen_30km,IT-Sicherheitskoordinator/in,6
2026-07-06,waiblingen_30km,Kindergartenleiter/in,6
2026-07-06,waiblingen_30km,Business-Analyst/in,6
2026-07-06,waiblingen_30km,Kundendienstberater/in,6
2026-07-06,waiblingen_30km,Industriemeister/in - Elektrotechnik,6
2026-07-06,waiblingen_30km,Qualitätsingenieur/in,6
2026-07-06,waiblingen_30km,IT-Projektleiter/in (Weiterbildung/Ausbildung),6
2026-07-06,waiblingen_30km,Vertriebsingenieur/in,6
2026-07-06,waiblingen_30km,IT-Kundenbetreuer/in,6
2026-07-06,waiblingen_30km,Automobilmechaniker/in,6
2026-07-06,waiblingen_30km,Industriemeister/in - Metall,6
2026-07-06,waiblingen_30km,Maschinenzusammensetzer/in,6
2026-07-06,waiblingen_30km,Bäcker/in,6
2026-07-06,waiblingen_30km,IT-Tester/in,6
2026-07-06,waiblingen_30km,EDV-Sachbearbeiter/in,5
2026-07-06,waiblingen_30km,Geprüfte Schutz- und Sicherheitskraft (IHK),5
2026-07-06,waiblingen_30km,Schweißer/in - Konstruktionstechnik,5
2026-07-06,waiblingen_30km,Fachkraft - Kreislauf- und Abfallwirtschaft,5
2026-07-06,waiblingen_30km,"Helfer/in - Büro, Verwaltung",5
2026-07-06,waiblingen_30km,Instandhaltungstechniker/in,5
2026-07-06,waiblingen_30km,Automobil-Serviceberater/in,5
2026-07-06,waiblingen_30km,Werkzeugmacher/in,5
2026-07-06,waiblingen_30km,Stuckateur/in,5
2026-07-06,waiblingen_30km,Medizinisch-technische/r Radiologieassistent/in,5
2026-07-06,waiblingen_30km,Beikoch/-köchin,5
2026-07-06,waiblingen_30km,Baumaschinenführer/in,5
2026-07-06,waiblingen_30km,Facharzt/-ärztin - Arbeitsmedizin,5
2026-07-06,waiblingen_30km,Gärtnermeister/in - Garten- und Landschaftsbau,5
2026-07-06,waiblingen_30km,Promoter/in,5
2026-07-06,waiblingen_30km,"Helfer/in - Malerei, Lackiererei",5
2026-07-06,waiblingen_30km,Fullstack-Entwickler/in,5
2026-07-06,waiblingen_30km,Helfer/in - Metalloberflächenbearbeitung,5
2026-07-06,waiblingen_30km,Mechatroniker/in - Kältetechnik,5
2026-07-06,waiblingen_30km,MAG-Schweißer/in,5
2026-07-06,waiblingen_30km,Assistenzarzt/-ärztin,5
2026-07-06,waiblingen_30km,"Kundenberater/in (Bank, Sparkasse)",5
2026-07-06,waiblingen_30km,"Fachverkäufer/in - Textilien, Bekleidung",5
2026-07-06,waiblingen_30km,Elektroniker/in - Automatisierungs- und Systemtechnik,5
2026-07-06,waiblingen_30km,Assistent/in/Fachkraft - Rechnungswesen,5
2026-07-06,waiblingen_30km,Bauelektriker/in,5
2026-07-06,waiblingen_30km,Leiter/in - Vertrieb,5
2026-07-06,waiblingen_30km,Testingenieur/in,5
2026-07-06,waiblingen_30km,Unternehmensberater/in,5
2026-07-06,waiblingen_30km,Sicherheitsmitarbeiter/in,5
2026-07-06,waiblingen_30km,CNC-Schleifer/in,5
2026-07-06,waiblingen_30km,Zentralheizungs- und Lüftungsbauer/in,5
2026-07-06,waiblingen_30km,Fachkinderkrankenpfleger/in - Intensivpflege/Anästhesie,5
2026-07-06,waiblingen_30km,Techniker/in - Bautechnik (ohne Schwerpunkt)/Bachelor Professional in Technik,4
2026-07-06,waiblingen_30km,Berater/in - Immobilienfinanzierung,4
2026-07-06,waiblingen_30km,Fachlehrkraft - Förderschulen,4
2026-07-06,waiblingen_30km,Vertriebstechniker/in,4
2026-07-06,waiblingen_30km,Helfer/in - Chemie- und Pharmatechnik,4
2026-07-06,waiblingen_30km,Kreditsachbearbeiter/in,4
2026-07-06,waiblingen_30km,Fahrzeuglackierer/in,4
2026-07-06,waiblingen_30km,"Helfer/in - Feinmechanik, Werkzeugbau",4
2026-07-06,waiblingen_30km,Dreher/in,4
2026-07-06,waiblingen_30km,Verfahrensmechaniker/in - Kunststoff- und Kautschuktechnik - Formteile,4
2026-07-06,waiblingen_30km,Zimmerer/Zimmerin,4
2026-07-06,waiblingen_30km,Marketingfachkraft/-assistent/in,4
2026-07-06,waiblingen_30km,Verfahrensmechaniker/in - Kunststoff- und Kautschuktechnik - Bauteile,4
2026-07-06,waiblingen_30km,Disponent/in - Güterverkehr,4
2026-07-06,waiblingen_30km,Operationstechnische/r Angestellte/r,4
2026-07-06,waiblingen_30km,Physiker/in,4
2026-07-06,waiblingen_30km,Bautischler/in,4
2026-07-06,waiblingen_30km,Dachdecker/in,4
2026-07-06,waiblingen_30km,Fitnesstrainer/in,4
2026-07-06,waiblingen_30km,Augenoptiker/in,4
2026-07-06,waiblingen_30km,Büfettkraft,4
2026-07-06,waiblingen_30km,Assistent/in - Logistik,4
2026-07-06,waiblingen_30km,Helfer/in - Ausbau,4
2026-07-06,waiblingen_30km,Immobilienkaufmann/-frau,4
2026-07-06,waiblingen_30km,Helfer/in - Ver- und Entsorgung,4
2026-07-06,waiblingen_30km,Nachhaltigkeitsmanager/in,4
2026-07-06,waiblingen_30km,Mechaniker/in - Karosserieinstandhaltungstechnik,4
2026-07-06,waiblingen_30km,Facharzt/-ärztin - Allgemeinmedizin (Hausarzt/-ärztin),4
2026-07-06,waiblingen_30km,Sozialassistent/in,4
2026-07-06,waiblingen_30km,Schleifer/in,4
2026-07-06,waiblingen_30km,Fachkraft - Metalltechnik - Montagetechnik,4
2026-07-06,waiblingen_30km,Tischlermeister/in/Bachelor Professional im Tischler-Handwerk,4
2026-07-06,waiblingen_30km,Beamter/Beamtin - Allgemeine Innere Verwaltung (gehobener nichttechnischer Dienst),4
2026-07-06,waiblingen_30km,Pizzabäcker/in,4
2026-07-06,waiblingen_30km,Arbeitsvorbereiter/in,4
2026-07-06,waiblingen_30km,Verkaufssachbearbeiter/in,4
2026-07-06,waiblingen_30km,Leiter/in - Einkauf,4
2026-07-06,waiblingen_30km,Servicetechniker/in - Sicherheits-/Alarmanlagen,4
2026-07-06,waiblingen_30km,"Vorarbeiter/in - Sanitär-, Heizungs- und Klimatechnik",4
2026-07-06,waiblingen_30km,Chemielaborant/in,4
2026-07-06,waiblingen_30km,IT-Compliance-Consultant,4
2026-07-06,waiblingen_30km,Fachkraft - Marketing/Verkauf/Vertrieb,4
2026-07-06,waiblingen_30km,Content-Manager/in,4
2026-07-06,waiblingen_30km,Kunststoff-Formgeber/in,4
2026-07-06,waiblingen_30km,Fachkraft - Mechatronik,4
2026-07-06,waiblingen_30km,Chemisch-technische/r Assistent/in,4
2026-07-06,waiblingen_30km,Betriebswirt/in (Hochschule) - Marketing,4
2026-07-06,waiblingen_30km,Einrichtungsfachberater/in/Bachelor Professional in Wirtschaft,4
2026-07-06,waiblingen_30km,Klempner/in und Installateur/in,4
2026-07-06,waiblingen_30km,Kraftfahrzeugmechatroniker/in - Nutzfahrzeugtechnik,4
2026-07-06,waiblingen_30km,Jugendreferent/in,4
2026-07-06,waiblingen_30km,Stationsleiter/in - Kranken-/Alten-/Kinderkrankenpflege,4
2026-07-06,waiblingen_30km,Netzwerkadministrator/in,4
2026-07-06,waiblingen_30km,Masseur/in und medizinische/r Bademeister/in,4
2026-07-06,waiblingen_30km,Inbetriebnahmetechniker/in - Elektrotechnik,4
2026-07-06,waiblingen_30km,"Helfer/in - Klempnerei, Installation",4
2026-07-06,waiblingen_30km,Kommunikationselektroniker/in - Telekommunikationstechnik,4
2026-07-06,waiblingen_30km,"Fachkraft - Möbel-, Küchen- und Umzugsservice",4
2026-07-06,waiblingen_30km,First-Level-Supporter/in,4
2026-07-06,waiblingen_30km,Pädagogische Fachkraft - Grundschulkindbetreuung,4
2026-07-06,waiblingen_30km,Fuhrparkleiter/in,4
2026-07-06,waiblingen_30km,IT-Manager/in,4
2026-07-06,waiblingen_30km,Fahrzeugpfleger/in,4
2026-07-06,waiblingen_30km,Fachkraft - Lagerwirtschaft,4
2026-07-06,waiblingen_30km,"Ingenieur/in - Informations-, Kommunikationstechnik",4
2026-07-06,waiblingen_30km,Konditor/in,4
2026-07-06,waiblingen_30km,Telefonist/in,4
2026-07-06,waiblingen_30km,Mechaniker/in - Land- und Baumaschinentechnik,4
2026-07-06,waiblingen_30km,Lehrer/in/Dozent/in - Erwachsenenbildung,3
2026-07-06,waiblingen_30km,Pädagoge/Pädagogin,3
2026-07-06,waiblingen_30km,Friseurmeister/in/Bachelor Professional im Friseur-Handwerk,3
2026-07-06,waiblingen_30km,Florist/in,3
2026-07-06,waiblingen_30km,Fachverkäufer/in - Nahrungsmittelhandwerk (Bäckerei/Konditorei),3
2026-07-06,waiblingen_30km,Pflegeassistent/in (Gesundheits- und Krankenpflege),3
2026-07-06,waiblingen_30km,Kinderpflegehelfer/in,3
2026-07-06,waiblingen_30km,Vorarbeiter/in - Tiefbau,3
2026-07-06,waiblingen_30km,Testfahrer/in,3
2026-07-06,waiblingen_30km,Leiter/in - Logistik,3
2026-07-06,waiblingen_30km,EDV-Fachkraft,3
2026-07-06,waiblingen_30km,Bauzeichner/in,3
2026-07-06,waiblingen_30km,Warenannehmer/in,3
2026-07-06,waiblingen_30km,Gerüstbauer/in,3
2026-07-06,waiblingen_30km,Heilpädagoge/-pädagogin,3
2026-07-06,waiblingen_30km,Bauwerksabdichter/in,3
2026-07-06,waiblingen_30km,"Techniker/in - Heizungs-, Lüftungs-, Klimatechnik/Bachelor Professional in Technik",3
2026-07-06,waiblingen_30km,Facharzt/-ärztin - Innere Medizin und Endokrinologie und Diabetologie,3
2026-07-06,waiblingen_30km,Ingenieur/in - Energietechnik,3
2026-07-06,waiblingen_30km,IT-Vertriebsbeauftragte/r,3
2026-07-06,waiblingen_30km,Leiter/in - Verkauf (Handel),3
2026-07-06,waiblingen_30km,Innendienstleiter/in,3
2026-07-06,waiblingen_30km,Fachverkäufer/in - Nahrungsmittel,3
2026-07-06,waiblingen_30km,Leiter/in - Gastronomiebetrieb,3
2026-07-06,waiblingen_30km,Kommunikationswissenschaftler/in,3
2026-07-06,waiblingen_30km,Maler/in und Lackierer/in - Gestaltung und Instandhaltung,3
2026-07-06,waiblingen_30km,Fachkrankenpfleger/in - Nephrologie,3
2026-07-06,waiblingen_30km,Betriebswirt/in (Hochschule) - Steuern und Prüfungswesen,3
2026-07-06,waiblingen_30km,Bestattungsfachkraft,3
2026-07-06,waiblingen_30km,Niederlassungsleiter/in,3
2026-07-06,waiblingen_30km,"Helfer/in - Metallerzeugung, Gießerei",3
2026-07-06,waiblingen_30km,Verkäufer/in - Nahrungsmittelhandwerk,3
2026-07-06,waiblingen_30km,Nachtwache - Pflege,3
2026-07-06,waiblingen_30km,Maschinen- und Anlagenführer/in - Lebensmitteltechnik,3
2026-07-06,waiblingen_30km,Empfangschef/in (Hotel),3
2026-07-06,waiblingen_30km,Geschäftsführer/in,3
2026-07-06,waiblingen_30km,Klempner/in,3
2026-07-06,waiblingen_30km,Kaufmann/-frau - Versicherungen und Finanzanlagen,3
2026-07-06,waiblingen_30km,Supply-Chain-Manager/in,3
2026-07-06,waiblingen_30km,Technische/r Einkäufer/in,3
2026-07-06,waiblingen_30km,Fachkraft - Schutz und Sicherheit,3
2026-07-06,waiblingen_30km,Kaufmann/-frau - Einzelhandel (Sportartikel),3
2026-07-06,waiblingen_30km,Fachkaufmann/-frau - Einkauf und Logistik,3
2026-07-06,waiblingen_30km,Brandschutzfachkraft (Brandschutzmonteur/in),3
2026-07-06,waiblingen_30km,KI-Engineer,3
2026-07-06,waiblingen_30km,Information-Architect,3
2026-07-06,waiblingen_30km,Vertriebs-Geschäftsführer/in,3
2026-07-06,waiblingen_30km,Kaufmann/-frau - Groß- und Außenhandel (Großhandel),3
2026-07-06,waiblingen_30km,Wirtschaftsjurist/in,3
2026-07-06,waiblingen_30km,Fachkaufmann/-frau - Vertrieb,3
2026-07-06,waiblingen_30km,Verfahrensmechaniker/in - Beschichtungstechnik,3
2026-07-06,waiblingen_30km,Metallbauer/in - Anlagen- und Fördertechnik,3
2026-07-06,waiblingen_30km,Fachkraft - Kindertageseinrichtungen,3
2026-07-06,waiblingen_30km,Kindheitspädagoge/-pädagogin,3
2026-07-06,waiblingen_30km,Praxisanleiter/in - Pflegeberufe,3
2026-07-06,waiblingen_30km,Maler/in und Tapezierer/in,3
2026-07-06,waiblingen_30km,Kaufmann/-frau - Versicherungen und Finanzen - Versicherung,3
2026-07-06,waiblingen_30km,Datenbankentwickler/in,3
2026-07-06,waiblingen_30km,Werkstattleiter/in,3
2026-07-06,waiblingen_30km,Biologisch-technische/r Assistent/in,3
2026-07-06,waiblingen_30km,Compliance-Manager/in,3
2026-07-06,waiblingen_30km,Fachverkäufer/in - Kraftfahrzeuge,3
2026-07-06,waiblingen_30km,Produktmanager/in,3
2026-07-06,waiblingen_30km,Disponent/in - Lager,3
2026-07-06,waiblingen_30km,Beton- und Stahlbetonbauer/in,3
2026-07-06,waiblingen_30km,Data-Consultant,3
2026-07-06,waiblingen_30km,Fachkraft - Gastronomie,3
2026-07-06,waiblingen_30km,Ingenieur/in - Versorgungstechnik,3
2026-07-06,waiblingen_30km,Hotelfachmann/-frau,3
2026-07-06,waiblingen_30km,Schilder- und Lichtreklamehersteller/in,3
2026-07-06,waiblingen_30km,Assistent/in - Personalwesen,3
2026-07-06,waiblingen_30km,Fachwirt/in - Facility-Management,3
2026-07-06,waiblingen_30km,Kalkulator/in,3
2026-07-06,waiblingen_30km,Kosmetiker/in,3
2026-07-06,waiblingen_30km,Elektromechaniker/in,3
2026-07-06,waiblingen_30km,Werkzeugmechaniker/in - Formentechnik,3
2026-07-06,waiblingen_30km,Fachkaufmann/-frau - Personal,3
2026-07-06,waiblingen_30km,Elektroniker/in - Automatisierungstechnik (Handwerk),3
2026-07-06,waiblingen_30km,Technische/r Systemplaner/in - Versorgungs- und Ausrüstungstechnik,3
2026-07-06,waiblingen_30km,Produktionstechnologe/-technologin,3
2026-07-06,waiblingen_30km,Betriebswirt/in (Fachschule) - Projektmanagement,3
2026-07-06,waiblingen_30km,Bauleitende/r Monteur/in,3
2026-07-06,waiblingen_30km,Verkehrsplaner/in,3
2026-07-06,waiblingen_30km,Meister/in - Ausbau und Trockenbau,3
2026-07-06,waiblingen_30km,Krankenschwester/-pfleger,3
2026-07-06,waiblingen_30km,Arzthelfer/in,3
2026-07-06,waiblingen_30km,Helfer/in - Hotel,3
2026-07-06,waiblingen_30km,Leiter/in - Risikomanagement,3
2026-07-06,waiblingen_30km,BIM-Manager/in,3
2026-07-06,waiblingen_30km,Pharmazeutisch-technische/r Assistent/in,3
2026-07-06,waiblingen_30km,Verwaltungswissenschaftler/in,3
2026-07-06,waiblingen_30km,Helfer/in - stationäre Krankenpflege,3
2026-07-06,waiblingen_30km,Spielhallenaufsicht,3
2026-07-06,waiblingen_30km,Personaldienstleistungskaufmann/-frau,3
2026-07-06,waiblingen_30km,Wirtschaftsprüfer/in,3
2026-07-06,waiblingen_30km,Konstrukteur/in - Elektrotechnik,3
2026-07-06,waiblingen_30km,Agiler Coach / Scrum Master,3
2026-07-06,waiblingen_30km,Fräser/in,2
2026-07-06,waiblingen_30km,Berufseinstiegsbegleiter/in,2
2026-07-06,waiblingen_30km,Elektroniker/in - Maschinen und Antriebstechnik (Ausbildung bis 2021),2
2026-07-06,waiblingen_30km,Qualitätssicherungstechniker/in,2
2026-07-06,waiblingen_30km,Kaufmännische/r Assistent/in/Wirtschaftsassistent/in - E-Business Management,2
2026-07-06,waiblingen_30km,Immobilienmakler/in,2
2026-07-06,waiblingen_30km,Karosserie- und Fahrzeugbaumechaniker/in - Fahrzeugbautechnik,2
2026-07-06,waiblingen_30km,Techniker/in - Maschinentechnik (Fertigungstechnik)/Bachelor Professional in Technik,2
2026-07-06,waiblingen_30km,"Fliesen-, Platten- und Mosaiklegermeister/in/Bachelor Professional im Fliesen-, Platten- und Mosaikleger-Handwerk",2
2026-07-06,waiblingen_30km,Konstrukteur/in - Maschinen-/Anlagentechnik,2
2026-07-06,waiblingen_30km,Medientechnologe/-technologin Druckverarbeitung,2
2026-07-06,waiblingen_30km,Meister/in - Veranstaltungstechnik (Beleuchtung),2
2026-07-06,waiblingen_30km,Polier/in - Tiefbau,2
2026-07-06,waiblingen_30km,Lackierer/in - Holz und Metall,2
2026-07-06,waiblingen_30km,Techniker/in - Informatik (Nachhaltige Digitalisierung)/Bachelor Professional in Technik,2
2026-07-06,waiblingen_30km,Fachkraft - Veranstaltungstechnik (mit Schwerpunkten),2
2026-07-06,waiblingen_30km,Lehrer/in - Förderschulen,2
2026-07-06,waiblingen_30km,Helfer/in - Tiefbau,2
2026-07-06,waiblingen_30km,Fachkraft - Gastronomie (Restaurantservice),2
2026-07-06,waiblingen_30km,Baugeräteführer/in,2
2026-07-06,waiblingen_30km,Bar-Chef/in,2
2026-07-06,waiblingen_30km,Podologe/Podologin,2
2026-07-06,waiblingen_30km,Energieelektroniker/in - Anlagentechnik,2
2026-07-06,waiblingen_30km,Zerspanungsmechaniker/in - Automaten-Drehtechnik,2
2026-07-06,waiblingen_30km,Chef de rang,2
2026-07-06,waiblingen_30km,Fachwirt/in - Steuer,2
2026-07-06,waiblingen_30km,Aktuar/in,2
2026-07-06,waiblingen_30km,Objektleiter/in (Gebäudereinigung),2
2026-07-06,waiblingen_30km,Fachkrankenpfleger/in - Psychiatrie,2
2026-07-06,waiblingen_30km,Kälteanlagenbauer/in,2
2026-07-06,waiblingen_30km,"Fliesen-, Platten- und Mosaikleger/in",2
2026-07-06,waiblingen_30km,Betriebsleiter/in - Hotel und Gaststätten/Bachelor Professional in Hauswirtschaft,2
2026-07-06,waiblingen_30km,Hauswirtschafter/in - Personenbetreuende Dienstleistungen,2
2026-07-06,waiblingen_30km,Dienstwagenfahrer/in,2
2026-07-06,waiblingen_30km,Zweiradmechaniker/in - Motorradtechnik,2
2026-07-06,waiblingen_30km,Hörakustiker/in,2
2026-07-06,waiblingen_30km,Chefarzt/-ärztin,2
2026-07-06,waiblingen_30km,Finanzwirt/in,2
2026-07-06,waiblingen_30km,Holzmechaniker/in - Möbelbau und Innenausbau,2
2026-07-06,waiblingen_30km,Gerätezusammensetzer/in,2
2026-07-06,waiblingen_30km,Volkswirt/in,2
2026-07-06,waiblingen_30km,Feinwerkmechaniker/in - Werkzeugbau,2
2026-07-06,waiblingen_30km,Business-Intelligence-Consultant,2
2026-07-06,waiblingen_30km,Maurer/in,2
2026-07-06,waiblingen_30km,Rohrleitungsbauer/in,2
2026-07-06,waiblingen_30km,Straßenbauer/in,2
2026-07-06,waiblingen_30km,Psychologe/Psychologin,2
2026-07-06,waiblingen_30km,Helfer/in - Textilherstellung,2
2026-07-06,waiblingen_30km,Kundenberater/in - Tischlerhandwerk,2
2026-07-06,waiblingen_30km,Techniker/in - Kältetechnik/Bachelor Professional in Technik,2
2026-07-06,waiblingen_30km,Night-Auditor,2
2026-07-06,waiblingen_30km,Fachkraft - Veranstaltungstechnik,2
2026-07-06,waiblingen_30km,Medizinisch-technische/r Laboratoriumsassistent/in,2
2026-07-06,waiblingen_30km,Eurokaufmann/-frau,2
2026-07-06,waiblingen_30km,Schadensregulierer/in (Versicherung),2
2026-07-06,waiblingen_30km,Industriemechaniker/in - Betriebstechnik,2
2026-07-06,waiblingen_30km,Employer-Branding-Manager/in,2
2026-07-06,waiblingen_30km,Ingenieur/in - Umweltschutz/Umwelttechnik,2
2026-07-06,waiblingen_30km,Verkehrsbauingenieur/in,2
2026-07-06,waiblingen_30km,Tankwagenfahrer/in,2
2026-07-06,waiblingen_30km,Betriebswirt/in (Fachschule) - Absatz/Marketing/Bachelor Professional in Wirtschaft,2
2026-07-06,waiblingen_30km,Tierarzt/-ärztin - Haus- und Heimtiere,2
2026-07-06,waiblingen_30km,Reiseberater/in (Bahn),2
2026-07-06,waiblingen_30km,Energiemanager/in,2
2026-07-06,waiblingen_30km,Application-Engineer/-Manager/in,2
2026-07-06,waiblingen_30km,Schädlingsbekämpfer/in,2
2026-07-06,waiblingen_30km,Wirtschaftsinformatiker/in - IT-Systeme,2
2026-07-06,waiblingen_30km,Glaser/in - Fenster- und Glasfassadenbau,2
2026-07-06,waiblingen_30km,Callcenteragent/in,2
2026-07-06,waiblingen_30km,Medientechnologe/-technologin Druck,2
2026-07-06,waiblingen_30km,Leiter/in - Projekt-/Programmmanagement,2
2026-07-06,waiblingen_30km,Lehrkraft - Schulen im Gesundheitswesen,2
2026-07-06,waiblingen_30km,"Verwaltungsangestellte/r - Krankenkassen, Krankenhäuser, Kliniken",2
2026-07-06,waiblingen_30km,Fachwirt/in - Verwaltung,2
2026-07-06,waiblingen_30km,Tierarzt/Tierärztin,2
2026-07-06,waiblingen_30km,Second-Level-Supporter/in,2
2026-07-06,waiblingen_30km,Fachanwalt/-anwältin,2
2026-07-06,waiblingen_30km,Bildungsreferent/in,2
2026-07-06,waiblingen_30km,Fleischer/in,2
2026-07-06,waiblingen_30km,Kaufmann/-frau - Groß- und Außenhandel (Außenhandel),2
2026-07-06,waiblingen_30km,Bäckermeister/in/Bachelor Professional im Bäcker-Handwerk,2
2026-07-06,waiblingen_30km,Pädagogische/r Psychologe/Psychologin,2
2026-07-06,waiblingen_30km,Ingenieur/in - Gebäudetechnik/Facility-Management,2
2026-07-06,waiblingen_30km,Fachwirt/in - Einkauf/Bachelor Professional in Procurement,2
2026-07-06,waiblingen_30km,Gießereimechaniker/in,2
2026-07-06,waiblingen_30km,Geldwäschebeauftragte/r,2
2026-07-06,waiblingen_30km,Facharzt/-ärztin - Anästhesiologie,2
2026-07-06,waiblingen_30km,Beamter/Beamtin - Kommunalverwaltung (gehobener nichttechnischer Dienst),2
2026-07-06,waiblingen_30km,Industriemechaniker/in - Produktionstechnik,2
2026-07-06,waiblingen_30km,Interviewer/in,2
2026-07-06,waiblingen_30km,Fachinformatiker/in - Anwendungsentwicklung,2
2026-07-06,waiblingen_30km,Anlagenmechaniker/in - Schweißtechnik,2
2026-07-06,waiblingen_30km,Bauklempner/in,2
2026-07-06,waiblingen_30km,Lehrer/in (Uni) - Gesamtschulen,2
2026-07-06,waiblingen_30km,"Kaufmann/-frau - Einzelhandel (Diät- und Reformwaren, Lebensmittel)",2
2026-07-06,waiblingen_30km,Servicetechniker/in - Land- und Baumaschinen,2
2026-07-06,waiblingen_30km,Aerobic-Trainer/in,2
2026-07-06,waiblingen_30km,Baukalkulator/in,2
2026-07-06,waiblingen_30km,"Helfer/in - Holz, Flechtwaren",2
2026-07-06,waiblingen_30km,Berufstrainer/in - Sport,2
2026-07-06,waiblingen_30km,Gas- und Wasserinstallateur/in,2
2026-07-06,waiblingen_30km,Ingenieur/in - technische Informatik,2
2026-07-06,waiblingen_30km,Versicherungskaufmann/-frau,2
2026-07-06,waiblingen_30km,Betriebstechniker/in,2
2026-07-06,waiblingen_30km,Verwaltungsfachangestellte/r - Bundesverwaltung,2
2026-07-06,waiblingen_30km,Tiefbauingenieur/in,2
2026-07-06,waiblingen_30km,Ingenieur/in - Erneuerbare Energien,2
2026-07-06,waiblingen_30km,Fachkraft - Demontage,2
2026-07-06,waiblingen_30km,Fundraiser/in,2
2026-07-06,waiblingen_30km,Fachkraft - Wasserversorgungstechnik,2
2026-07-06,waiblingen_30km,Heilerziehungspfleger/in - Rehabilitation,2
2026-07-06,waiblingen_30km,Verkaufsleiter/in im Lebensmittelhandwerk,2
2026-07-06,waiblingen_30km,Kraftfahrzeug-Servicetechniker/in,2
2026-07-06,waiblingen_30km,Leiter/in - IT,2
2026-07-06,waiblingen_30km,Zahnmedizinische/r Verwaltungsassistent/in,2
2026-07-06,waiblingen_30km,Hauswirtschaftliche/r Betriebsleiter/in/Bachelor Professional in Wirtschaft,2
2026-07-06,waiblingen_30km,Agrarwissenschaftler/in / Agrarökonom/in,2
2026-07-06,waiblingen_30km,Arbeitserzieher/in,2
2026-07-06,waiblingen_30km,Werkstoffprüfer/in - Metalltechnik,2
2026-07-06,waiblingen_30km,Ingenieur/in - Verkehrswesen,2
2026-07-06,waiblingen_30km,Sicherheitstechniker/in (IT),2
2026-07-06,waiblingen_30km,Pflegepädagoge/-pädagogin,2
2026-07-06,waiblingen_30km,Sporttherapeut/in,2
2026-07-06,waiblingen_30km,Technische/r Fachwirt/in,2
2026-07-06,waiblingen_30km,Sozialwissenschaftler/in,2
2026-07-06,waiblingen_30km,Fachwirt/in - Marketing/Bachelor Professional in Marketing,2
2026-07-06,waiblingen_30km,CAD-Fachkraft - Maschinenbau,2
2026-07-06,waiblingen_30km,KI-Manager/in,2
2026-07-06,waiblingen_30km,HR Business Partner,2
2026-07-06,waiblingen_30km,Forschungsreferent/in,2
2026-07-06,waiblingen_30km,Berufsspezialist/in - ambulante medizinische Versorgung,2
2026-07-06,waiblingen_30km,Anlagenmechaniker/in - Versorgungstechnik,2
2026-07-06,waiblingen_30km,Reifenmonteur/in,2
2026-07-06,waiblingen_30km,Technical-Account-Manager/in,2
2026-07-06,waiblingen_30km,Fachkraft - Küche,2
2026-07-06,waiblingen_30km,Klinische Kodierfachkraft,2
2026-07-06,waiblingen_30km,Physiotherapeut/in (Sportphysiotherapie),2
2026-07-06,waiblingen_30km,Fachpflegekraft - Psychiatrie,2
2026-07-06,waiblingen_30km,Business-Development-Manager/in,2
2026-07-06,waiblingen_30km,Ingenieur/in - technische Gebäudeausrüstung,2
2026-07-06,waiblingen_30km,Helfer/in - Gartenbau,2
2026-07-06,waiblingen_30km,Küchenplaner/in,2
2026-07-06,waiblingen_30km,Kaufmann/-frau - Einzelhandel (Elektrogeräte),2
2026-07-06,waiblingen_30km,Forstwirt/in,2
2026-07-06,waiblingen_30km,Regulatory-Affairs-Manager/in,2
2026-07-06,waiblingen_30km,Kaufmann/-frau - IT-System-Management,2
2026-07-06,waiblingen_30km,Binnenschiffer/in,2
2026-07-06,waiblingen_30km,Fachkraft - Metalltechnik - Zerspanungstechnik,2
2026-07-06,waiblingen_30km,Technische/r Redakteur/in,2
2026-07-06,waiblingen_30km,Fertigungsplaner/in - Tischlerhandwerk,2
2026-07-06,waiblingen_30km,Cloud-Consultant,2
2026-07-06,waiblingen_30km,Chemikant/in,2
2026-07-06,waiblingen_30km,"Gruppen-, Teamleiter/in",2
2026-07-06,waiblingen_30km,Baukontrolleur/in (Sicherheitskontrolleur/in),1
2026-07-06,waiblingen_30km,Hotelkaufmann/-frau,1
2026-07-06,waiblingen_30km,Techniker/in - Gebäudesystemtechnik/Bachelor Professional in Technik,1
2026-07-06,waiblingen_30km,Karosseriebauer/in,1
2026-07-06,waiblingen_30km,Facharzt/-ärztin - Orthopädie und Unfallchirurgie,1
2026-07-06,waiblingen_30km,Elektroniker/in - Maschinen und Antriebstechnik (BBiG),1
2026-07-06,waiblingen_30km,Verwaltungsfachangestellte/r - HWK und IHK,1
2026-07-06,waiblingen_30km,Kommunikationselektroniker/in - Informationstechnik,1
2026-07-06,waiblingen_30km,Wirtschafter/in - Hauswirtschaft/Bachelor Professional in Agrarwirtschaft,1
2026-07-06,waiblingen_30km,Kaufmännische/r Geschäftsführer/in,1
2026-07-06,waiblingen_30km,Maler/in und Lackierer/in - Ausbautechnik und Oberflächengestaltung,1
2026-07-06,waiblingen_30km,Steinmetz/in und Steinbildhauer/in - Steinmetzarbeiten,1
2026-07-06,waiblingen_30km,Techniker/in - Farb- und Lacktechnik (Anwendungs- und Betriebstechnik),1
2026-07-06,waiblingen_30km,Eisenbahner/in - Betriebsdienst - Fahrweg,1
2026-07-06,waiblingen_30km,Holzmechaniker/in - Montieren von Innenausbauten und Bauelementen,1
2026-07-06,waiblingen_30km,Textilreiniger/in,1
2026-07-06,waiblingen_30km,Rechtsanwaltsgehilfe/-gehilfin,1
2026-07-06,waiblingen_30km,Haus- und Familienpfleger/in,1
2026-07-06,waiblingen_30km,Technische/r Zeichner/in - Elektrotechnik,1
2026-07-06,waiblingen_30km,Ausbilder/in - Erste Hilfe,1
2026-07-06,waiblingen_30km,Techniker/in - Verfahrenstechnik/Bachelor Professional in Technik,1
2026-07-06,waiblingen_30km,Betriebswirt/in (Hochschule) - Logistik,1
2026-07-06,waiblingen_30km,Master of Business Administration,1
2026-07-06,waiblingen_30km,Fachkraft - Sprachförderung,1
2026-07-06,waiblingen_30km,Medientechniker/in (Kommunikationselektronik),1
2026-07-06,waiblingen_30km,Geoinformatiker/in,1
2026-07-06,waiblingen_30km,Kunsthandwerker/in,1
2026-07-06,waiblingen_30km,Entwicklungstechniker/in,1
2026-07-06,waiblingen_30km,Medizinische/r Technologe/Technologin - Laboratoriumsanalytik,1
2026-07-06,waiblingen_30km,Raumausstatter/in - Boden,1
2026-07-06,waiblingen_30km,Anwendungsberater/in,1
2026-07-06,waiblingen_30km,Schwangerschaftskonfliktberater/in,1
2026-07-06,waiblingen_30km,Messebauer/in,1
2026-07-06,waiblingen_30km,Fachwirt/in - Musik,1
2026-07-06,waiblingen_30km,Fachmann/-frau - Restaurants und Veranstaltungsgastronomie,1
2026-07-06,waiblingen_30km,Justiziar/in,1
2026-07-06,waiblingen_30km,Hauswirtschafter/in - Serviceorientierte Dienstleistungen,1
2026-07-06,waiblingen_30km,Stahl- und Metallbauingenieur/in,1
2026-07-06,waiblingen_30km,Karosserie- und Fahrzeugbaumechaniker/in - Karosserie- und Fahrzeugbautechnik,1
2026-07-06,waiblingen_30km,Gesundheitsberater/in,1
2026-07-06,waiblingen_30km,Rechtspfleger/in,1
2026-07-06,waiblingen_30km,Vorarbeiter/in - Hochbau,1
2026-07-06,waiblingen_30km,Leiter/in - Anwendungsentwicklung (EDV),1
2026-07-06,waiblingen_30km,Verwaltungsleiter/in (Krankenhaus),1
2026-07-06,waiblingen_30km,Elektroniker/in - Maschinen und Antriebstechnik (HwO),1
2026-07-06,waiblingen_30km,Steinmetz- und Steinbildhauermeister/in/Bachelor Professional im Steinmetz- und Steinbildhauer-Handwerk,1
2026-07-06,waiblingen_30km,Steinmetz/in und Steinbildhauer/in - Denkmalpflege,1
2026-07-06,waiblingen_30km,Kartograf/in (Hochschule),1
2026-07-06,waiblingen_30km,"Ingenieur/in - Robotik, Autonome Systeme",1
2026-07-06,waiblingen_30km,Brauer/in und Mälzer/in,1
2026-07-06,waiblingen_30km,Fachkrankenpfleger/in - Rehabilitation/Langzeitpflege,1
2026-07-06,waiblingen_30km,"Kaufmann/-frau - Einzelhandel (Kraftfahrzeuge, Teile und Zubehör)",1
2026-07-06,waiblingen_30km,Baureiniger/in (Gebäudereinigung),1
2026-07-06,waiblingen_30km,"Ausbaufacharbeiter/in - Fliesen-, Platten- und Mosaikarbeiten",1
2026-07-06,waiblingen_30km,Facharzt/-ärztin - Gefäßchirurgie,1
2026-07-06,waiblingen_30km,Solarmonteur/in,1
2026-07-06,waiblingen_30km,Museumspädagoge/-pädagogin,1
2026-07-06,waiblingen_30km,Galvaniseur/in,1
2026-07-06,waiblingen_30km,Fachkraft - Fruchtsafttechnik,1
2026-07-06,waiblingen_30km,Techniker/in - Betriebswissenschaft,1
2026-07-06,waiblingen_30km,Metallschleifer/in,1
2026-07-06,waiblingen_30km,Holzbearbeitungsmechaniker/in,1
2026-07-06,waiblingen_30km,Fertigungsmechaniker/in,1
2026-07-06,waiblingen_30km,Leiter/in - Supply-Chain-Management,1
2026-07-06,waiblingen_30km,Gärtner/in - Staudengärtnerei,1
2026-07-06,waiblingen_30km,Elektroniker/in - Prüffeld,1
2026-07-06,waiblingen_30km,Kranführer/in,1
2026-07-06,waiblingen_30km,Vorarbeiter/in - Fahrzeuglackierung,1
2026-07-06,waiblingen_30km,Tanzlehrer/in,1
2026-07-06,waiblingen_30km,Sonderpädagoge/-pädagogin (Fachschule),1
2026-07-06,waiblingen_30km,Schweißfachingenieur/in,1
2026-07-06,waiblingen_30km,Kunststoffspritzer/in,1
2026-07-06,waiblingen_30km,Techniker/in - Holztechnik (Holzbau),1
2026-07-06,waiblingen_30km,Web Developer,1
2026-07-06,waiblingen_30km,Leiter/in - Materialwirtschaft,1
2026-07-06,waiblingen_30km,Meister/in - Lagerwirtschaft,1
2026-07-06,waiblingen_30km,Industriemeister/in - Rohrleitungsbau,1
2026-07-06,waiblingen_30km,Software-Architect,1
2026-07-06,waiblingen_30km,Ingenieur/in - Biotechnologie,1
2026-07-06,waiblingen_30km,Sport- und Fitnesskaufmann/-frau,1
2026-07-06,waiblingen_30km,Kiosk-/Imbissverkäufer/in,1
2026-07-06,waiblingen_30km,DGUV-Prüfer/in,1
2026-07-06,waiblingen_30km,"Barmixer/in, Barkeeper/in",1
2026-07-06,waiblingen_30km,Verwaltungsfachangestellte/r - Kirchenverwaltung - evangelische Kirche,1
2026-07-06,waiblingen_30km,Kraftfahrzeugsachverständige/r,1
2026-07-06,waiblingen_30km,Rettungsassistent/in,1
2026-07-06,waiblingen_30km,Mediengestalter/in - Digital-/Printmedien - Medientechnik,1
2026-07-06,waiblingen_30km,Fachkraft - Gastronomie (Systemgastronomie),1
2026-07-06,waiblingen_30km,Kinderkrankenschwester/-pfleger,1
2026-07-06,waiblingen_30km,Kantinenleiter/in,1
2026-07-06,waiblingen_30km,PR-Fachkraft,1
2026-07-06,waiblingen_30km,Fachkraft - Sozialarbeit,1
2026-07-06,waiblingen_30km,Berufsspezialist/in - Haushaltsführung und Familienbetreuung (Dorfhelfer/in),1
2026-07-06,waiblingen_30km,Gleisbauer/in,1
2026-07-06,waiblingen_30km,Brunnenbautechniker/in,1
2026-07-06,waiblingen_30km,Zweiradmechatroniker/in - Motorradtechnik,1
2026-07-06,waiblingen_30km,Brandschutzfachkraft,1
2026-07-06,waiblingen_30km,Kunststoff- und Kautschuktechnologe/-technologin - Bauteile,1
2026-07-06,waiblingen_30km,Pflegeassistent/in (Altenpflege),1
2026-07-06,waiblingen_30km,Berufsspezialist/in - Informationssicherheit,1
2026-07-06,waiblingen_30km,Integrationsmanager/in,1
2026-07-06,waiblingen_30km,Schweißer/in - Fahrzeugbau,1
2026-07-06,waiblingen_30km,"Fachkraft - Rohr-, Kanal- und Industrieservice",1
2026-07-06,waiblingen_30km,Montageleiter/in (Bau),1
2026-07-06,waiblingen_30km,Medienberater/in - Audiovisuelle Medien,1
2026-07-06,waiblingen_30km,Serviceingenieur/in,1
2026-07-06,waiblingen_30km,Fachkraft - Trockenbau,1
2026-07-06,waiblingen_30km,Leiter/in - Digitalisierung,1
2026-07-06,waiblingen_30km,"Fachverkäufer/in - Kfz-Zubehör, Reifen",1
2026-07-06,waiblingen_30km,Orthopädietechnikermeister/in/Bachelor Professional im Orthopädietechniker-Handwerk,1
2026-07-06,waiblingen_30km,Fachmann/-frau - Systemgastronomie,1
2026-07-06,waiblingen_30km,Fachverkäufer/in - Nahrungsmittelhandwerk (Fleischerei),1
2026-07-06,waiblingen_30km,Außendienstleiter/in (Versicherung),1
2026-07-06,waiblingen_30km,Versicherungssachbearbeiter/in,1
2026-07-06,waiblingen_30km,Technische/r Zeichner/in - Maschinen- und Anlagentechnik,1
2026-07-06,waiblingen_30km,Art-Director,1
2026-07-06,waiblingen_30km,Fachassistent/in Lohn und Gehalt,1
2026-07-06,waiblingen_30km,Elektroniker/in - Informations- und Telekommunikationstechnik,1
2026-07-06,waiblingen_30km,Medizinisch-technische/r Assistent/in - Funktionsdiagnostik,1
2026-07-06,waiblingen_30km,Vermessungstechniker/in - Vermessung,1
2026-07-06,waiblingen_30km,Fachkrankenschwester/-pfleger - Operationsdienst,1
2026-07-06,waiblingen_30km,Kraftfahrzeugservicemechaniker/in,1
2026-07-06,waiblingen_30km,Barista,1
2026-07-06,waiblingen_30km,Kaufmännische/r Assistent/in/Wirtschaftsassistent/in - Bürowirtschaft,1
2026-07-06,waiblingen_30km,Vergabemanager/in,1
2026-07-06,waiblingen_30km,Diakon/in (Sozialarbeit),1
2026-07-06,waiblingen_30km,Lacklaborant/in,1
2026-07-06,waiblingen_30km,Jobcoach,1
2026-07-06,waiblingen_30km,Kraftfahrzeugmechatroniker/in - Karosserietechnik,1
2026-07-06,waiblingen_30km,Fachkaufmann/-frau - Verwaltung von Wohnungseigentum,1
2026-07-06,waiblingen_30km,Spezialitätenkoch/-köchin,1
2026-07-06,waiblingen_30km,Betriebswirt/in (Fachschule) - Controlling/Bachelor Professional in Wirtschaft,1
2026-07-06,waiblingen_30km,Beamter/Beamtin - Eichwesen (gehobener technischer Dienst),1
2026-07-06,waiblingen_30km,Beamter/Beamtin - Eichwesen (mittlerer technischer Dienst),1
2026-07-06,waiblingen_30km,Busfahrer/in,1
2026-07-06,waiblingen_30km,Hundefriseur/in,1
2026-07-06,waiblingen_30km,Medienmanager/in,1
2026-07-06,waiblingen_30km,Fachagrarwirt/in - Landtechnik,1
2026-07-06,waiblingen_30km,Dachdecker/in und Bauklempner/in,1
2026-07-06,waiblingen_30km,Product Owner,1
2026-07-06,waiblingen_30km,IT-Entwickler/in (Weiterbildung/Ausbildung),1
2026-07-06,waiblingen_30km,Elektrowickler/in,1
2026-07-06,waiblingen_30km,Rollladen- und Jalousiebauer/in,1
2026-07-06,waiblingen_30km,Karosserie- und Fahrzeugbauermeister/in/Bachelor Professional im Karosserie- und Fahrzeugbauer-Handwerk,1
2026-07-06,waiblingen_30km,Bodenleger/in,1
2026-07-06,waiblingen_30km,Handelsfachpacker/in,1
2026-07-06,waiblingen_30km,Fahrzeugglaser/in,1
2026-07-06,waiblingen_30km,Berufspädagoge/-pädagogin,1
2026-07-06,waiblingen_30km,Ingenieur/in - Service/Instandhaltung,1
2026-07-06,waiblingen_30km,Helfer/in - Bodenverlegung,1
2026-07-06,waiblingen_30km,Campaigner/in,1
2026-07-06,waiblingen_30km,Karosserie- und Fahrzeugbauer/in - Fahrzeugbau,1
2026-07-06,waiblingen_30km,Gewerbekundenberater/in,1
2026-07-06,waiblingen_30km,Mediendesigner/in,1
2026-07-06,waiblingen_30km,Facharzt/-ärztin - Laboratoriumsmedizin,1
2026-07-06,waiblingen_30km,Isolierfacharbeiter/in,1
2026-07-06,waiblingen_30km,Leiter/in - Finanz- und Rechnungswesen,1
2026-07-06,waiblingen_30km,Data Engineer,1
2026-07-06,waiblingen_30km,Schilder- und Lichtreklameherstellermeister/in/Bachelor Professional im Schilder- und Lichtreklamehersteller-Handwerk,1
2026-07-06,waiblingen_30km,Social-Media-Manager/in,1
2026-07-06,waiblingen_30km,Konstrukteur/in - Steuerungs- und Automatisierungstechnik,1
2026-07-06,waiblingen_30km,Betriebswirt/in (Hochschule) - Bank und Finanzdienstleistungen,1
2026-07-06,waiblingen_30km,Helfer/in - Druck,1
2026-07-06,waiblingen_30km,"Maschinen-, Anlagen- und Behälterreiniger/in",1
2026-07-06,waiblingen_30km,Spezialist/in - Industrie 4.0,1
2026-07-06,waiblingen_30km,UX-Designer/in,1
2026-07-06,waiblingen_30km,Schiffsführer/in (Binnenschifffahrt),1
2026-07-06,waiblingen_30km,Technische/r Systemplaner/in - Elektrotechnische Systeme,1
2026-07-06,waiblingen_30km,Haushälter/in (Privathaushalt),1
2026-07-06,waiblingen_30km,Content-Marketing-Manager/in,1
2026-07-06,waiblingen_30km,Eisenbahner/in - Betriebsdienst - Lokführer/in und Transport,1
2026-07-06,waiblingen_30km,Reisehelfer/in für Menschen mit Behinderungen,1
2026-07-06,waiblingen_30km,Hostess/Host,1
2026-07-06,waiblingen_30km,Leiter/in - Marketing,1
2026-07-06,waiblingen_30km,Spezialreiniger/in,1
2026-07-06,waiblingen_30km,OP-Manager/in,1
2026-07-06,waiblingen_30km,Ausbilder/in - Anerkannte Ausbildungsberufe,1
2026-07-06,waiblingen_30km,Fachwirt/in - Versicherung,1
2026-07-06,waiblingen_30km,Ökonom/in,1
2026-07-06,waiblingen_30km,SPS-Fachkraft,1
2026-07-06,waiblingen_30km,Helfer/in - Farb- und Lacktechnik,1
2026-07-06,waiblingen_30km,Ingenieur/in - Konstruktiver Ingenieurbau,1
2026-07-06,waiblingen_30km,Parkettleger/in,1
2026-07-06,waiblingen_30km,Techniker/in - Vermessungstechnik/Bachelor Professional in Technik,1
2026-07-06,waiblingen_30km,Fachangestellte/r - Bäderbetriebe,1
2026-07-06,waiblingen_30km,Schwimmlehrer/in,1
2026-07-06,waiblingen_30km,Polier/in - Hochbau,1
2026-07-06,waiblingen_30km,Trockenbaumonteur/in,1
2026-07-06,waiblingen_30km,Techniker/in - Informatik (Betriebsinformatik)/Bachelor Professional in Technik,1
2026-07-06,waiblingen_30km,Assistent/in - Hotelmanagement,1
2026-07-06,waiblingen_30km,Cyber-Security-Consultant,1
2026-07-06,waiblingen_30km,Zeltmacher/in,1
2026-07-06,waiblingen_30km,Pädagogische/r Assistent/in,1
2026-07-06,waiblingen_30km,Messtechniker/in (Energietechnik),1
2026-07-06,waiblingen_30km,Elektromaschinenbauer/in,1
2026-07-06,waiblingen_30km,Fachkrankenpfleger/in - Operations-/Endoskopiedienst,1
2026-07-06,waiblingen_30km,Assistent/in - Produktionsleitung,1
2026-07-06,waiblingen_30km,Leitende/r Haustechniker/in,1
2026-07-06,waiblingen_30km,Detektiv/in,1
2026-07-06,waiblingen_30km,Betriebswirt/in (Fachschule) - Personalwirtschaft/Bachelor Professional in Wirtschaft,1
2026-07-06,waiblingen_30km,Assistent/in - Steuerberatung,1
2026-07-06,waiblingen_30km,Gehilfe/Gehilfin - wirtschafts- und steuerberatende Berufe,1
2026-07-06,waiblingen_30km,Techniker/in - Galvanotechnik/Bachelor Professional in Technik,1
2026-07-06,waiblingen_30km,Oberflächenbeschichter/in,1
2026-07-06,waiblingen_30km,Techniker/in - Versorgungstechnik,1
2026-07-06,waiblingen_30km,Techniker/in - Elektrotechnik (Automatisierungstechnik)/Bachelor Professional in Technik,1
2026-07-06,waiblingen_30km,Bauzeichner/in - Architektur,1
2026-07-06,waiblingen_30km,Data-Analyst/in,1
2026-07-06,waiblingen_30km,Kostenanalytiker/in,1
2026-07-06,waiblingen_30km,Chief-Information-Security-Officer,1
2026-07-06,waiblingen_30km,Leiter/in - Informations-/Cybersicherheit,1
2026-07-06,waiblingen_30km,Wertpapieranalyst/in,1
2026-07-06,waiblingen_30km,Hochbauingenieur/in,1
2026-07-06,waiblingen_30km,Kaufmann/-frau - Gesundheitswesen,1
2026-07-06,waiblingen_30km,Feinmechaniker/in - Feingerätebau,1
2026-07-06,waiblingen_30km,Musikpädagoge/-pädagogin,1
2026-07-06,waiblingen_30km,Fachwirt/in - Immobilien,1
2026-07-06,waiblingen_30km,Kraftfahrzeugmechatroniker/in - Fahrzeugkommunikationstechnik,1
2026-07-06,waiblingen_30km,Webdesigner/in,1
2026-07-06,waiblingen_30km,Feinpolierer/in,1
2026-07-06,waiblingen_30km,Zahntechnische Hilfskraft,1
2026-07-06,waiblingen_30km,Werkpolier/in - Tiefbau,1
2026-07-06,waiblingen_30km,Techniker/in - Zerspanungstechnik/Bachelor Professional in Technik,1
2026-07-06,waiblingen_30km,Vorarbeiter/in - Ver- und Entsorgung,1
2026-07-06,waiblingen_30km,Betriebswirt/in (Fachschule) - Steuern/Bachelor Professional in Wirtschaft,1
2026-07-06,waiblingen_30km,Wirtschaftsinformatiker/in (Fachschule)/Bachelor Professional in Wirtschaft,1
2026-07-06,waiblingen_30km,Berater/in - digitale Transformation,1
2026-07-06,waiblingen_30km,Leiter/in - Marktfolge (Banken),1
2026-07-06,waiblingen_30km,Techniker/in - Informatik (technische Informatik)/Bachelor Professional in Technik,1
2026-07-06,waiblingen_30km,Kaufmann/-frau - Grundstücks- und Wohnungswirtschaft,1
2026-07-06,waiblingen_30km,Wertpapiersachbearbeiter/in,1
2026-07-06,waiblingen_30km,Immobiliensachverständige/r,1
2026-07-06,waiblingen_30km,Ingenieur/in - Fahrzeugelektronik,1
2026-07-06,waiblingen_30km,Galvaniseur/in und Metallschleifer/in,1
2026-07-06,waiblingen_30km,Schulleiter/in - allgemeinbildende Schulen,1
2026-07-06,waiblingen_30km,Gestalter/in - visuelles Marketing,1
2026-07-06,waiblingen_30km,Installateur- und Heizungsbauermeister/in/Bachelor Professional im Installateur- und Heizungsbauer-Handwerk,1
2026-07-06,waiblingen_30km,Stadt- und Regionalplaner/in,1
2026-07-06,waiblingen_30km,Tierpfleger/in - Zoo,1
2026-07-06,waiblingen_30km,Fachverkäufer/in - Zoobedarf und Heimtierverkauf,1
2026-07-06,waiblingen_30km,Fachkraft - Lebensmitteltechnik,1
2026-07-06,waiblingen_30km,Managementassistent/in,1
2026-07-06,waiblingen_30km,Raumausstatter/in - Polstern,1
2026-07-06,waiblingen_30km,Industrie-Isolierer/in,1
2026-07-06,waiblingen_30km,Fachkraft - innovative Fahrzeugaufbereitung,1
2026-07-06,waiblingen_30km,Informationssicherheitsbeauftragte/r,1
2026-07-06,waiblingen_30km,Lerntherapeut/in,1
2026-07-06,waiblingen_30km,Garten-/Landschaftsgestalter/in,1
2026-07-06,waiblingen_30km,Fachverkäufer/in - Haushaltswaren,1
2026-07-06,waiblingen_30km,Facharzt/-ärztin - Psychiatrie und Psychotherapie,1
2026-07-06,waiblingen_30km,Apotheker/in,1
2026-07-06,waiblingen_30km,Data Scientist,1
2026-07-06,waiblingen_30km,Ingenieur/in - Elektromobilität,1
2026-07-06,waiblingen_30km,Baggerführer/in,1
2026-07-06,waiblingen_30km,Mediengestalter/in - Digital-/Printmedien - Mediendesign,1
2026-07-06,waiblingen_30km,Techniker/in - Bekleidungstechnik/Bachelor Professional in Technik,1
2026-07-06,waiblingen_30km,Innenarchitekt/in,1
2026-07-06,waiblingen_30km,Verwaltungsjurist/in,1
2026-07-06,waiblingen_30km,Taxifahrer/in,1
2026-07-06,waiblingen_30km,Medizinische/r Dokumentationsassistent/in,1
2026-07-06,waiblingen_30km,Sozialversicherungsfachangestellte/r - allgemeine Krankenversicherung,1
2026-07-06,waiblingen_30km,Fertighausmonteur/in,1
2026-07-06,waiblingen_30km,Mediengestalter/in Digital und Print - Gestaltung und Technik,1
2026-07-06,waiblingen_30km,Public-Relations-Manager/in,1
2026-07-06,waiblingen_30km,Organisationsprogrammierer/in,1
2026-07-06,waiblingen_30km,Onlinemarketing-Manager/in,1
2026-07-06,waiblingen_30km,Lehrer/in - berufliche Schulen,1
2026-07-06,waiblingen_30km,Aufzugmonteur/in,1
2026-07-06,waiblingen_30km,Techniker/in - Maschinentechnik (ohne Schwerpunkt)/Bachelor Professional in Technik,1
2026-07-06,waiblingen_30km,Ingenieur/in - Medientechnik/Multimedia,1
2026-07-06,waiblingen_30km,Leiter/in - Altenpflegeeinrichtung,1
2026-07-06,waiblingen_30km,Schweißwerkmeister/in,1
2026-07-06,waiblingen_30km,Konditormeister/in/Bachelor Professional im Konditor-Handwerk,1
2026-07-06,waiblingen_30km,E-Mail-Marketing-Manager/in,1
2026-07-06,waiblingen_30km,Botenfahrer/in,1
2026-07-06,waiblingen_30km,Informationsmanager/in,1
2026-07-06,waiblingen_30km,Tiefbaufacharbeiter/in - Straßenbauarbeiten,1
2026-07-06,waiblingen_30km,Leiter/in - Betriebliche Instandhaltung,1
2026-07-06,waiblingen_30km,Fachberater/in - Finanzdienstleistungen,1
2026-07-06,waiblingen_30km,Rettungshelfer/in,1
2026-07-06,waiblingen_30km,Tontechniker/in,1
2026-07-06,waiblingen_30km,Medieninformatiker/in,1
2026-07-06,waiblingen_30km,Fachverkäufer/in - Sanitätsfachhandel,1
2026-07-06,waiblingen_30km,Pflegewissenschaftler/in,1
2026-07-06,waiblingen_30km,Idea- und Innovations-Manager/in,1
2026-07-06,waiblingen_30km,Jurist/in - Informationsrecht,1
2026-07-06,waiblingen_30km,Zerspanungsmechaniker/in - Frästechnik,1
2026-07-06,waiblingen_30km,Leiter/in - Immobilienmanagement,1
2026-07-06,waiblingen_30km,Chief-Technology-Officer,1
2026-07-06,waiblingen_30km,Verkaufsaufsicht,1
2026-07-06,waiblingen_30km,Betriebswirt/in (Fachschule) - Produktionswirtschaft/Bachelor Professional in Wirtschaft,1
2026-07-06,waiblingen_30km,Staatsanwalt/-anwältin,1
2026-07-06,waiblingen_30km,Berufsspezialist/in - Industrielle Transformation (gewerblich-technisch),1
2026-07-06,waiblingen_30km,Isolierer/in,1
2026-07-06,waiblingen_30km,Inbetriebnahmetechniker/in - Energietechnik,1
2026-07-06,waiblingen_30km,Sozialarbeiter/in - Strafvollzug,1
2026-07-06,waiblingen_30km,Betriebswirt/in (Hochschule) - Immobilien,1
2026-07-06,waiblingen_30km,Zimmerermeister/in/Bachelor Professional im Zimmerer-Handwerk,1
2026-07-06,waiblingen_30km,Dachdeckermeister/in/Bachelor Professional im Dachdecker-Handwerk,1
2026-07-06,waiblingen_30km,Facharzt/-ärztin - Psychosomatische Medizin und Psychotherapie,1
2026-07-06,waiblingen_30km,Facharzt/-ärztin - Kinder- und Jugendmedizin,1
2026-07-06,waiblingen_30km,Kraftfahrzeugführer/in - Ver- und Entsorgung,1
2026-07-06,waiblingen_30km,Umweltwissenschaftler/in,1
2026-07-06,waiblingen_30km,Ingenieur/in - Chemietechnik,1
2026-07-06,waiblingen_30km,Fachverkäufer/in - Spielwaren,1
2026-07-06,waiblingen_30km,Werkzeugmechaniker/in - Stanz- und Umformtechnik,1
2026-07-06,waiblingen_30km,Werkstoffprüfer/in (mit Schwerpunkten),1
2026-07-06,waiblingen_30km,Kraftfahrzeugführer/in von Baufahrzeugen,1
2026-07-06,waiblingen_30km,Energieelektroniker/in - Betriebstechnik,1
2026-07-06,waiblingen_30km,Fachwirt/in - Marktforschung,1
2026-07-06,waiblingen_30km,Pharmazeut/in,1
2026-07-06,waiblingen_30km,Kunsttherapeut/in,1
2026-07-06,waiblingen_30km,Facharzt/-ärztin - Neurologie,1
2026-07-06,waiblingen_30km,Sous-Chef/in,1
2026-07-06,waiblingen_30km,Landmaschinenmechaniker/in,1
2026-07-06,waiblingen_30km,Projektkoordinator/in (kaufmännisch),1
2026-07-06,waiblingen_30km,Kindergartenhelfer/in,1
2026-07-06,waiblingen_30km,Ingenieur/in - Batterietechnik,1
2026-07-06,waiblingen_30km,Ingenieur/in - Wasserwirtschaft,1
2026-07-06,waiblingen_30km,Lehrer/in - Grundschulen,1
2026-07-06,waiblingen_30km,Fachkinderkrankenpfleger/in - Psychiatrie,1
2026-07-06,waiblingen_30km,Bezirksnotar/in,1
2026-07-06,waiblingen_30km,Finanzassistent/in,1
2026-07-06,waiblingen_30km,IT-Konfigurationskoordinator/in,1
2026-07-06,waiblingen_30km,Gärtner/in - Friedhofsgärtnerei,1
2026-07-06,waiblingen_30km,Land- und Baumaschinenmechatronikermeister/in/Bachelor Professional im Land- und Baumaschinenmechatroniker-Handwerk,1
2026-07-06,waiblingen_30km,Leiter/in - Asset Management,1
2026-07-06,waiblingen_30km,Ingenieur/in - Mechatronik,1
2026-07-06,waiblingen_30km,Fachwirt/in - Zahnärztliches Praxismanagement,1
2026-07-06,waiblingen_30km,Kaufmann/-frau - E-Commerce,1
2026-07-06,waiblingen_30km,Techniker/in - Metallbautechnik (ohne Schwerpunkt)/Bachelor Professional in Technik,1
2026-07-06,waiblingen_30km,IT-Organisator/in,1
2026-07-06,waiblingen_30km,Leiter/in - Personalentwicklung,1
2026-07-06,waiblingen_30km,Bürgermeister/in,1
2026-07-06,waiblingen_30km,Land- und Baumaschinenmechatroniker/in,1
2026-07-06,waiblingen_30km,Bauwerksmechaniker/in für Abbruch und Betontrenntechnik,1
2026-07-06,waiblingen_30km,Lehrer/in - Deutsch als Fremdsprache,1
2026-07-06,waiblingen_30km,Straßenmeister/in,1
2026-07-06,waiblingen_30km,Frontend-Entwickler/in,1
2026-07-06,waiblingen_30km,Luftfrachtagent/in,1
2026-07-06,waiblingen_30km,Ingenieur/in - Kunststofftechnik,1
2026-07-06,waiblingen_30km,Wundmanager/in,1
2026-07-06,waiblingen_30km,Ingenieur/in - Gießereitechnik,1
2026-07-06,waiblingen_30km,Gärtner/in - Zierpflanzenbau,1
2026-07-06,waiblingen_30km,Siebdrucker/in,1
2026-07-06,waiblingen_30km,Messingenieur/in,1
2026-07-06,waiblingen_30km,Facharzt/-ärztin - Pathologie,1
2026-07-06,waiblingen_30km,Leiter/in - Kundendienst (kaufmännisch),1
2026-07-06,waiblingen_30km,Erwachsenenheimleiter/in,1
2026-07-06,waiblingen_30km,Physikalisch-technische/r Assistent/in,1
2026-07-06,waiblingen_30km,Fachwirt/in - Recht,1
2026-07-06,waiblingen_30km,Arztsekretär/in,1
2026-07-06,waiblingen_30km,Bauabrechner/in,1
2026-07-06,waiblingen_30km,Pflegefachmann/-frau (Gesundheits- und Kinderkrankenpflege),1
2026-07-06,waiblingen_30km,Helfer/in - Textilverarbeitung,1
2026-07-06,waiblingen_30km,Psychotherapeut/in,1
2026-07-06,waiblingen_30km,Großküchenkoch/-köchin,1
2026-07-06,waiblingen_30km,Betriebswirt/in (Hochschule) - Hotelmanagement,1
2026-07-06,waiblingen_30km,Fachassistent/in Digitalisierung und IT-Prozesse,1
2026-07-06,waiblingen_30km,Verwaltungsfachangestellte/r - Landesverwaltung,1
2026-07-06,waiblingen_30km,Fachkaufmann/-frau - Büromanagement,1
2026-07-06,waiblingen_30km,Fachassistent/in - Hirnleistungstraining,1
2026-07-06,waiblingen_30km,Backend-Entwickler/in,1
2026-07-06,waiblingen_30km,General Manager/in (Gastronomie),1
2026-07-06,waiblingen_30km,Produktionsingenieur/in,1
2026-07-06,waiblingen_30km,Schweißer/in - Anlagen- und Apparatebau,1
2026-07-06,waiblingen_30km,Bibliothekar/in,1
2026-07-06,waiblingen_30km,Fachangestellte/r - Bürokommunikation,1
2026-07-06,waiblingen_30km,IT-System-Elektroniker/in,1
2026-07-06,waiblingen_30km,Ingenieur/in - Lüftungstechnik,1
2026-07-06,waiblingen_30km,Karosserie- und Fahrzeugbaumechaniker/in - Caravan- und Reisemobiltechnik,1
2026-07-06,waiblingen_30km,Kaufmann/-frau - Versicherungen und Finanzen - Finanzberatung,1
2026-07-06,waiblingen_30km,Leiter/in - Markt (Banken),1
2026-07-06,waiblingen_30km,Leiter/in - Lagerwirtschaft,1
2026-07-06,waiblingen_30km,Betriebswirt/in (Fachschule) - Marketingkommunikation/Bachelor Professional in Wirtschaft,1
2026-07-06,waiblingen_30km,Landwirtschaftliche/r Sachverständige/r,1
2026-07-06,waiblingen_30km,Leiter/in - Kundendienst (technisch),1
2026-07-06,waiblingen_30km,Mediengestalter/in - Digital-/Printmedien - Medienoperating,1
2026-07-06,waiblingen_30km,Soldat/in auf Zeit - Laufbahngruppe Mannschaften,1
2026-07-06,waiblingen_30km,Techniker/in - Metallbautechnik (Gebäudetechnik)/Bachelor Professional in Technik,1
2026-07-06,waiblingen_30km,Techniker/in - Kraftfahrzeugtechnik/Bachelor Professional in Technik,1
2026-07-06,waiblingen_30km,Biologielaborant/in,1
2026-07-06,waiblingen_30km,Wissenschaftliche/r Mitarbeiter/in,1
2026-07-06,waiblingen_30km,Techniker/in - Bautechnik (Tiefbau)/Bachelor Professional in Technik,1
2026-07-06,waiblingen_30km,Medizinische/r Technologe/Technologin - Radiologie,1
2026-07-06,waiblingen_30km,Techniker/in - Bautechnik (Hochbau)/Bachelor Professional in Technik,1
2026-07-06,waiblingen_30km,Ingenieur/in - Physik,1
2026-07-06,waiblingen_30km,Übungsleiter/in - Breitensport,1
2026-07-06,waiblingen_30km,ESG-Manager/in,1
2026-07-06,waiblingen_30km,Produktionsmechaniker/in - Textil,1
2026-07-06,waiblingen_30km,Servicefachkraft - Dialogmarketing,1
2026-07-06,waiblingen_30km,Revisor/in,1
2026-07-06,waiblingen_30km,CRM-Manager/in,1
2026-07-06,waiblingen_30km,Strahlenschutzfachkraft,1
2026-07-06,waiblingen_30km,Leiter/in - Controlling,1
2026-07-06,waiblingen_30km,Straßenwärter/in,1
2026-07-06,waiblingen_30km,Ingenieur/in - Mikrosystemtechnik,1
2026-07-06,waiblingen_30km,Lean-Manager/in,1
2026-07-06,waiblingen_30km,Pharmareferent/in,1
2026-07-06,waiblingen_30km,Landschaftsarchitekt/in,1
2026-07-06,waiblingen_30km,Technische/r Assistent/in - Bautechnik,1
2026-07-06,waiblingen_30km,Berufsspezialist/in - Softwareentwicklung,1
2026-07-06,waiblingen_30km,Dokumentar/in,1
2026-07-06,waiblingen_30km,Klimaschutzmanager/in,1
2026-07-06,waiblingen_30km,Konstruktionsmechaniker/in - Schweißtechnik,1
2026-07-06,waiblingen_30km,Verwaltungsinformatiker/in,1
2026-07-06,waiblingen_30km,Autor/in / Schriftsteller/in,1
2026-07-06,waiblingen_30km,Industriemeister/in - Elektrotechnik (Elektronik),1
2026-07-06,waiblingen_30km,Chemiker/in,1
2026-07-06,waiblingen_30km,Assistent/in - Wirtschaftsprüfung,1
2026-07-06,waiblingen_30km,Assistent/in - Beschaffungswesen,1
2026-07-06,waiblingen_30km,Fachkraft - Arbeitssicherheit,1
2026-07-06,waiblingen_30km,Ingenieur/in - Medizintechnik,1
2026-07-06,waiblingen_30km,Fachverkäufer/in - Lebensmittelhandwerk (Konditorei),1
2026-07-06,waiblingen_30km,Bachelor Professional - intelligente Gebäudetechnik und Systemvernetzung,1
2026-07-06,waiblingen_30km,Talent-Acquisition-Manager/in,1
2026-07-06,waiblingen_30km,IT-Einkäufer/in,1
2026-07-06,waiblingen_30km,Fintech-Entwickler/in,1
2026-07-06,waiblingen_30km,Persönliche/r Referent/in (Intendanz),1
2026-07-06,waiblingen_30km,Kundeninformationsfachkraft,1
2026-07-06,waiblingen_30km,Biologe/Biologin,1
2026-07-06,waiblingen_30km,Berufsspezialist/in - Vertrieb,1
2026-07-06,waiblingen_30km,Bachelor Professional - Künstliche Intelligenz und Maschinelles Lernen,1
2026-07-06,waiblingen_30km,E-Bike-Servicetechniker/in,1
2026-07-06,rems-murr-kreis,Verkäufer/in,219
2026-07-06,rems-murr-kreis,Gabelstaplerfahrer/in,138
2026-07-06,rems-murr-kreis,"Helfer/in - Lagerwirtschaft, Transport",121
2026-07-06,rems-murr-kreis,Industriemechaniker/in,106
2026-07-06,rems-murr-kreis,Helfer/in - Reinigung,96
2026-07-06,rems-murr-kreis,Altenpfleger/in,90
2026-07-06,rems-murr-kreis,Helfer/in - Verkauf,82
2026-07-06,rems-murr-kreis,Erzieher/in,81
2026-07-06,rems-murr-kreis,Lager- und Transportarbeiter/in,80
2026-07-06,rems-murr-kreis,Fachkraft - Lagerlogistik,79
2026-07-06,rems-murr-kreis,Berufskraftfahrer/in,75
2026-07-06,rems-murr-kreis,Helfer/in - Metallbearbeitung,70
2026-07-06,rems-murr-kreis,Maschinen- und Anlagenführer/in (ohne Angabe des Schwerpunkts),65
2026-07-06,rems-murr-kreis,Ingenieur/in - Elektrotechnik,63
2026-07-06,rems-murr-kreis,Elektroniker/in - Energie- und Gebäudetechnik,58
2026-07-06,rems-murr-kreis,Gesundheits- und Krankenpfleger/in,54
2026-07-06,rems-murr-kreis,Mechatroniker/in,53
2026-07-06,rems-murr-kreis,Zerspanungsmechaniker/in,51
2026-07-06,rems-murr-kreis,Helfer/in - Elektro,51
2026-07-06,rems-murr-kreis,Montierer/in,50
2026-07-06,rems-murr-kreis,Bürokaufmann/-frau,48
2026-07-06,rems-murr-kreis,"Maschinen- und Anlagenführer/in - Metall-, Kunststofftechnik",46
2026-07-06,rems-murr-kreis,Heilerziehungspfleger/in,46
2026-07-06,rems-murr-kreis,Elektroniker/in - Betriebstechnik,46
2026-07-06,rems-murr-kreis,Fachlagerist/in,45
2026-07-06,rems-murr-kreis,"Filialleiter/in, Verkaufsstellenleiter/in",45
2026-07-06,rems-murr-kreis,Metallbearbeiter/in,44
2026-07-06,rems-murr-kreis,"Anlagenmechaniker/in - Sanitär-, Heizungs- und Klimatechnik",44
2026-07-06,rems-murr-kreis,Koch/Köchin,44
2026-07-06,rems-murr-kreis,CNC-Dreher/in,44
2026-07-06,rems-murr-kreis,Kommissionierer/in,44
2026-07-06,rems-murr-kreis,Medizinische/r Fachangestellte/r,43
2026-07-06,rems-murr-kreis,Sozialarbeiter/in / Sozialpädagoge/-pädagogin,40
2026-07-06,rems-murr-kreis,Anlagenmechaniker/in,40
2026-07-06,rems-murr-kreis,Kaufmännische Fachkraft,39
2026-07-06,rems-murr-kreis,Helfer/in - Küche,37
2026-07-06,rems-murr-kreis,"Helfer/in - Kunststoff, Kautschuk",37
2026-07-06,rems-murr-kreis,CNC-Fräser/in,36
2026-07-06,rems-murr-kreis,Industriekaufmann/-frau,36
2026-07-06,rems-murr-kreis,Finanzbuchhalter/in,36
2026-07-06,rems-murr-kreis,Altenpflegehelfer/in,35
2026-07-06,rems-murr-kreis,Pflegefachmann/-frau (Altenpflege),34
2026-07-06,rems-murr-kreis,Kaufmann/-frau - Büromanagement,33
2026-07-06,rems-murr-kreis,Kaufmann/-frau - Einzelhandel,32
2026-07-06,rems-murr-kreis,Betreuungskraft / Alltagsbegleiter/in,31
2026-07-06,rems-murr-kreis,Elektroinstallateur/in,31
2026-07-06,rems-murr-kreis,Informatiker/in,30
2026-07-06,rems-murr-kreis,Buchhalter/in,30
2026-07-06,rems-murr-kreis,Tischler/in,29
2026-07-06,rems-murr-kreis,"Montagemechaniker/in, Anlagenmonteur/in",29
2026-07-06,rems-murr-kreis,Physiotherapeut/in,29
2026-07-06,rems-murr-kreis,Zahnmedizinische/r Fachangestellte/r,27
2026-07-06,rems-murr-kreis,Vertriebsassistent/in,26
2026-07-06,rems-murr-kreis,Feinwerkmechaniker/in,25
2026-07-06,rems-murr-kreis,Controller/in,25
2026-07-06,rems-murr-kreis,Löter/in,24
2026-07-06,rems-murr-kreis,Servicekraft - Gastronomie und Gastgewerbe,24
2026-07-06,rems-murr-kreis,Industrieelektriker/in - Betriebstechnik,23
2026-07-06,rems-murr-kreis,Schweißer/in,23
2026-07-06,rems-murr-kreis,Steuerfachangestellte/r,23
2026-07-06,rems-murr-kreis,Hauswirtschafter/in,23
2026-07-06,rems-murr-kreis,IT-Systemadministrator/in,22
2026-07-06,rems-murr-kreis,Fachverkäufer/in - Lebensmittelhandwerk (Fleischerei),22
2026-07-06,rems-murr-kreis,Personalsachbearbeiter/in,21
2026-07-06,rems-murr-kreis,Betriebsschlosser/in,21
2026-07-06,rems-murr-kreis,Fachinformatiker/in - Systemintegration,21
2026-07-06,rems-murr-kreis,Friseur/in,21
2026-07-06,rems-murr-kreis,Kraftfahrzeugmechaniker/in,21
2026-07-06,rems-murr-kreis,Metallbauer/in - Konstruktionstechnik,21
2026-07-06,rems-murr-kreis,Helfer/in - Hauswirtschaft,20
2026-07-06,rems-murr-kreis,Gebäudereiniger/in,20
2026-07-06,rems-murr-kreis,Sachbearbeiter/in - Logistik,20
2026-07-06,rems-murr-kreis,CNC-Fachkraft/NC-Anwendungsfachmann/-frau,19
2026-07-06,rems-murr-kreis,Projektleiter/in,19
2026-07-06,rems-murr-kreis,Ergotherapeut/in,19
2026-07-06,rems-murr-kreis,Maler/in und Lackierer/in - Maler/in,18
2026-07-06,rems-murr-kreis,Fahrzeuglackierer/in,18
2026-07-06,rems-murr-kreis,Einkäufer/in,18
2026-07-06,rems-murr-kreis,Ingenieur/in - Maschinenbau,17
2026-07-06,rems-murr-kreis,Gesundheits- und Krankenpflegehelfer/in,17
2026-07-06,rems-murr-kreis,Zimmerer/Zimmerin,17
2026-07-06,rems-murr-kreis,Konstruktionsmechaniker/in,16
2026-07-06,rems-murr-kreis,Hausmeister/in,16
2026-07-06,rems-murr-kreis,Kraftfahrzeugmechatroniker/in - Personenkraftwagentechnik,16
2026-07-06,rems-murr-kreis,Softwareentwickler/in,16
2026-07-06,rems-murr-kreis,Qualitätskontrolleur/in,15
2026-07-06,rems-murr-kreis,Ingenieur/in - Bau,15
2026-07-06,rems-murr-kreis,Lohn- und Gehaltsbuchhalter/in,15
2026-07-06,rems-murr-kreis,Pflegefachmann/-frau (Gesundheits- und Krankenpflege),15
2026-07-06,rems-murr-kreis,"Helfer/in - Papier, Verpackung",15
2026-07-06,rems-murr-kreis,Außendienstmitarbeiter/in,14
2026-07-06,rems-murr-kreis,Personalreferent/in,14
2026-07-06,rems-murr-kreis,Betriebswirt/in (Hochschule),14
2026-07-06,rems-murr-kreis,Fachkrankenpfleger/in - Intensivpflege/Anästhesie,14
2026-07-06,rems-murr-kreis,Kassierer/in (Handel),14
2026-07-06,rems-murr-kreis,Elektrofachkraft für festgelegte Tätigkeiten,14
2026-07-06,rems-murr-kreis,Stuckateur/in,14
2026-07-06,rems-murr-kreis,Büroassistent/in,14
2026-07-06,rems-murr-kreis,Gärtner/in - Garten- und Landschaftsbau,13
2026-07-06,rems-murr-kreis,"Helfer/in - Maschinenbau, Betriebstechnik",13
2026-07-06,rems-murr-kreis,Einzelhandelskaufmann/-frau,13
2026-07-06,rems-murr-kreis,Automobilkaufmann/-frau,13
2026-07-06,rems-murr-kreis,Kaufmann/-frau - Spedition und Logistikdienstleistung,12
2026-07-06,rems-murr-kreis,Verwaltungswirt/in / Verwaltungsbetriebswirt/in,12
2026-07-06,rems-murr-kreis,"Ingenieur/in - Informations-, Kommunikationstechnik",12
2026-07-06,rems-murr-kreis,Elektroniker/in - Automatisierungstechnik,12
2026-07-06,rems-murr-kreis,Elektroniker/in - Geräte und Systeme,12
2026-07-06,rems-murr-kreis,Elektroanlagenmonteur/in,12
2026-07-06,rems-murr-kreis,Personaldisponent/in,12
2026-07-06,rems-murr-kreis,Restaurantfachmann/-frau,12
2026-07-06,rems-murr-kreis,Fachverkäufer/in - Lebensmittelhandwerk (Bäckerei),12
2026-07-06,rems-murr-kreis,Steuerberater/in,12
2026-07-06,rems-murr-kreis,Fachberater/in - Vertrieb,12
2026-07-06,rems-murr-kreis,Maschineneinrichter/in (allgemein),12
2026-07-06,rems-murr-kreis,Bauleiter/in,12
2026-07-06,rems-murr-kreis,Helfer/in - Metallbau,11
2026-07-06,rems-murr-kreis,Fachkraft - Brief- und Frachtverkehr,11
2026-07-06,rems-murr-kreis,Operationstechnische/r Assistent/in,11
2026-07-06,rems-murr-kreis,Werkzeugmechaniker/in,11
2026-07-06,rems-murr-kreis,Produktionsfachkraft Chemie,11
2026-07-06,rems-murr-kreis,Speditionskaufmann/-frau,11
2026-07-06,rems-murr-kreis,Pflegefachmann/-frau (Ausbildung),10
2026-07-06,rems-murr-kreis,Lackierer/in - Spritzlackierung,10
2026-07-06,rems-murr-kreis,Maler/in und Lackierer/in - Gestaltung und Instandhaltung,10
2026-07-06,rems-murr-kreis,Elektrotechnikermeister/in/Bachelor Professional im Elektrotechniker-Handwerk,10
2026-07-06,rems-murr-kreis,Vertriebsberater/in,10
2026-07-06,rems-murr-kreis,Industrieelektriker/in - Geräte und Systeme,10
2026-07-06,rems-murr-kreis,Pflegedienstleiter/in,10
2026-07-06,rems-murr-kreis,Auslieferungsfahrer/in (nicht Verkaufsfahrer/in),10
2026-07-06,rems-murr-kreis,"Helfer/in - Feinmechanik, Werkzeugbau",10
2026-07-06,rems-murr-kreis,Helfer/in - Fahrzeugbau und -instandhaltung,10
2026-07-06,rems-murr-kreis,Logopäde/Logopädin,10
2026-07-06,rems-murr-kreis,Erzieher/in - Jugend- und Heimerziehung,9
2026-07-06,rems-murr-kreis,Ingenieur/in - Luft- und Raumfahrttechnik,9
2026-07-06,rems-murr-kreis,Versicherungsberater/in,9
2026-07-06,rems-murr-kreis,Sales-Manager/in,9
2026-07-06,rems-murr-kreis,Arbeitsvorbereiter/in,9
2026-07-06,rems-murr-kreis,IT-Administrator/in,9
2026-07-06,rems-murr-kreis,Verkaufssachbearbeiter/in,9
2026-07-06,rems-murr-kreis,Bilanzbuchhalter/in/Bachelor Professional in Bilanzbuchhaltung,9
2026-07-06,rems-murr-kreis,Ingenieur/in - Fahrzeugtechnik,9
2026-07-06,rems-murr-kreis,Kaufmann/-frau - Bürokommunikation,9
2026-07-06,rems-murr-kreis,Gesundheits- und Kinderkrankenpfleger/in,9
2026-07-06,rems-murr-kreis,ERP-Berater/in - ERP-Consultant,9
2026-07-06,rems-murr-kreis,Verkaufsberater/in,9
2026-07-06,rems-murr-kreis,Sozialpädagogische/r Assistent/in / Kinderpfleger/in,8
2026-07-06,rems-murr-kreis,Projektingenieur/in,8
2026-07-06,rems-murr-kreis,Zahntechniker/in,8
2026-07-06,rems-murr-kreis,"Kundendienstmonteur/in, -techniker/in",8
2026-07-06,rems-murr-kreis,"Helfer/in - Kurier-, Zustell- und Postdienstleistungen",8
2026-07-06,rems-murr-kreis,Fahrer/in - Personenbeförderung,8
2026-07-06,rems-murr-kreis,Kraftfahrzeugtechnikermeister/in/Bachelor Professional im Kraftfahrzeugtechniker-Handwerk,8
2026-07-06,rems-murr-kreis,"Helfer/in - Malerei, Lackiererei",8
2026-07-06,rems-murr-kreis,Industriereiniger/in (Gebäudereinigung),8
2026-07-06,rems-murr-kreis,Werkzeugmacher/in,8
2026-07-06,rems-murr-kreis,Sekretär/in,8
2026-07-06,rems-murr-kreis,Rechtsanwaltsfachangestellte/r,8
2026-07-06,rems-murr-kreis,Wartungs- und Servicetechniker/in - Maschinenbau,8
2026-07-06,rems-murr-kreis,WIG-Schweißer/in,8
2026-07-06,rems-murr-kreis,Architekt/in,7
2026-07-06,rems-murr-kreis,Wirtschaftsingenieur/in,7
2026-07-06,rems-murr-kreis,Forschungs- und Entwicklungsingenieur/in,7
2026-07-06,rems-murr-kreis,Helfer/in - stationäre Krankenpflege,7
2026-07-06,rems-murr-kreis,Verkäufer/in - Nahrungsmittelhandwerk,7
2026-07-06,rems-murr-kreis,Servicetechniker/in - IT,7
2026-07-06,rems-murr-kreis,Hauswart/in/Haustechniker/in,7
2026-07-06,rems-murr-kreis,Geprüfte Schutz- und Sicherheitskraft (IHK),7
2026-07-06,rems-murr-kreis,Empfangsmitarbeiter/in (Hotel),7
2026-07-06,rems-murr-kreis,Dachdecker/in,7
2026-07-06,rems-murr-kreis,Zahnmedizinische/r Prophylaxeassistent/in,7
2026-07-06,rems-murr-kreis,Betriebswirt/in (Hochschule) - Personalmanagement,7
2026-07-06,rems-murr-kreis,Assistenzarzt/-ärztin,7
2026-07-06,rems-murr-kreis,Verfahrensmechaniker/in - Kunststoff- und Kautschuktechnik (mit Schwerpunkten),7
2026-07-06,rems-murr-kreis,Rollladen- und Sonnenschutzmechatroniker/in,6
2026-07-06,rems-murr-kreis,Feinmechaniker/in - Feingerätebau,6
2026-07-06,rems-murr-kreis,Lackierer/in - Holz und Metall,6
2026-07-06,rems-murr-kreis,Fachverkäufer/in - Nahrungsmittelhandwerk (Bäckerei/Konditorei),6
2026-07-06,rems-murr-kreis,Bäcker/in,6
2026-07-06,rems-murr-kreis,Technische/r Einkäufer/in,6
2026-07-06,rems-murr-kreis,Logistiker/in,6
2026-07-06,rems-murr-kreis,Empfangskraft,6
2026-07-06,rems-murr-kreis,Karosseriebauer/in,6
2026-07-06,rems-murr-kreis,Verwaltungsfachangestellte/r - Kommunalverwaltung,6
2026-07-06,rems-murr-kreis,Medizinisch-technische/r Radiologieassistent/in,6
2026-07-06,rems-murr-kreis,Fachberater/in - Bau- und Heimwerkermärkte,6
2026-07-06,rems-murr-kreis,Kartenverkäufer/in,6
2026-07-06,rems-murr-kreis,Automobilmechaniker/in,6
2026-07-06,rems-murr-kreis,Glaser/in - Fenster- und Glasfassadenbau,6
2026-07-06,rems-murr-kreis,"Helfer/in - Büro, Verwaltung",6
2026-07-06,rems-murr-kreis,Klempner/in,6
2026-07-06,rems-murr-kreis,Baumaschinenführer/in,6
2026-07-06,rems-murr-kreis,Verfahrensmechaniker/in - Beschichtungstechnik,6
2026-07-06,rems-murr-kreis,Fachkraft - Qualitätssicherung/-management,6
2026-07-06,rems-murr-kreis,Facility-Manager/in,6
2026-07-06,rems-murr-kreis,Tiefbaufacharbeiter/in (ohne Angabe des Schwerpunkts),6
2026-07-06,rems-murr-kreis,Ingenieur/in - Automatisierungstechnik,6
2026-07-06,rems-murr-kreis,Sachbearbeiter/in - Einkauf,5
2026-07-06,rems-murr-kreis,Instandhaltungstechniker/in,5
2026-07-06,rems-murr-kreis,Elektroniker/in - Automatisierungs- und Systemtechnik,5
2026-07-06,rems-murr-kreis,Bauelektriker/in,5
2026-07-06,rems-murr-kreis,Konditor/in,5
2026-07-06,rems-murr-kreis,"Fliesen-, Platten- und Mosaikleger/in",5
2026-07-06,rems-murr-kreis,Vertriebsingenieur/in,5
2026-07-06,rems-murr-kreis,Helfer/in - Metalloberflächenbearbeitung,5
2026-07-06,rems-murr-kreis,Helfer/in - Ausbau,5
2026-07-06,rems-murr-kreis,Verfahrensmechaniker/in - Kunststoff- und Kautschuktechnik - Formteile,5
2026-07-06,rems-murr-kreis,Trockenbaumonteur/in,5
2026-07-06,rems-murr-kreis,Qualitätsmanager/in,5
2026-07-06,rems-murr-kreis,Disponent/in - Lager,5
2026-07-06,rems-murr-kreis,Fleischer/in,5
2026-07-06,rems-murr-kreis,Schleifer/in,5
2026-07-06,rems-murr-kreis,Kaufmann/-frau - Groß- und Außenhandel (Großhandel),5
2026-07-06,rems-murr-kreis,Abfüller/in,5
2026-07-06,rems-murr-kreis,Fachkraft - Logistik/Materialwirtschaft,5
2026-07-06,rems-murr-kreis,"Helfer/in - Metallerzeugung, Gießerei",5
2026-07-06,rems-murr-kreis,Augenoptiker/in,5
2026-07-06,rems-murr-kreis,Servicefahrer/in,5
2026-07-06,rems-murr-kreis,Küchenchef/in,5
2026-07-06,rems-murr-kreis,Verfahrensmechaniker/in - Kunststoff- und Kautschuktechnik - Bauteile,5
2026-07-06,rems-murr-kreis,Helfer/in - Hochbau,5
2026-07-06,rems-murr-kreis,Facharzt/-ärztin - Allgemeinmedizin (Hausarzt/-ärztin),5
2026-07-06,rems-murr-kreis,Projektassistent/in,5
2026-07-06,rems-murr-kreis,Finanzwirt/in,5
2026-07-06,rems-murr-kreis,Anästhesietechnische/r Assistent/in,5
2026-07-06,rems-murr-kreis,Helfer/in - Ver- und Entsorgung,5
2026-07-06,rems-murr-kreis,Fachkraft - Kreislauf- und Abfallwirtschaft,5
2026-07-06,rems-murr-kreis,Disponent/in - Güterverkehr,5
2026-07-06,rems-murr-kreis,Jurist/in,5
2026-07-06,rems-murr-kreis,Promoter/in,5
2026-07-06,rems-murr-kreis,Vertriebstechniker/in,5
2026-07-06,rems-murr-kreis,Fachwirt/in - Steuer,5
2026-07-06,rems-murr-kreis,Account-Manager/in,5
2026-07-06,rems-murr-kreis,Fachkraft - Lagerwirtschaft,5
2026-07-06,rems-murr-kreis,Sicherheitsmitarbeiter/in,5
2026-07-06,rems-murr-kreis,Zahnarzt/-ärztin,5
2026-07-06,rems-murr-kreis,Beton- und Stahlbetonbauer/in,5
2026-07-06,rems-murr-kreis,Beikoch/-köchin,5
2026-07-06,rems-murr-kreis,Helfer/in - Tiefbau,5
2026-07-06,rems-murr-kreis,Medientechnologe/-technologin Druck,4
2026-07-06,rems-murr-kreis,Kunststoff-Formgeber/in,4
2026-07-06,rems-murr-kreis,Kaufmann/-frau - Groß- und Außenhandel (Außenhandel),4
2026-07-06,rems-murr-kreis,Qualitätssicherungstechniker/in,4
2026-07-06,rems-murr-kreis,Holzbearbeitungsmechaniker/in,4
2026-07-06,rems-murr-kreis,Baugeräteführer/in,4
2026-07-06,rems-murr-kreis,Fachkrankenpfleger/in - Nephrologie,4
2026-07-06,rems-murr-kreis,IT-Berater/in,4
2026-07-06,rems-murr-kreis,Fachkraft - Gastronomie,4
2026-07-06,rems-murr-kreis,Metallbauer/in - Anlagen- und Fördertechnik,4
2026-07-06,rems-murr-kreis,Büfettkraft,4
2026-07-06,rems-murr-kreis,Techniker/in - Bautechnik (ohne Schwerpunkt)/Bachelor Professional in Technik,4
2026-07-06,rems-murr-kreis,Ingenieur/in - Versorgungstechnik,4
2026-07-06,rems-murr-kreis,Kinderbetreuer/in,4
2026-07-06,rems-murr-kreis,"Helfer/in - Holz, Flechtwaren",4
2026-07-06,rems-murr-kreis,Schweißer/in - Konstruktionstechnik,4
2026-07-06,rems-murr-kreis,Fachkraft - Metalltechnik - Montagetechnik,4
2026-07-06,rems-murr-kreis,Wirtschaftsinformatiker/in (Hochschule),4
2026-07-06,rems-murr-kreis,Callcenteragent/in,4
2026-07-06,rems-murr-kreis,Content-Manager/in,4
2026-07-06,rems-murr-kreis,Marketingfachkraft/-assistent/in,4
2026-07-06,rems-murr-kreis,Kinderkrankenschwester/-pfleger,4
2026-07-06,rems-murr-kreis,Maschinen- und Anlagenführer/in - Lebensmitteltechnik,4
2026-07-06,rems-murr-kreis,Automobil-Serviceberater/in,4
2026-07-06,rems-murr-kreis,"Kundenberater/in (Bank, Sparkasse)",4
2026-07-06,rems-murr-kreis,Inbetriebnahmetechniker/in - Elektrotechnik,4
2026-07-06,rems-murr-kreis,Rechtsanwalt/Rechtsanwältin,4
2026-07-06,rems-murr-kreis,Pädagoge/Pädagogin,4
2026-07-06,rems-murr-kreis,Facharzt/-ärztin - Innere Medizin,4
2026-07-06,rems-murr-kreis,Mechaniker/in - Karosserieinstandhaltungstechnik,4
2026-07-06,rems-murr-kreis,Fachverkäufer/in - Kraftfahrzeuge,4
2026-07-06,rems-murr-kreis,Assistent/in - Logistik,4
2026-07-06,rems-murr-kreis,Dreher/in,4
2026-07-06,rems-murr-kreis,CNC-Schleifer/in,4
2026-07-06,rems-murr-kreis,Nachtwache - Pflege,4
2026-07-06,rems-murr-kreis,Straßenbauer/in,4
2026-07-06,rems-murr-kreis,"Fachverkäufer/in - Textilien, Bekleidung",4
2026-07-06,rems-murr-kreis,Sozialassistent/in,4
2026-07-06,rems-murr-kreis,Spezialitätenkoch/-köchin,4
2026-07-06,rems-murr-kreis,Gärtnermeister/in - Garten- und Landschaftsbau,4
2026-07-06,rems-murr-kreis,Tischlermeister/in/Bachelor Professional im Tischler-Handwerk,4
2026-07-06,rems-murr-kreis,Fachkraft - Mechatronik,4
2026-07-06,rems-murr-kreis,Tiermedizinische/r Fachangestellte/r,4
2026-07-06,rems-murr-kreis,Bautischler/in,4
2026-07-06,rems-murr-kreis,Pflegefachmann/-frau (Gesundheits- und Kinderkrankenpflege),4
2026-07-06,rems-murr-kreis,Kundendienstberater/in,4
2026-07-06,rems-murr-kreis,Pharmazeutisch-technische/r Assistent/in,4
2026-07-06,rems-murr-kreis,"Gruppen-, Teamleiter/in",4
2026-07-06,rems-murr-kreis,Berufsspezialist/in - Vertrieb,4
2026-07-06,rems-murr-kreis,Pflegeassistent/in (Gesundheits- und Krankenpflege),4
2026-07-06,rems-murr-kreis,Helfer/in - Gartenbau,4
2026-07-06,rems-murr-kreis,Friseurmeister/in/Bachelor Professional im Friseur-Handwerk,4
2026-07-06,rems-murr-kreis,Arzt/Ärztin,4
2026-07-06,rems-murr-kreis,Werkstattleiter/in,4
2026-07-06,rems-murr-kreis,Helfer/in - Friseurgewerbe,4
2026-07-06,rems-murr-kreis,Masseur/in und medizinische/r Bademeister/in,4
2026-07-06,rems-murr-kreis,Kinderpflegehelfer/in,3
2026-07-06,rems-murr-kreis,Techniker/in - Elektrotechnik (ohne Schwerpunkt)/Bachelor Professional in Technik,3
2026-07-06,rems-murr-kreis,Ingenieur/in - Kunststofftechnik,3
2026-07-06,rems-murr-kreis,Industriemechaniker/in - Geräte- und Feinwerktechnik,3
2026-07-06,rems-murr-kreis,Fahrlehrer/in,3
2026-07-06,rems-murr-kreis,Busfahrer/in,3
2026-07-06,rems-murr-kreis,Konstrukteur/in - Maschinen-/Anlagentechnik,3
2026-07-06,rems-murr-kreis,Bauwerksabdichter/in,3
2026-07-06,rems-murr-kreis,Niederlassungsleiter/in,3
2026-07-06,rems-murr-kreis,Objektleiter/in (Gebäudereinigung),3
2026-07-06,rems-murr-kreis,Pflegeassistent/in,3
2026-07-06,rems-murr-kreis,Glasfasermonteur/in,3
2026-07-06,rems-murr-kreis,Helfer/in - Chemie- und Pharmatechnik,3
2026-07-06,rems-murr-kreis,Polier/in - Tiefbau,3
2026-07-06,rems-murr-kreis,Vorarbeiter/in - Tiefbau,3
2026-07-06,rems-murr-kreis,EDV-Sachbearbeiter/in,3
2026-07-06,rems-murr-kreis,IT-Projektkoordinator/in,3
2026-07-06,rems-murr-kreis,Event-Manager/in,3
2026-07-06,rems-murr-kreis,Fachkraft - Metalltechnik - Zerspanungstechnik,3
2026-07-06,rems-murr-kreis,Nachhaltigkeitsmanager/in,3
2026-07-06,rems-murr-kreis,Vorarbeiter/in - Reinigung,3
2026-07-06,rems-murr-kreis,Lehrer/in/Dozent/in - Erwachsenenbildung,3
2026-07-06,rems-murr-kreis,Technische/r Zeichner/in - Elektrotechnik,3
2026-07-06,rems-murr-kreis,Kraftfahrzeugelektriker/in,3
2026-07-06,rems-murr-kreis,Fachlehrkraft - Förderschulen,3
2026-07-06,rems-murr-kreis,Supply-Chain-Manager/in,3
2026-07-06,rems-murr-kreis,Facharzt/-ärztin - Anästhesiologie,3
2026-07-06,rems-murr-kreis,Berater/in - Immobilienfinanzierung,3
2026-07-06,rems-murr-kreis,"Fachkraft - Rohr-, Kanal- und Industrieservice",3
2026-07-06,rems-murr-kreis,Maler- und Lackierermeister/in/Bachelor Professional im Maler- und Lackierer-Handwerk,3
2026-07-06,rems-murr-kreis,Garten-/Landschaftsgestalter/in,3
2026-07-06,rems-murr-kreis,Biologisch-technische/r Assistent/in,3
2026-07-06,rems-murr-kreis,Psychologe/Psychologin,3
2026-07-06,rems-murr-kreis,Sporttherapeut/in,3
2026-07-06,rems-murr-kreis,"Helfer/in - Klempnerei, Installation",3
2026-07-06,rems-murr-kreis,Servicetechniker/in - Sicherheits-/Alarmanlagen,3
2026-07-06,rems-murr-kreis,Chemielaborant/in,3
2026-07-06,rems-murr-kreis,Personalberater/in,3
2026-07-06,rems-murr-kreis,Managementassistent/in,3
2026-07-06,rems-murr-kreis,Unternehmensberater/in,3
2026-07-06,rems-murr-kreis,IT-Kundenbetreuer/in,3
2026-07-06,rems-murr-kreis,Zimmerermeister/in/Bachelor Professional im Zimmerer-Handwerk,3
2026-07-06,rems-murr-kreis,Schilder- und Lichtreklamehersteller/in,3
2026-07-06,rems-murr-kreis,Kindergartenleiter/in,3
2026-07-06,rems-murr-kreis,Helfer/in - Druck,3
2026-07-06,rems-murr-kreis,Fachkraft - Gastronomie (Restaurantservice),3
2026-07-06,rems-murr-kreis,Elektroniker/in - Gebäude- und Infrastruktursysteme,3
2026-07-06,rems-murr-kreis,Qualitätsingenieur/in,3
2026-07-06,rems-murr-kreis,IT-Vertriebsbeauftragte/r,3
2026-07-06,rems-murr-kreis,Einrichtungsfachberater/in/Bachelor Professional in Wirtschaft,3
2026-07-06,rems-murr-kreis,Fachmann/-frau - Systemgastronomie,3
2026-07-06,rems-murr-kreis,Maler/in und Tapezierer/in,3
2026-07-06,rems-murr-kreis,MAG-Schweißer/in,3
2026-07-06,rems-murr-kreis,Rohrleitungsbauer/in,3
2026-07-06,rems-murr-kreis,Maurer/in,3
2026-07-06,rems-murr-kreis,Tiefbaufacharbeiter/in - Straßenbauarbeiten,3
2026-07-06,rems-murr-kreis,Personaldienstleistungskaufmann/-frau,3
2026-07-06,rems-murr-kreis,Praxisanleiter/in - Pflegeberufe,3
2026-07-06,rems-murr-kreis,Recruiter/in,3
2026-07-06,rems-murr-kreis,Rettungshelfer/in,3
2026-07-06,rems-murr-kreis,Telefonist/in,3
2026-07-06,rems-murr-kreis,Vermessungstechniker/in - Vermessung,3
2026-07-06,rems-murr-kreis,Mechaniker/in - Land- und Baumaschinentechnik,3
2026-07-06,rems-murr-kreis,Hörakustiker/in,3
2026-07-06,rems-murr-kreis,Apotheker/in,3
2026-07-06,rems-murr-kreis,E-Commerce-Manager/in,3
2026-07-06,rems-murr-kreis,Helfer/in - Altenpflege/Persönliche Assistenz,3
2026-07-06,rems-murr-kreis,Techniker/in - Elektrotechnik (Energietechnik)/Bachelor Professional in Technik,3
2026-07-06,rems-murr-kreis,Holzmechaniker/in - Möbelbau und Innenausbau,3
2026-07-06,rems-murr-kreis,IT-System-Elektroniker/in,3
2026-07-06,rems-murr-kreis,Dentalhygieniker/in,3
2026-07-06,rems-murr-kreis,Kunststoff- und Kautschuktechnologe/-technologin - Bauteile,3
2026-07-06,rems-murr-kreis,SPS-Fachkraft,2
2026-07-06,rems-murr-kreis,Berufsspezialist/in - Haushaltsführung und Familienbetreuung (Dorfhelfer/in),2
2026-07-06,rems-murr-kreis,Fachkraft - Marketing/Verkauf/Vertrieb,2
2026-07-06,rems-murr-kreis,IT-Manager/in,2
2026-07-06,rems-murr-kreis,Konstruktionsmechaniker/in - Schweißtechnik,2
2026-07-06,rems-murr-kreis,Techniker/in - Maschinentechnik (ohne Schwerpunkt)/Bachelor Professional in Technik,2
2026-07-06,rems-murr-kreis,Ingenieur/in - Verfahrenstechnik,2
2026-07-06,rems-murr-kreis,Industriemeister/in - Elektrotechnik,2
2026-07-06,rems-murr-kreis,Techniker/in - Elektrotechnik (Informations- und Kommunikationstechnik)/Bachelor Professional in Technik,2
2026-07-06,rems-murr-kreis,Fachkinderkrankenpfleger/in - Intensivpflege/Anästhesie,2
2026-07-06,rems-murr-kreis,Technische/r Zeichner/in - Maschinen- und Anlagentechnik,2
2026-07-06,rems-murr-kreis,Elektroniker/in - Informations- und Telekommunikationstechnik,2
2026-07-06,rems-murr-kreis,Schulbegleiter/in,2
2026-07-06,rems-murr-kreis,Stadt- und Regionalplaner/in,2
2026-07-06,rems-murr-kreis,Kommunikationselektroniker/in - Informationstechnik,2
2026-07-06,rems-murr-kreis,Kaufmann/-frau - Einzelhandel (Sportartikel),2
2026-07-06,rems-murr-kreis,"Maschinen-, Anlagen- und Behälterreiniger/in",2
2026-07-06,rems-murr-kreis,Drucker/in - Digitaldruck,2
2026-07-06,rems-murr-kreis,Fräser/in,2
2026-07-06,rems-murr-kreis,Bestattungsfachkraft,2
2026-07-06,rems-murr-kreis,Chefarzt/-ärztin,2
2026-07-06,rems-murr-kreis,Mechatroniker/in - Kältetechnik,2
2026-07-06,rems-murr-kreis,Key-Account-Manager/in,2
2026-07-06,rems-murr-kreis,Notfallsanitäter/in,2
2026-07-06,rems-murr-kreis,Netzwerk-Servicetechniker/in,2
2026-07-06,rems-murr-kreis,Dienstwagenfahrer/in,2
2026-07-06,rems-murr-kreis,Operationstechnische/r Angestellte/r,2
2026-07-06,rems-murr-kreis,Sport- und Fitnesskaufmann/-frau,2
2026-07-06,rems-murr-kreis,Wirtschafter/in - Hauswirtschaft/Bachelor Professional in Agrarwirtschaft,2
2026-07-06,rems-murr-kreis,Berufstrainer/in - Sport,2
2026-07-06,rems-murr-kreis,Karosserie- und Fahrzeugbaumechaniker/in - Fahrzeugbautechnik,2
2026-07-06,rems-murr-kreis,Energieelektroniker/in - Anlagentechnik,2
2026-07-06,rems-murr-kreis,Pizzabäcker/in,2
2026-07-06,rems-murr-kreis,Binnenschiffer/in,2
2026-07-06,rems-murr-kreis,Fachkraft - Sozialarbeit,2
2026-07-06,rems-murr-kreis,Kraftfahrzeugmechatroniker/in - Karosserietechnik,2
2026-07-06,rems-murr-kreis,Bauzeichner/in,2
2026-07-06,rems-murr-kreis,Leiter/in - Gastronomiebetrieb,2
2026-07-06,rems-murr-kreis,Berufseinstiegsbegleiter/in,2
2026-07-06,rems-murr-kreis,Steinmetz/in und Steinbildhauer/in - Denkmalpflege,2
2026-07-06,rems-murr-kreis,Konstrukteur/in - Elektrotechnik,2
2026-07-06,rems-murr-kreis,Techniker/in - Maschinentechnik (Fertigungstechnik)/Bachelor Professional in Technik,2
2026-07-06,rems-murr-kreis,Betriebswirt/in (Fachschule) - Projektmanagement,2
2026-07-06,rems-murr-kreis,Medizinische/r Technologe/Technologin - Radiologie,2
2026-07-06,rems-murr-kreis,Bereichsleiter/in,2
2026-07-06,rems-murr-kreis,Arbeitserzieher/in,2
2026-07-06,rems-murr-kreis,Fachkaufmann/-frau - Vertrieb,2
2026-07-06,rems-murr-kreis,Messtechniker/in (Energietechnik),2
2026-07-06,rems-murr-kreis,Betriebstechniker/in,2
2026-07-06,rems-murr-kreis,Pflegepädagoge/-pädagogin,2
2026-07-06,rems-murr-kreis,Medizinisch-technische/r Laboratoriumsassistent/in,2
2026-07-06,rems-murr-kreis,Konstruktionsmechaniker/in - Feinblechbautechnik,2
2026-07-06,rems-murr-kreis,Heilpädagoge/-pädagogin,2
2026-07-06,rems-murr-kreis,Kunststoffspritzer/in,2
2026-07-06,rems-murr-kreis,Tierarzt/-ärztin - Haus- und Heimtiere,2
2026-07-06,rems-murr-kreis,Testfahrer/in,2
2026-07-06,rems-murr-kreis,Fahrzeugpfleger/in,2
2026-07-06,rems-murr-kreis,Schichtführer/in,2
2026-07-06,rems-murr-kreis,Kindheitspädagoge/-pädagogin,2
2026-07-06,rems-murr-kreis,Berufsspezialist/in - ambulante medizinische Versorgung,2
2026-07-06,rems-murr-kreis,Hauswirtschafter/in - Personenbetreuende Dienstleistungen,2
2026-07-06,rems-murr-kreis,Servicetechniker/in - Land- und Baumaschinen,2
2026-07-06,rems-murr-kreis,Gießereimechaniker/in,2
2026-07-06,rems-murr-kreis,Leiter/in - Betriebliche Instandhaltung,2
2026-07-06,rems-murr-kreis,Verkehrsplaner/in,2
2026-07-06,rems-murr-kreis,Fachverkäufer/in - Nahrungsmittelhandwerk (Fleischerei),2
2026-07-06,rems-murr-kreis,Designer/in (Ausbildung) - Grafik,2
2026-07-06,rems-murr-kreis,Ingenieur/in - Umweltschutz/Umwelttechnik,2
2026-07-06,rems-murr-kreis,Verkehrsbauingenieur/in,2
2026-07-06,rems-murr-kreis,Strahlenschutzfachkraft,2
2026-07-06,rems-murr-kreis,Baggerführer/in,2
2026-07-06,rems-murr-kreis,Bodenleger/in,2
2026-07-06,rems-murr-kreis,Wirtschaftsinformatiker/in - IT-Systeme,2
2026-07-06,rems-murr-kreis,IT-Sicherheitskoordinator/in,2
2026-07-06,rems-murr-kreis,Fuhrparkleiter/in,2
2026-07-06,rems-murr-kreis,Ingenieur/in - Service/Instandhaltung,2
2026-07-06,rems-murr-kreis,Inbetriebnahmetechniker/in - Energietechnik,2
2026-07-06,rems-murr-kreis,Fachanwalt/-anwältin,2
2026-07-06,rems-murr-kreis,Industriemechaniker/in - Betriebstechnik,2
2026-07-06,rems-murr-kreis,Landmaschinenmechaniker/in,2
2026-07-06,rems-murr-kreis,Tankwagenfahrer/in,2
2026-07-06,rems-murr-kreis,Helfer/in - Textilherstellung,2
2026-07-06,rems-murr-kreis,First-Level-Supporter/in,2
2026-07-06,rems-murr-kreis,Fachwirt/in - Facility-Management,2
2026-07-06,rems-murr-kreis,Feinwerkmechaniker/in - Werkzeugbau,2
2026-07-06,rems-murr-kreis,Kaufmann/-frau - Gesundheitswesen,2
2026-07-06,rems-murr-kreis,Anlagenmechaniker/in - Schweißtechnik,2
2026-07-06,rems-murr-kreis,Facharzt/-ärztin - Arbeitsmedizin,2
2026-07-06,rems-murr-kreis,"Fachkraft - Möbel-, Küchen- und Umzugsservice",2
2026-07-06,rems-murr-kreis,Elektromechaniker/in,2
2026-07-06,rems-murr-kreis,Cyber-Security-Consultant,2
2026-07-06,rems-murr-kreis,Betriebswirt/in (Hochschule) - Steuern und Prüfungswesen,2
2026-07-06,rems-murr-kreis,Industriemechaniker/in - Produktionstechnik,2
2026-07-06,rems-murr-kreis,Holzmechaniker/in - Montieren von Innenausbauten und Bauelementen,2
2026-07-06,rems-murr-kreis,Beamter/Beamtin - Allgemeine Innere Verwaltung (gehobener nichttechnischer Dienst),2
2026-07-06,rems-murr-kreis,Fachverkäufer/in - Nahrungsmittel,2
2026-07-06,rems-murr-kreis,Hotelfachmann/-frau,2
2026-07-06,rems-murr-kreis,Werkzeugmechaniker/in - Formentechnik,2
2026-07-06,rems-murr-kreis,Meister/in - Veranstaltungstechnik (Beleuchtung),2
2026-07-06,rems-murr-kreis,Kosmetiker/in,2
2026-07-06,rems-murr-kreis,Onlinemarketing-Manager/in,2
2026-07-06,rems-murr-kreis,Elektromaschinenbauer/in,2
2026-07-06,rems-murr-kreis,Testingenieur/in,2
2026-07-06,rems-murr-kreis,IT-Produktkoordinator/in,2
2026-07-06,rems-murr-kreis,Ingenieur/in - Erneuerbare Energien,2
2026-07-06,rems-murr-kreis,Baureiniger/in (Gebäudereinigung),2
2026-07-06,rems-murr-kreis,Kraftfahrzeug-Servicetechniker/in,2
2026-07-06,rems-murr-kreis,Fachkraft - Veranstaltungstechnik (mit Schwerpunkten),2
2026-07-06,rems-murr-kreis,Betriebswirt/in (Hochschule) - Marketing,2
2026-07-06,rems-murr-kreis,HR Business Partner,2
2026-07-06,rems-murr-kreis,Verkaufsleiter/in im Lebensmittelhandwerk,2
2026-07-06,rems-murr-kreis,Klinische Kodierfachkraft,2
2026-07-06,rems-murr-kreis,Gerüstbauer/in,2
2026-07-06,rems-murr-kreis,Elektroniker/in - Prüffeld,2
2026-07-06,rems-murr-kreis,Kreditsachbearbeiter/in,2
2026-07-06,rems-murr-kreis,Betriebswirt/in - allgemeine Betriebswirtschaft,2
2026-07-06,rems-murr-kreis,Innenarchitekt/in,2
2026-07-06,rems-murr-kreis,Warenannehmer/in,2
2026-07-06,rems-murr-kreis,Zweiradmechaniker/in - Motorradtechnik,2
2026-07-06,rems-murr-kreis,Konstrukteur/in,2
2026-07-06,rems-murr-kreis,Tourismuskaufmann/-frau (Privat- und Geschäftsreisen),2
2026-07-06,rems-murr-kreis,Stationsleiter/in - Kranken-/Alten-/Kinderkrankenpflege,2
2026-07-06,rems-murr-kreis,Beamter/Beamtin - Wehrverwaltung (mittlerer nichttechnischer Dienst),2
2026-07-06,rems-murr-kreis,Pferdewirt/in (mit Schwerpunkten),2
2026-07-06,rems-murr-kreis,IT-Tester/in,2
2026-07-06,rems-murr-kreis,Volkswirt/in,2
2026-07-06,rems-murr-kreis,Fachkraft - Demontage,2
2026-07-06,rems-murr-kreis,Medizinprodukteberater/in,2
2026-07-06,rems-murr-kreis,Techniker/in - Bekleidungstechnik/Bachelor Professional in Technik,2
2026-07-06,rems-murr-kreis,Physiotherapeut/in (Sportphysiotherapie),2
2026-07-06,rems-murr-kreis,Haushälter/in (Privathaushalt),2
2026-07-06,rems-murr-kreis,Spielhallenaufsicht,2
2026-07-06,rems-murr-kreis,Küchenplaner/in,2
2026-07-06,rems-murr-kreis,Immobilienmakler/in,2
2026-07-06,rems-murr-kreis,Sicherheitstechniker/in (IT),2
2026-07-06,rems-murr-kreis,Betriebswirt/in (Hochschule) - Immobilien,2
2026-07-06,rems-murr-kreis,Elektroniker/in - Automatisierungstechnik (Handwerk),2
2026-07-06,rems-murr-kreis,Technische/r Zeichner/in - Heizungs-/Klima-/Sanitärtechnik,2
2026-07-06,rems-murr-kreis,Fachpflegekraft - Psychiatrie,2
2026-07-06,rems-murr-kreis,Application-Engineer/-Manager/in,2
2026-07-06,rems-murr-kreis,Kraftfahrzeugmechatroniker/in - Nutzfahrzeugtechnik,2
2026-07-06,rems-murr-kreis,Technische/r Systemplaner/in - Elektrotechnische Systeme,2
2026-07-06,rems-murr-kreis,Glasreiniger/in,2
2026-07-06,rems-murr-kreis,Land- und Baumaschinenmechatroniker/in,2
2026-07-06,rems-murr-kreis,Land- und Baumaschinenmechatronikermeister/in/Bachelor Professional im Land- und Baumaschinenmechatroniker-Handwerk,2
2026-07-06,rems-murr-kreis,Jugendreferent/in,2
2026-07-06,rems-murr-kreis,Florist/in,2
2026-07-06,rems-murr-kreis,Podologe/Podologin,2
2026-07-06,rems-murr-kreis,CAD-Fachkraft - Elektrotechnik,2
2026-07-06,rems-murr-kreis,Fachwirt/in - Marktforschung,2
2026-07-06,rems-murr-kreis,Helfer/in - Farb- und Lacktechnik,2
2026-07-06,rems-murr-kreis,"Fliesen-, Platten- und Mosaiklegermeister/in/Bachelor Professional im Fliesen-, Platten- und Mosaikleger-Handwerk",2
2026-07-06,rems-murr-kreis,Haus- und Familienpfleger/in,2
2026-07-06,rems-murr-kreis,Brandschutzfachkraft (Brandschutzmonteur/in),2
2026-07-06,rems-murr-kreis,Steinmetz/in und Steinbildhauer/in - Steinmetzarbeiten,2
2026-07-06,rems-murr-kreis,Schwimmlehrer/in,2
2026-07-06,rems-murr-kreis,Technische/r Systemplaner/in - Versorgungs- und Ausrüstungstechnik,2
2026-07-06,rems-murr-kreis,Polsterer/Polsterin,2
2026-07-06,rems-murr-kreis,Karosserie- und Fahrzeugbauer/in - Fahrzeugbau,2
2026-07-06,rems-murr-kreis,Fertigungsmechaniker/in,2
2026-07-06,rems-murr-kreis,Kaufmann/-frau - Versicherungen und Finanzanlagen,2
2026-07-06,rems-murr-kreis,CRM-Manager/in,2
2026-07-06,rems-murr-kreis,Fachkrankenpfleger/in - Onkologie,2
2026-07-06,rems-murr-kreis,Empfangschef/in (Hotel),2
2026-07-06,rems-murr-kreis,Fachkraft - Schutz und Sicherheit,2
2026-07-06,rems-murr-kreis,Gerätezusammensetzer/in,2
2026-07-06,rems-murr-kreis,Heilerziehungspfleger/in - Rehabilitation,1
2026-07-06,rems-murr-kreis,Elektroniker/in - Maschinen und Antriebstechnik (BBiG),1
2026-07-06,rems-murr-kreis,Produktionstechnologe/-technologin,1
2026-07-06,rems-murr-kreis,Produktionsingenieur/in,1
2026-07-06,rems-murr-kreis,Zerspanungsmechaniker/in - Drehtechnik,1
2026-07-06,rems-murr-kreis,Leiter/in - Engineering,1
2026-07-06,rems-murr-kreis,Techniker/in - Maschinentechnik (Verfahrenstechnik)/Bachelor Professional in Technik,1
2026-07-06,rems-murr-kreis,Techniker/in - Feinwerktechnik/Bachelor Professional in Technik,1
2026-07-06,rems-murr-kreis,Techniker/in - Mikrosystemtechnik,1
2026-07-06,rems-murr-kreis,Klebfachingenieur/in,1
2026-07-06,rems-murr-kreis,Embedded-Systems-Entwickler/in,1
2026-07-06,rems-murr-kreis,Feinoptiker/in,1
2026-07-06,rems-murr-kreis,Coach / Supervisor/in,1
2026-07-06,rems-murr-kreis,Uhrmacher/in,1
2026-07-06,rems-murr-kreis,Mikrotechnologe/-technologin,1
2026-07-06,rems-murr-kreis,Jobcoach,1
2026-07-06,rems-murr-kreis,Betriebswirt/in (Fachschule) - Kommunikation und Büromanagement/Bachelor Professional in Wirtschaft,1
2026-07-06,rems-murr-kreis,Kommunikationselektroniker/in - Telekommunikationstechnik,1
2026-07-06,rems-murr-kreis,Feinwerkmechaniker/in - Feinmechanik,1
2026-07-06,rems-murr-kreis,Inbetriebnahmetechniker/in - Maschinenbau,1
2026-07-06,rems-murr-kreis,Facharzt/-ärztin - Augenheilkunde,1
2026-07-06,rems-murr-kreis,Kraftfahrzeugmechatroniker/in - Motorradtechnik,1
2026-07-06,rems-murr-kreis,DevOps Engineer,1
2026-07-06,rems-murr-kreis,Systemelektroniker/in,1
2026-07-06,rems-murr-kreis,Betriebswirt/in (Hochschule) - Dienstleistungsmanagement,1
2026-07-06,rems-murr-kreis,Zweiradmechaniker/in - Fahrradtechnik,1
2026-07-06,rems-murr-kreis,"Fachverkäufer/in - Kfz-Zubehör, Reifen",1
2026-07-06,rems-murr-kreis,Straßenbauingenieur/in,1
2026-07-06,rems-murr-kreis,Medizinische/r Technologe/Technologin - Laboratoriumsanalytik,1
2026-07-06,rems-murr-kreis,Buchbinder/in,1
2026-07-06,rems-murr-kreis,Betriebsgärtner/in,1
2026-07-06,rems-murr-kreis,Absatz- und Werbewirtschaftler/in,1
2026-07-06,rems-murr-kreis,Baukontrolleur/in (Sicherheitskontrolleur/in),1
2026-07-06,rems-murr-kreis,Vorarbeiter/in - Fahrzeuglackierung,1
2026-07-06,rems-murr-kreis,Zerspanungsmechaniker/in - Automaten-Drehtechnik,1
2026-07-06,rems-murr-kreis,EDV-Fachkraft,1
2026-07-06,rems-murr-kreis,Gärtner/in - Zierpflanzenbau,1
2026-07-06,rems-murr-kreis,Schwangerschaftskonfliktberater/in,1
2026-07-06,rems-murr-kreis,Verwaltungsfachangestellte/r - HWK und IHK,1
2026-07-06,rems-murr-kreis,Leiter/in - Supply-Chain-Management,1
2026-07-06,rems-murr-kreis,Solarmonteur/in,1
2026-07-06,rems-murr-kreis,Fachmann/-frau - Restaurants und Veranstaltungsgastronomie,1
2026-07-06,rems-murr-kreis,Geoinformatiker/in,1
2026-07-06,rems-murr-kreis,Master of Business Administration,1
2026-07-06,rems-murr-kreis,Leiter/in - Verkauf (Handel),1
2026-07-06,rems-murr-kreis,Reklamationssachbearbeiter/in,1
2026-07-06,rems-murr-kreis,Objektverwalter/in (Immobilien),1
2026-07-06,rems-murr-kreis,Heizungs-/Sanitärkaufmann/-frau (Handel),1
2026-07-06,rems-murr-kreis,Hotelkaufmann/-frau,1
2026-07-06,rems-murr-kreis,Hauswirtschafter/in - Serviceorientierte Dienstleistungen,1
2026-07-06,rems-murr-kreis,Facharzt/-ärztin - Innere Medizin und Endokrinologie und Diabetologie,1
2026-07-06,rems-murr-kreis,Physiker/in,1
2026-07-06,rems-murr-kreis,Zugführer/in,1
2026-07-06,rems-murr-kreis,Justiziar/in,1
2026-07-06,rems-murr-kreis,Techniker/in - Gebäudesystemtechnik/Bachelor Professional in Technik,1
2026-07-06,rems-murr-kreis,Konstrukteur/in - Karosserie-/Fahrzeugbautechnik,1
2026-07-06,rems-murr-kreis,Fitnesstrainer/in,1
2026-07-06,rems-murr-kreis,Facharzt/-ärztin - Gefäßchirurgie,1
2026-07-06,rems-murr-kreis,Mediendesigner/in,1
2026-07-06,rems-murr-kreis,Fachkraft - Gebäudetechnik,1
2026-07-06,rems-murr-kreis,Techniker/in - Galvanotechnik/Bachelor Professional in Technik,1
2026-07-06,rems-murr-kreis,Oberflächenbeschichter/in,1
2026-07-06,rems-murr-kreis,Lehrer/in - Förderschulen,1
2026-07-06,rems-murr-kreis,Elektroniker/in - Maschinen und Antriebstechnik (Ausbildung bis 2021),1
2026-07-06,rems-murr-kreis,Vorarbeiter/in - Maler- und Lackiererarbeiten,1
2026-07-06,rems-murr-kreis,Galvaniseur/in,1
2026-07-06,rems-murr-kreis,Kunsthandwerker/in,1
2026-07-06,rems-murr-kreis,Entwicklungstechniker/in,1
2026-07-06,rems-murr-kreis,Installateur- und Heizungsbauermeister/in/Bachelor Professional im Installateur- und Heizungsbauer-Handwerk,1
2026-07-06,rems-murr-kreis,Spezialist/in - Industrie 4.0,1
2026-07-06,rems-murr-kreis,Betriebsleiter/in - Hotel und Gaststätten/Bachelor Professional in Hauswirtschaft,1
2026-07-06,rems-murr-kreis,Kantinenleiter/in,1
2026-07-06,rems-murr-kreis,Kaufmännische/r Assistent/in/Wirtschaftsassistent/in - E-Business Management,1
2026-07-06,rems-murr-kreis,Steinmetz- und Steinbildhauermeister/in/Bachelor Professional im Steinmetz- und Steinbildhauer-Handwerk,1
2026-07-06,rems-murr-kreis,Fachkraft - Veranstaltungstechnik,1
2026-07-06,rems-murr-kreis,Verwaltungsfachangestellte/r - Kirchenverwaltung - evangelische Kirche,1
2026-07-06,rems-murr-kreis,Arzthelfer/in,1
2026-07-06,rems-murr-kreis,Techniker/in - Farb- und Lacktechnik (Anwendungs- und Betriebstechnik),1
2026-07-06,rems-murr-kreis,Fachwirt/in - Marketing/Bachelor Professional in Marketing,1
2026-07-06,rems-murr-kreis,Techniker/in - Verfahrenstechnik/Bachelor Professional in Technik,1
2026-07-06,rems-murr-kreis,Fachkraft - innovative Fahrzeugaufbereitung,1
2026-07-06,rems-murr-kreis,Stahl- und Metallbauingenieur/in,1
2026-07-06,rems-murr-kreis,Museumspädagoge/-pädagogin,1
2026-07-06,rems-murr-kreis,Fachkraft - Fruchtsafttechnik,1
2026-07-06,rems-murr-kreis,Facharzt/-ärztin - Psychiatrie und Psychotherapie,1
2026-07-06,rems-murr-kreis,Produktionsmechaniker/in - Textil,1
2026-07-06,rems-murr-kreis,Servicefachkraft - Dialogmarketing,1
2026-07-06,rems-murr-kreis,Eurokaufmann/-frau,1
2026-07-06,rems-murr-kreis,Barista,1
2026-07-06,rems-murr-kreis,Kraftfahrzeugsachverständige/r,1
2026-07-06,rems-murr-kreis,Data Engineer,1
2026-07-06,rems-murr-kreis,Gleisbauer/in,1
2026-07-06,rems-murr-kreis,Fullstack-Entwickler/in,1
2026-07-06,rems-murr-kreis,Techniker/in - Informatik (Nachhaltige Digitalisierung)/Bachelor Professional in Technik,1
2026-07-06,rems-murr-kreis,Leiter/in - Immobilienmanagement,1
2026-07-06,rems-murr-kreis,Bauwerksmechaniker/in für Abbruch und Betontrenntechnik,1
2026-07-06,rems-murr-kreis,Sekretär/in - Gesundheitswesen,1
2026-07-06,rems-murr-kreis,Facharzt/-ärztin - Orthopädie und Unfallchirurgie,1
2026-07-06,rems-murr-kreis,Fachkraft - Kindertageseinrichtungen,1
2026-07-06,rems-murr-kreis,Fachkraft - Lebensmitteltechnik,1
2026-07-06,rems-murr-kreis,CAD-Fachkraft - Maschinenbau,1
2026-07-06,rems-murr-kreis,Kaufmännische/r Geschäftsführer/in,1
2026-07-06,rems-murr-kreis,Medieninformatiker/in,1
2026-07-06,rems-murr-kreis,Fachwirt/in - Musik,1
2026-07-06,rems-murr-kreis,Vorarbeiter/in - Ver- und Entsorgung,1
2026-07-06,rems-murr-kreis,Ambulante/r Pfleger/in,1
2026-07-06,rems-murr-kreis,Brennschneider/in,1
2026-07-06,rems-murr-kreis,Fachkraft - Arbeitssicherheit,1
2026-07-06,rems-murr-kreis,Lacklaborant/in,1
2026-07-06,rems-murr-kreis,Ingenieur/in - technische Gebäudeausrüstung,1
2026-07-06,rems-murr-kreis,Produktmanager/in,1
2026-07-06,rems-murr-kreis,Helfer/in - Landwirtschaft,1
2026-07-06,rems-murr-kreis,Brunnenbautechniker/in,1
2026-07-06,rems-murr-kreis,Betriebswirt/in (Fachschule) - Controlling/Bachelor Professional in Wirtschaft,1
2026-07-06,rems-murr-kreis,Buchbindermeister/in/Bachelor Professional im Buchbinder-Handwerk,1
2026-07-06,rems-murr-kreis,Polier/in - Hochbau,1
2026-07-06,rems-murr-kreis,Reifenmonteur/in,1
2026-07-06,rems-murr-kreis,Ingenieur/in - Architektur,1
2026-07-06,rems-murr-kreis,Kiosk-/Imbissverkäufer/in,1
2026-07-06,rems-murr-kreis,Wirtschaftsjurist/in,1
2026-07-06,rems-murr-kreis,Immobilienkaufmann/-frau,1
2026-07-06,rems-murr-kreis,Blitzschutzmonteur/in,1
2026-07-06,rems-murr-kreis,Schweißer/in - Fahrzeugbau,1
2026-07-06,rems-murr-kreis,Fachkaufmann/-frau - Verwaltung von Wohnungseigentum,1
2026-07-06,rems-murr-kreis,Web Developer,1
2026-07-06,rems-murr-kreis,Kälteanlagenbauer/in,1
2026-07-06,rems-murr-kreis,Techniker/in - Zerspanungstechnik/Bachelor Professional in Technik,1
2026-07-06,rems-murr-kreis,Art-Director,1
2026-07-06,rems-murr-kreis,Teilezurichter/in,1
2026-07-06,rems-murr-kreis,Metallbauer/in - Metallgestaltung,1
2026-07-06,rems-murr-kreis,Facharzt/-ärztin - Laboratoriumsmedizin,1
2026-07-06,rems-murr-kreis,Medienmanager/in,1
2026-07-06,rems-murr-kreis,Fachverkäufer/in - Sanitätsfachhandel,1
2026-07-06,rems-murr-kreis,Campaigner/in,1
2026-07-06,rems-murr-kreis,Kraftfahrzeugführer/in - Ver- und Entsorgung,1
2026-07-06,rems-murr-kreis,Schadensregulierer/in (Versicherung),1
2026-07-06,rems-murr-kreis,Employer-Branding-Manager/in,1
2026-07-06,rems-murr-kreis,Dachdecker/in und Bauklempner/in,1
2026-07-06,rems-murr-kreis,Fachkraft - Gastronomie (Systemgastronomie),1
2026-07-06,rems-murr-kreis,Pädagogische/r Assistent/in,1
2026-07-06,rems-murr-kreis,Karosserie- und Fahrzeugbaumechaniker/in - Caravan- und Reisemobiltechnik,1
2026-07-06,rems-murr-kreis,Zählerableser/in,1
2026-07-06,rems-murr-kreis,Ingenieur/in - Wasserwirtschaft,1
2026-07-06,rems-murr-kreis,Rechtsanwaltsgehilfe/-gehilfin,1
2026-07-06,rems-murr-kreis,Gärtner/in - Staudengärtnerei,1
2026-07-06,rems-murr-kreis,Sonderpädagoge/-pädagogin (Fachschule),1
2026-07-06,rems-murr-kreis,Lehrer/in - berufliche Schulen,1
2026-07-06,rems-murr-kreis,Betriebswirt/in (Hochschule) - Bank und Finanzdienstleistungen,1
2026-07-06,rems-murr-kreis,"Ingenieur/in - Robotik, Autonome Systeme",1
2026-07-06,rems-murr-kreis,Blechverarbeitungstechniker/in,1
2026-07-06,rems-murr-kreis,Außendienstleiter/in (Versicherung),1
2026-07-06,rems-murr-kreis,Datenbankentwickler/in,1
2026-07-06,rems-murr-kreis,Leiter/in - Projekt-/Programmmanagement,1
2026-07-06,rems-murr-kreis,Compliance-Manager/in,1
2026-07-06,rems-murr-kreis,Versicherungssachbearbeiter/in,1
2026-07-06,rems-murr-kreis,IT-Compliance-Consultant,1
2026-07-06,rems-murr-kreis,Funkstellenleiter/in (Rettungsleitstelle),1
2026-07-06,rems-murr-kreis,Fachangestellte/r - Arbeitsmarktdienstleistungen,1
2026-07-06,rems-murr-kreis,Betriebswirt/in (Hochschule) - Logistik,1
2026-07-06,rems-murr-kreis,Konstrukteur/in - Werkzeugmaschinenbau/Formentechnik,1
2026-07-06,rems-murr-kreis,Textilreiniger/in,1
2026-07-06,rems-murr-kreis,Autor/in / Schriftsteller/in,1
2026-07-06,rems-murr-kreis,Karosserie- und Fahrzeugbaumechaniker/in - Karosserie- und Fahrzeugbautechnik,1
2026-07-06,rems-murr-kreis,Mediengestalter/in Digital und Print - Gestaltung und Technik,1
2026-07-06,rems-murr-kreis,Fachkaufmann/-frau - Personal,1
2026-07-06,rems-murr-kreis,Fachbauleiter/in - Tischlerhandwerk,1
2026-07-06,rems-murr-kreis,Webdesigner/in,1
2026-07-06,rems-murr-kreis,Technische/r Fachwirt/in,1
2026-07-06,rems-murr-kreis,Leiter/in - Logistik,1
2026-07-06,rems-murr-kreis,Parkettleger/in,1
2026-07-06,rems-murr-kreis,Arbeitsmedizinische/r Assistent/in,1
2026-07-06,rems-murr-kreis,Werkpolier/in - Tiefbau,1
2026-07-06,rems-murr-kreis,Verwaltungsleiter/in (Krankenhaus),1
2026-07-06,rems-murr-kreis,Ingenieur/in - technische Informatik,1
2026-07-06,rems-murr-kreis,Fachkraft - Automatisierungstechnik,1
2026-07-06,rems-murr-kreis,Medientechnologe/-technologin Druckverarbeitung,1
2026-07-06,rems-murr-kreis,Leiter/in - Altenpflegeeinrichtung,1
2026-07-06,rems-murr-kreis,Zahntechnische Hilfskraft,1
2026-07-06,rems-murr-kreis,"Ausbaufacharbeiter/in - Fliesen-, Platten- und Mosaikarbeiten",1
2026-07-06,rems-murr-kreis,Netzwerkadministrator/in,1
2026-07-06,rems-murr-kreis,Geomatiker/in,1
2026-07-06,rems-murr-kreis,Flachdachdecker/in,1
2026-07-06,rems-murr-kreis,Technische/r Assistent/in - Bautechnik,1
2026-07-06,rems-murr-kreis,Ingenieur/in - Baustoffe,1
2026-07-06,rems-murr-kreis,Anwendungsberater/in,1
2026-07-06,rems-murr-kreis,"Barmixer/in, Barkeeper/in",1
2026-07-06,rems-murr-kreis,Assistent/in - Produktionsleitung,1
2026-07-06,rems-murr-kreis,Medizinische/r Dokumentationsassistent/in,1
2026-07-06,rems-murr-kreis,Pflegefachmann/-frau (Hochschule),1
2026-07-06,rems-murr-kreis,Krankenschwester/-pfleger,1
2026-07-06,rems-murr-kreis,Social-Media-Manager/in,1
2026-07-06,rems-murr-kreis,Karosserie- und Fahrzeugbauer/in - Karosseriebau,1
2026-07-06,rems-murr-kreis,Medientechniker/in (Kommunikationselektronik),1
2026-07-06,rems-murr-kreis,IT-System-Kaufmann/-frau,1
2026-07-06,rems-murr-kreis,Textil- und Modenäher/in,1
2026-07-06,rems-murr-kreis,Kaufmann/-frau - Digitalisierungsmanagement,1
2026-07-06,rems-murr-kreis,Feinpolierer/in,1
2026-07-06,rems-murr-kreis,Revenue-Manager/in,1
2026-07-06,rems-murr-kreis,Fachkraft - Metalltechnik - Konstruktionstechnik,1
2026-07-06,rems-murr-kreis,Fachkraft - Trockenbau,1
2026-07-06,rems-murr-kreis,Präzisionswerkzeugmechaniker/in - Zerspanwerkzeuge,1
2026-07-06,rems-murr-kreis,Maschinen- und Anlagenführer/in - Druckweiter- und Papierverarbeitung,1
2026-07-06,rems-murr-kreis,Betriebswirt/in (Fachschule) - Produktionswirtschaft/Bachelor Professional in Wirtschaft,1
2026-07-06,rems-murr-kreis,Vertriebscontroller/in,1
2026-07-06,rems-murr-kreis,Techniker/in - Bautechnik (Baubetrieb),1
2026-07-06,rems-murr-kreis,Schienenfahrzeugführer/in,1
2026-07-06,rems-murr-kreis,Leiter/in - Materialwirtschaft,1
2026-07-06,rems-murr-kreis,Meister/in - Lagerwirtschaft,1
2026-07-06,rems-murr-kreis,Innendienstleiter/in,1
2026-07-06,rems-murr-kreis,Dachdeckermeister/in/Bachelor Professional im Dachdecker-Handwerk,1
2026-07-06,rems-murr-kreis,Techniker/in - Kunststoff- und Kautschuktechnik/Bachelor Professional in Technik,1
2026-07-06,rems-murr-kreis,Betriebswirt/in (Fachschule) - Personalwirtschaft/Bachelor Professional in Wirtschaft,1
2026-07-06,rems-murr-kreis,Tierpfleger/in - Zoo,1
2026-07-06,rems-murr-kreis,Pharmazeut/in,1
2026-07-06,rems-murr-kreis,Kunsttherapeut/in,1
2026-07-06,rems-murr-kreis,Zentralheizungs- und Lüftungsbauer/in,1
2026-07-06,rems-murr-kreis,Raumausstatter/in - Boden,1
2026-07-06,rems-murr-kreis,Hauswirtschaftliche/r Betriebsleiter/in/Bachelor Professional in Wirtschaft,1
2026-07-06,rems-murr-kreis,Verwaltungswissenschaftler/in,1
2026-07-06,rems-murr-kreis,Verwaltungsjurist/in,1
2026-07-06,rems-murr-kreis,Schweißfachingenieur/in,1
2026-07-06,rems-murr-kreis,Auftragsleiter/in,1
2026-07-06,rems-murr-kreis,Techniker/in - Holztechnik (Holzbau),1
2026-07-06,rems-murr-kreis,Messebauer/in,1
2026-07-06,rems-murr-kreis,Diabetesberater/in,1
2026-07-06,rems-murr-kreis,Pferdewirt/in - Klassische Reitausbildung,1
2026-07-06,rems-murr-kreis,"Kaufmann/-frau - Einzelhandel (Kraftfahrzeuge, Teile und Zubehör)",1
2026-07-06,rems-murr-kreis,Änderungsschneider/in,1
2026-07-06,rems-murr-kreis,Fachkraft - Sprachförderung,1
2026-07-06,rems-murr-kreis,Betriebswirt/in (Fachschule) - Handel,1
2026-07-06,rems-murr-kreis,Assistent/in - Personalwesen,1
2026-07-06,rems-murr-kreis,Techniker/in - Metallbautechnik (Gebäudetechnik)/Bachelor Professional in Technik,1
2026-07-06,rems-murr-kreis,Botenfahrer/in,1
2026-07-06,rems-murr-kreis,Fachassistent/in Digitalisierung und IT-Prozesse,1
2026-07-06,rems-murr-kreis,"Techniker/in - Heizungs-, Lüftungs-, Klimatechnik/Bachelor Professional in Technik",1
2026-07-06,rems-murr-kreis,Lerntherapeut/in,1
2026-07-06,rems-murr-kreis,Kraftfahrzeugservicemechaniker/in,1
2026-07-06,rems-murr-kreis,Facharzt/-ärztin - Neurologie,1
2026-07-06,rems-murr-kreis,Bezirksleiter/in,1
2026-07-06,rems-murr-kreis,Statiker/in,1
2026-07-06,rems-murr-kreis,Assistent/in - Beschaffungswesen,1
2026-07-06,rems-murr-kreis,Leiter/in - Vertrieb,1
2026-07-06,rems-murr-kreis,ERP-Organisator/in,1
2026-07-06,rems-murr-kreis,Verfahrenstechnologe/-technologin Metall - Nichteisenmetallumformung,1
2026-07-06,rems-murr-kreis,Helfer/in - Lebensmittelherstellung,1
2026-07-06,rems-murr-kreis,Fachkaufmann/-frau - Einkauf und Logistik,1
2026-07-06,rems-murr-kreis,Elektroniker/in - Maschinen und Antriebstechnik (HwO),1
2026-07-06,rems-murr-kreis,"Schnitt-, Entwurfs- und Fertigungsmodelleur/-direktrice",1
2026-07-06,rems-murr-kreis,Beamter/Beamtin - Eichwesen (gehobener technischer Dienst),1
2026-07-06,rems-murr-kreis,Beamter/Beamtin - Eichwesen (mittlerer technischer Dienst),1
2026-07-06,rems-murr-kreis,Verwaltungsfachangestellte/r - Bundesverwaltung,1
2026-07-06,rems-murr-kreis,Betriebsingenieur/in,1
2026-07-06,rems-murr-kreis,Isolierfacharbeiter/in,1
2026-07-06,rems-murr-kreis,Übungsleiter/in - Breitensport,1
2026-07-06,rems-murr-kreis,Fachkaufmann/-frau - Geschäfts- und Finanzbuchführung,1
2026-07-06,rems-murr-kreis,Fachverkäufer/in - Spielwaren,1
2026-07-06,rems-murr-kreis,Betriebswirt/in (Fachschule) - Finanzen und Investment/Bachelor Professional in Wirtschaft,1
2026-07-06,rems-murr-kreis,Geschäftsführer/in,1
2026-07-06,rems-murr-kreis,Dekontreiniger/in,1
2026-07-06,rems-murr-kreis,Kontrolleur/in - Feuerlöscher,1
2026-07-06,rems-murr-kreis,Bibliothekar/in,1
2026-07-06,rems-murr-kreis,Wundmanager/in,1
2026-07-06,rems-murr-kreis,Forschungsreferent/in,1
2026-07-06,rems-murr-kreis,Bürogehilf(e/in),1
2026-07-06,rems-murr-kreis,Ingenieur/in - Mechatronik,1
2026-07-06,rems-murr-kreis,Maschinenbaumechaniker/in,1
2026-07-06,rems-murr-kreis,Ingenieur/in - Holztechnik,1
2026-07-06,rems-murr-kreis,Fachkraft - Straßen- und Verkehrstechnik,1
2026-07-06,rems-murr-kreis,Sozialversicherungsfachangestellte/r - Unfallversicherung,1
2026-07-06,rems-murr-kreis,Schweißwerkmeister/in,1
2026-07-06,rems-murr-kreis,Beamter/Beamtin - Kommunalverwaltung (gehobener nichttechnischer Dienst),1
2026-07-06,rems-murr-kreis,Maler/in und Lackierer/in - Ausbautechnik und Oberflächengestaltung,1
2026-07-06,rems-murr-kreis,Bankkaufmann/-frau,1
2026-07-06,rems-murr-kreis,Techniker/in - Bautechnik (Hochbau)/Bachelor Professional in Technik,1
2026-07-06,rems-murr-kreis,"Vorarbeiter/in - Sanitär-, Heizungs- und Klimatechnik",1
2026-07-06,rems-murr-kreis,Wirtschaftsprüfer/in,1
2026-07-06,rems-murr-kreis,Notarfachangestellte/r,1
2026-07-06,rems-murr-kreis,Industriemeister/in - Metall (Automobilindustrie),1
2026-07-06,rems-murr-kreis,Kaufmann/-frau - Groß- und Außenhandelsmanagement (Großhandel),1
2026-07-06,rems-murr-kreis,Brandschutzfachkraft,1
2026-07-06,rems-murr-kreis,Sozialwissenschaftler/in,1
2026-07-06,rems-murr-kreis,Fachkaufmann/-frau - Büromanagement,1
2026-07-06,rems-murr-kreis,Flexodrucker/in,1
2026-07-06,rems-murr-kreis,Logistikmeister/in,1
2026-07-06,rems-murr-kreis,Bachelor Professional - Künstliche Intelligenz und Maschinelles Lernen,1
2026-07-06,rems-murr-kreis,Business-Intelligence-Consultant,1
2026-07-06,rems-murr-kreis,IT-Organisator/in,1
2026-07-06,rems-murr-kreis,Betriebsleiter/in - technisch,1
2026-07-06,rems-murr-kreis,Ingenieur/in - Gießereitechnik,1
2026-07-06,rems-murr-kreis,Technische/r Redakteur/in,1
2026-07-06,rems-murr-kreis,Biologe/Biologin,1
2026-07-06,rems-murr-kreis,Schädlingsbekämpfer/in,1
2026-07-06,rems-murr-kreis,Betriebswirt/in (Fachschule) - Marketingkommunikation/Bachelor Professional in Wirtschaft,1
2026-07-06,rems-murr-kreis,Ingenieur/in - Verkehrswesen,1
2026-07-06,rems-murr-kreis,Zahnmedizinische/r Verwaltungsassistent/in,1
2026-07-06,rems-murr-kreis,Rechtsanwalts- und Notarfachangestellte/r,1
2026-07-06,rems-murr-kreis,Anwendungsprogrammierer/in,1
2026-07-06,rems-murr-kreis,Pädagogische Fachkraft - Grundschulkindbetreuung,1
2026-07-06,rems-murr-kreis,Fachgehilf(e/in) - steuer- und wirtschaftsberatende Berufe,1
2026-07-06,rems-murr-kreis,Ingenieur/in - Optoelektronik,1
2026-07-06,rems-murr-kreis,Klimaschutzmanager/in,1
2026-07-06,rems-murr-kreis,Ingenieur/in - Chemietechnik,1
2026-07-06,rems-murr-kreis,Bildungsreferent/in,1
2026-07-06,rems-murr-kreis,Eisenbahner/in - Betriebsdienst - Fahrweg,1
2026-07-06,rems-murr-kreis,Patentanwaltsfachangestellte/r,1
2026-07-06,rems-murr-kreis,Bezirksnotar/in,1
2026-07-06,rems-murr-kreis,Fertighausmonteur/in,1
2026-07-06,rems-murr-kreis,Packmitteltechnologe/-technologin,1
2026-07-06,rems-murr-kreis,Ingenieur/in - Batterietechnik,1
2026-07-06,rems-murr-kreis,Facharzt/-ärztin - Radiologie,1
2026-07-06,rems-murr-kreis,Technische/r Modellbauer/in - Karosserie und Produktion,1
2026-07-06,rems-murr-kreis,Bau- und Projektkaufmann/-frau,1
2026-07-06,rems-murr-kreis,Wassermeister/in,1
2026-07-06,rems-murr-kreis,Leiter/in - Einkauf,1
2026-07-06,rems-murr-kreis,Rettungssanitäter/in,1
2026-07-06,rems-murr-kreis,"Fachkraft - Kurier-, Express- und Postdienstleistungen",1
2026-07-06,rems-murr-kreis,Personalentwickler/in,1
2026-07-06,rems-murr-kreis,Verzinker/in,1
2026-07-06,rems-murr-kreis,Ingenieur/in - Energietechnik,1
2026-07-06,rems-murr-kreis,Bauklempner/in,1
2026-07-06,rems-murr-kreis,Verwaltungsangestellte/r - gehobener Dienst,1
2026-07-06,rems-murr-kreis,Biologielaborant/in,1
2026-07-06,rems-murr-kreis,Wissenschaftliche/r Mitarbeiter/in,1
2026-07-06,rems-murr-kreis,General Manager/in (Hotellerie),1
2026-07-06,rems-murr-kreis,SEO-Manager/in,1
2026-07-06,rems-murr-kreis,IT-Einkäufer/in,1
2026-07-06,rems-murr-kreis,Fahrzeugglaser/in,1
2026-07-06,rems-murr-kreis,Handelsfachpacker/in,1
2026-07-06,rems-murr-kreis,Werkzeugingenieur/in,1
2026-07-06,rems-murr-kreis,Leiter/in - Lagerwirtschaft,1
2026-07-06,rems-murr-kreis,Operations Manager/in,1
2026-07-06,rems-murr-kreis,Fachkinderkrankenpfleger/in - Psychiatrie,1
2026-07-06,rems-murr-kreis,Ausbilder/in - Erste Hilfe,1
2026-07-06,rems-murr-kreis,Lehrer/in (Uni) - Gesamtschulen,1
2026-07-06,rems-murr-kreis,Kaufmann/-frau - Einzelhandel (Küchenhandel),1
2026-07-06,rems-murr-kreis,Metallschleifer/in,1
2026-07-06,rems-murr-kreis,Fleischer/in - Schlachten,1
2026-07-06,rems-murr-kreis,Kalkulator/in,1
2026-07-06,rems-murr-kreis,Hundefriseur/in,1
2026-07-06,rems-murr-kreis,Oberarzt/-ärztin,1
2026-07-06,rems-murr-kreis,Fachverkäufer/in - Elektro/Sanitär/Heizung/Installation,1
2026-07-06,rems-murr-kreis,Leiter/in - Finanz- und Rechnungswesen,1
2026-07-06,rems-murr-kreis,Leiter/in - Produktion/Fertigung,1
2026-07-06,rems-murr-kreis,Versicherungskaufmann/-frau,1
2026-07-06,rems-murr-kreis,Kabeljungwerker/in,1
2026-07-06,rems-murr-kreis,Technische/r Produktdesigner/in (ohne Fachrichtungen),1
2026-07-06,rems-murr-kreis,ERP-Systembetreuer/in,1
2026-07-06,rems-murr-kreis,Operator/in (EDV),1
2026-07-06,rems-murr-kreis,Kaufmann/-frau - E-Commerce,1
2026-07-06,rems-murr-kreis,Metallbauermeister/in/Bachelor Professional im Metallbauer-Handwerk,1
2026-07-06,rems-murr-kreis,Assistent/in - Gesundheits- und Sozialwesen,1
2026-07-06,rems-murr-kreis,Edelsteinschleifer/in (ohne Fachrichtungen),1
2026-07-06,rems-murr-kreis,Konstrukteur/in - Steuerungs- und Automatisierungstechnik,1
2026-07-06,rems-murr-kreis,Lehrkraft - Schulen im Gesundheitswesen,1
2026-07-06,rems-murr-kreis,Helfer/in - Textilverarbeitung,1
2026-07-06,rems-murr-kreis,Werbe- und Medienvorlagenhersteller/in - Gestaltung,1
2026-07-06,rems-murr-kreis,UX-Designer/in,1
2026-07-06,rems-murr-kreis,Verkaufsaufsicht,1
2026-07-06,rems-murr-kreis,Fachassistent/in - Hirnleistungstraining,1
2026-07-06,rems-murr-kreis,Tiefbauingenieur/in,1
2026-07-06,rems-murr-kreis,Karosserie- und Fahrzeugbauermeister/in/Bachelor Professional im Karosserie- und Fahrzeugbauer-Handwerk,1
2026-07-06,rems-murr-kreis,Stuckateurmeister/in/Bachelor Professional im Stuckateur-Handwerk,1
2026-07-06,rems-murr-kreis,Ingenieur/in - Medientechnik/Multimedia,1
2026-07-06,rems-murr-kreis,Ingenieur/in - Gebäudetechnik/Facility-Management,1
2026-07-06,rems-murr-kreis,"Berater/in - Bildung, Beruf und Beschäftigung",1
2026-07-06,rems-murr-kreis,Kaufmann/-frau - Einzelhandel (Computer und DV-Produkte),1
2026-07-06,rems-murr-kreis,"Holzmechaniker/in - Möbel- und Gehäuseindustrie, Industrien des Innenausbaus und des Ladenbaus",1
2026-07-06,rems-murr-kreis,Großküchenkoch/-köchin,1
2026-07-06,rems-murr-kreis,Landwirt/in,1
2026-07-06,rems-murr-kreis,Tischler/in und Glaser/in,1
2026-07-06,rems-murr-kreis,Werkstoffprüfer/in - Metalltechnik,1
2026-07-06,rems-murr-kreis,Siebdrucker/in,1
2026-07-06,rems-murr-kreis,Leiter/in - Personal,1
2026-07-06,rems-murr-kreis,Hebamme,1
2026-07-06,rems-murr-kreis,Technische/r Fachkaufmann/-frau - Sanitär/Heizung/Klima,1
2026-07-06,rems-murr-kreis,Fachkraft - Pflegeassistenz,1
2026-07-06,rems-murr-kreis,Energiemanager/in,1
2026-07-06,rems-murr-kreis,SPS-Ingenieur/in,1
2026-07-06,rems-murr-kreis,Zugsteward/-stewardess,1
2026-07-06,rems-murr-kreis,Kinderdorfmutter/-vater,1
2026-07-06,rems-murr-kreis,Software-Architect,1
2026-07-06,rems-murr-kreis,Neuropsychologe/-psychologin,1
2026-07-06,rems-murr-kreis,Medizinische/r Technologe/Technologin - Funktionsdiagnostik,1
2026-07-06,rems-murr-kreis,Fachassistent/in Lohn und Gehalt,1
2026-07-06,rems-murr-kreis,Sozialversicherungsfachangestellte/r - allgemeine Krankenversicherung,1
2026-07-06,rems-murr-kreis,Pflegewissenschaftler/in,1
2026-07-06,rems-murr-kreis,Information-Architect,1
2026-07-06,rems-murr-kreis,Verfahrenstechnologe/-technologin - Mühlen- und Getreidewirtschaft - Agrarlager,1
2026-07-06,rems-murr-kreis,Betriebswirt/in (Hochschule) - Hotelmanagement,1
2026-07-06,rems-murr-kreis,ESG-Manager/in,1
2026-07-06,rems-murr-kreis,Betriebswirt/in (Fachschule) - Absatz/Marketing/Bachelor Professional in Wirtschaft,1
2026-07-06,rems-murr-kreis,Vermessungsingenieur/in,1
2026-07-06,rems-murr-kreis,Second-Level-Supporter/in,1
2026-07-06,rems-murr-kreis,Fachverkäufer/in - Zoobedarf und Heimtierverkauf,1
2026-07-06,rems-murr-kreis,Industriemeister/in - Metall (Produktionstechnik),1
2026-07-06,rems-murr-kreis,Fachplaner/in - Energie- und Gebäudetechnik,1
2026-07-06,rems-murr-kreis,Hausdame/Housekeeper,1
2026-07-06,rems-murr-kreis,"Fachberater/in - Farben, Lacke und Kunststoffe",1
2026-07-06,rems-murr-kreis,Zweiradmechatroniker/in - Fahrradtechnik,1
2026-07-06,rems-murr-kreis,Fachkrankenschwester/-pfleger - Endoskopie,1
2026-07-06,rems-murr-kreis,Tanzlehrer/in,1
2026-07-06,rems-murr-kreis,Gas- und Wasserinstallateur/in,1
2026-07-06,rems-murr-kreis,Hochbauingenieur/in,1
2026-07-06,rems-murr-kreis,Ingenieur/in - Lüftungstechnik,1
2026-07-06,rems-murr-kreis,Steuerbevollmächtigte/r,1
2026-07-06,rems-murr-kreis,Dokumentar/in,1
2026-07-06,rems-murr-kreis,Rettungsassistent/in,1
2026-07-06,rems-murr-kreis,Fachverkäufer/in - Lebensmittelhandwerk (Konditorei),1
2026-07-06,rems-murr-kreis,Techniker/in - Elektrotechnik (Automatisierungstechnik)/Bachelor Professional in Technik,1
2026-07-06,rems-murr-kreis,Leiter/in - Risikomanagement,1
2026-07-06,rems-murr-kreis,Orthopädietechnikermeister/in/Bachelor Professional im Orthopädietechniker-Handwerk,1
2026-07-06,rems-murr-kreis,Hörakustikermeister/in/Bachelor Professional im Hörakustiker-Handwerk,1
2026-07-06,rems-murr-kreis,"Kaufmann/-frau - Einzelhandel (Diät- und Reformwaren, Lebensmittel)",1
2026-07-06,rems-murr-kreis,Kundenberater/in - Tischlerhandwerk,1
2026-07-06,rems-murr-kreis,Eisenbahner/in - Betriebsdienst - Lokführer/in und Transport,1
2026-07-06,rems-murr-kreis,Zahnmedizinische/r Fachassistent/in,1
2026-07-06,rems-murr-kreis,Revisor/in,1
2026-07-06,rems-murr-kreis,Fachanwalt/-anwältin - Arbeitsrecht,1
2026-07-06,ostalbkreis,Verkäufer/in,210
2026-07-06,ostalbkreis,Gabelstaplerfahrer/in,169
2026-07-06,ostalbkreis,Industriemechaniker/in,125
2026-07-06,ostalbkreis,Helfer/in - Reinigung,113
2026-07-06,ostalbkreis,Zerspanungsmechaniker/in,111
2026-07-06,ostalbkreis,Maschinen- und Anlagenführer/in (ohne Angabe des Schwerpunkts),110
2026-07-06,ostalbkreis,Berufskraftfahrer/in,105
2026-07-06,ostalbkreis,"Helfer/in - Lagerwirtschaft, Transport",98
2026-07-06,ostalbkreis,Fachkraft - Lagerlogistik,96
2026-07-06,ostalbkreis,Helfer/in - Metallbearbeitung,90
2026-07-06,ostalbkreis,"Filialleiter/in, Verkaufsstellenleiter/in",81
2026-07-06,ostalbkreis,Lager- und Transportarbeiter/in,74
2026-07-06,ostalbkreis,Helfer/in - Verkauf,72
2026-07-06,ostalbkreis,Schweißer/in,62
2026-07-06,ostalbkreis,Montierer/in,59
2026-07-06,ostalbkreis,Mechatroniker/in,55
2026-07-06,ostalbkreis,Fachlagerist/in,55
2026-07-06,ostalbkreis,Elektroniker/in - Betriebstechnik,45
2026-07-06,ostalbkreis,Koch/Köchin,42
2026-07-06,ostalbkreis,Projektleiter/in,41
2026-07-06,ostalbkreis,Altenpfleger/in,41
2026-07-06,ostalbkreis,Medizinische/r Fachangestellte/r,40
2026-07-06,ostalbkreis,"Anlagenmechaniker/in - Sanitär-, Heizungs- und Klimatechnik",39
2026-07-06,ostalbkreis,Pflegefachmann/-frau (Altenpflege),37
2026-07-06,ostalbkreis,Elektroniker/in - Energie- und Gebäudetechnik,36
2026-07-06,ostalbkreis,Altenpflegehelfer/in,36
2026-07-06,ostalbkreis,Gesundheits- und Krankenpfleger/in,36
2026-07-06,ostalbkreis,Pflegefachmann/-frau (Gesundheits- und Krankenpflege),34
2026-07-06,ostalbkreis,Tischler/in,34
2026-07-06,ostalbkreis,Bürokaufmann/-frau,33
2026-07-06,ostalbkreis,Lackierer/in - Spritzlackierung,33
2026-07-06,ostalbkreis,Buchhalter/in,32
2026-07-06,ostalbkreis,Industriekaufmann/-frau,32
2026-07-06,ostalbkreis,"Maschinen- und Anlagenführer/in - Metall-, Kunststofftechnik",32
2026-07-06,ostalbkreis,Kaufmännische Fachkraft,31
2026-07-06,ostalbkreis,Fachverkäufer/in - Lebensmittelhandwerk (Bäckerei),31
2026-07-06,ostalbkreis,"Helfer/in - Holz, Flechtwaren",30
2026-07-06,ostalbkreis,Servicekraft - Gastronomie und Gastgewerbe,30
2026-07-06,ostalbkreis,Einkäufer/in,29
2026-07-06,ostalbkreis,Anlagenmechaniker/in,29
2026-07-06,ostalbkreis,CNC-Dreher/in,29
2026-07-06,ostalbkreis,Betriebsschlosser/in,28
2026-07-06,ostalbkreis,Steuerfachangestellte/r,28
2026-07-06,ostalbkreis,Physiotherapeut/in,28
2026-07-06,ostalbkreis,Kommissionierer/in,27
2026-07-06,ostalbkreis,Zahnmedizinische/r Fachangestellte/r,27
2026-07-06,ostalbkreis,Kraftfahrzeugmechatroniker/in - Personenkraftwagentechnik,27
2026-07-06,ostalbkreis,Friseur/in,27
2026-07-06,ostalbkreis,Informatiker/in,26
2026-07-06,ostalbkreis,Einzelhandelskaufmann/-frau,25
2026-07-06,ostalbkreis,Kaufmann/-frau - Büromanagement,25
2026-07-06,ostalbkreis,Konstruktionsmechaniker/in,24
2026-07-06,ostalbkreis,Außendienstmitarbeiter/in,24
2026-07-06,ostalbkreis,Helfer/in - Elektro,23
2026-07-06,ostalbkreis,Ingenieur/in - Maschinenbau,22
2026-07-06,ostalbkreis,"Helfer/in - Kurier-, Zustell- und Postdienstleistungen",21
2026-07-06,ostalbkreis,Pflegefachmann/-frau (Ausbildung),21
2026-07-06,ostalbkreis,Metallbauer/in - Konstruktionstechnik,21
2026-07-06,ostalbkreis,Softwareentwickler/in,21
2026-07-06,ostalbkreis,Metallbearbeiter/in,21
2026-07-06,ostalbkreis,"Helfer/in - Kunststoff, Kautschuk",21
2026-07-06,ostalbkreis,Maler/in und Lackierer/in - Maler/in,21
2026-07-06,ostalbkreis,Elektroniker/in - Automatisierungstechnik,20
2026-07-06,ostalbkreis,CNC-Fachkraft/NC-Anwendungsfachmann/-frau,20
2026-07-06,ostalbkreis,Elektroinstallateur/in,20
2026-07-06,ostalbkreis,MAG-Schweißer/in,20
2026-07-06,ostalbkreis,CNC-Fräser/in,20
2026-07-06,ostalbkreis,"Helfer/in - Maschinenbau, Betriebstechnik",19
2026-07-06,ostalbkreis,Finanzbuchhalter/in,19
2026-07-06,ostalbkreis,Zimmerer/Zimmerin,19
2026-07-06,ostalbkreis,Bauleiter/in,18
2026-07-06,ostalbkreis,Ingenieur/in - Elektrotechnik,18
2026-07-06,ostalbkreis,Forschungs- und Entwicklungsingenieur/in,18
2026-07-06,ostalbkreis,Fahrzeuglackierer/in,18
2026-07-06,ostalbkreis,Helfer/in - Küche,18
2026-07-06,ostalbkreis,Kraftfahrzeugmechaniker/in,18
2026-07-06,ostalbkreis,Kaufmann/-frau - Einzelhandel,17
2026-07-06,ostalbkreis,Vertriebsassistent/in,17
2026-07-06,ostalbkreis,Heilerziehungspfleger/in,17
2026-07-06,ostalbkreis,Physiker/in,16
2026-07-06,ostalbkreis,Fachverkäufer/in - Lebensmittelhandwerk (Fleischerei),16
2026-07-06,ostalbkreis,Kraftfahrzeugmechatroniker/in - Nutzfahrzeugtechnik,16
2026-07-06,ostalbkreis,Erzieher/in,15
2026-07-06,ostalbkreis,Maurer/in,15
2026-07-06,ostalbkreis,Auslieferungsfahrer/in (nicht Verkaufsfahrer/in),15
2026-07-06,ostalbkreis,Stuckateur/in,15
2026-07-06,ostalbkreis,Sozialarbeiter/in / Sozialpädagoge/-pädagogin,14
2026-07-06,ostalbkreis,Fachinformatiker/in - Systemintegration,14
2026-07-06,ostalbkreis,"Montagemechaniker/in, Anlagenmonteur/in",14
2026-07-06,ostalbkreis,Helfer/in - Metallbau,14
2026-07-06,ostalbkreis,Logopäde/Logopädin,14
2026-07-06,ostalbkreis,Gärtner/in - Garten- und Landschaftsbau,14
2026-07-06,ostalbkreis,Hauswirtschafter/in,14
2026-07-06,ostalbkreis,Ingenieur/in - Bau,14
2026-07-06,ostalbkreis,Helfer/in - Lebensmittelherstellung,14
2026-07-06,ostalbkreis,Zerspanungsmechaniker/in - Frästechnik,13
2026-07-06,ostalbkreis,Hausmeister/in,13
2026-07-06,ostalbkreis,Operationstechnische/r Assistent/in,13
2026-07-06,ostalbkreis,Industrieelektriker/in - Betriebstechnik,13
2026-07-06,ostalbkreis,Betreuungskraft / Alltagsbegleiter/in,13
2026-07-06,ostalbkreis,Ergotherapeut/in,13
2026-07-06,ostalbkreis,IT-Systemadministrator/in,13
2026-07-06,ostalbkreis,Helfer/in - Hauswirtschaft,13
2026-07-06,ostalbkreis,Elektroniker/in - Geräte und Systeme,12
2026-07-06,ostalbkreis,Arbeitsvorbereiter/in,12
2026-07-06,ostalbkreis,Sicherheitsmitarbeiter/in,12
2026-07-06,ostalbkreis,Oberarzt/-ärztin,12
2026-07-06,ostalbkreis,"Helfer/in - Papier, Verpackung",12
2026-07-06,ostalbkreis,Vertriebsberater/in,12
2026-07-06,ostalbkreis,Kassierer/in (Handel),11
2026-07-06,ostalbkreis,"Gruppen-, Teamleiter/in",11
2026-07-06,ostalbkreis,Steuerberater/in,11
2026-07-06,ostalbkreis,Sachbearbeiter/in - Einkauf,10
2026-07-06,ostalbkreis,Elektrofachkraft für festgelegte Tätigkeiten,10
2026-07-06,ostalbkreis,Qualitätskontrolleur/in,10
2026-07-06,ostalbkreis,Erzieher/in - Jugend- und Heimerziehung,10
2026-07-06,ostalbkreis,Fachkrankenpfleger/in - Intensivpflege/Anästhesie,10
2026-07-06,ostalbkreis,Ingenieur/in - Mechatronik,10
2026-07-06,ostalbkreis,Controller/in,10
2026-07-06,ostalbkreis,Bäcker/in,10
2026-07-06,ostalbkreis,Helfer/in - Altenpflege/Persönliche Assistenz,10
2026-07-06,ostalbkreis,Fachverkäufer/in - Kraftfahrzeuge,10
2026-07-06,ostalbkreis,"Helfer/in - Malerei, Lackiererei",10
2026-07-06,ostalbkreis,IT-Administrator/in,10
2026-07-06,ostalbkreis,Automobilkaufmann/-frau,10
2026-07-06,ostalbkreis,Verkäufer/in - Nahrungsmittelhandwerk,10
2026-07-06,ostalbkreis,Maler- und Lackierermeister/in/Bachelor Professional im Maler- und Lackierer-Handwerk,9
2026-07-06,ostalbkreis,Logistiker/in,9
2026-07-06,ostalbkreis,Helfer/in - Ausbau,9
2026-07-06,ostalbkreis,Elektrotechnikermeister/in/Bachelor Professional im Elektrotechniker-Handwerk,9
2026-07-06,ostalbkreis,Helfer/in - Metalloberflächenbearbeitung,9
2026-07-06,ostalbkreis,Sales-Manager/in,8
2026-07-06,ostalbkreis,Maschineneinrichter/in (allgemein),8
2026-07-06,ostalbkreis,Industrieelektriker/in - Geräte und Systeme,8
2026-07-06,ostalbkreis,Fachkraft - Qualitätssicherung/-management,8
2026-07-06,ostalbkreis,Speditionskaufmann/-frau,8
2026-07-06,ostalbkreis,Fachkraft - Logistik/Materialwirtschaft,8
2026-07-06,ostalbkreis,Recruiter/in,8
2026-07-06,ostalbkreis,Verfahrensmechaniker/in - Kunststoff- und Kautschuktechnik (mit Schwerpunkten),8
2026-07-06,ostalbkreis,Wirtschaftsingenieur/in,8
2026-07-06,ostalbkreis,Fachkraft - Brief- und Frachtverkehr,8
2026-07-06,ostalbkreis,WIG-Schweißer/in,8
2026-07-06,ostalbkreis,Verkaufsaufsicht,8
2026-07-06,ostalbkreis,Fachkraft - Lagerwirtschaft,8
2026-07-06,ostalbkreis,Konstrukteur/in,8
2026-07-06,ostalbkreis,Zerspanungsmechaniker/in - Drehtechnik,8
2026-07-06,ostalbkreis,Gebäudereiniger/in,8
2026-07-06,ostalbkreis,Klempner/in,8
2026-07-06,ostalbkreis,Hotelfachmann/-frau,8
2026-07-06,ostalbkreis,Busfahrer/in,8
2026-07-06,ostalbkreis,Lackierer/in - Holz und Metall,7
2026-07-06,ostalbkreis,Restaurantfachmann/-frau,7
2026-07-06,ostalbkreis,Schleifer/in,7
2026-07-06,ostalbkreis,Rechtsanwaltsfachangestellte/r,7
2026-07-06,ostalbkreis,Baugeräteführer/in,7
2026-07-06,ostalbkreis,Vertriebsingenieur/in,7
2026-07-06,ostalbkreis,Oberflächenbeschichter/in,7
2026-07-06,ostalbkreis,Helfer/in - Chemie- und Pharmatechnik,7
2026-07-06,ostalbkreis,Fleischer/in,7
2026-07-06,ostalbkreis,Automobilmechaniker/in,7
2026-07-06,ostalbkreis,Maler/in und Lackierer/in - Gestaltung und Instandhaltung,7
2026-07-06,ostalbkreis,Helfer/in - Gartenbau,7
2026-07-06,ostalbkreis,Maschinenzusammensetzer/in,7
2026-07-06,ostalbkreis,Verkaufsberater/in,7
2026-07-06,ostalbkreis,Kaufmann/-frau - Bürokommunikation,7
2026-07-06,ostalbkreis,Bauzeichner/in,6
2026-07-06,ostalbkreis,"Kundendienstmonteur/in, -techniker/in",6
2026-07-06,ostalbkreis,Fräser/in,6
2026-07-06,ostalbkreis,Lohn- und Gehaltsbuchhalter/in,6
2026-07-06,ostalbkreis,Bauelektriker/in,6
2026-07-06,ostalbkreis,Account-Manager/in,6
2026-07-06,ostalbkreis,Bankkaufmann/-frau,6
2026-07-06,ostalbkreis,Bilanzbuchhalter/in/Bachelor Professional in Bilanzbuchhaltung,6
2026-07-06,ostalbkreis,Beton- und Stahlbetonbauer/in,6
2026-07-06,ostalbkreis,ERP-Berater/in - ERP-Consultant,6
2026-07-06,ostalbkreis,Qualitätsmanager/in,6
2026-07-06,ostalbkreis,Augenoptikermeister/in/Bachelor Professional im Augenoptiker-Handwerk,6
2026-07-06,ostalbkreis,Schichtführer/in,6
2026-07-06,ostalbkreis,Fertigungsmechaniker/in,6
2026-07-06,ostalbkreis,Musikpädagoge/-pädagogin,6
2026-07-06,ostalbkreis,Galvaniseur/in,6
2026-07-06,ostalbkreis,Holzbearbeitungsmechaniker/in,6
2026-07-06,ostalbkreis,Zahntechniker/in,6
2026-07-06,ostalbkreis,Fachkraft - Gastronomie,6
2026-07-06,ostalbkreis,Polier/in - Hochbau,6
2026-07-06,ostalbkreis,"Holzmechaniker/in - Bauelemente, Holzpackmittel und Rahmen",6
2026-07-06,ostalbkreis,Helfer/in - Hochbau,6
2026-07-06,ostalbkreis,Pädagoge/Pädagogin,5
2026-07-06,ostalbkreis,Assistent/in - Personalwesen,5
2026-07-06,ostalbkreis,Bauklempner/in,5
2026-07-06,ostalbkreis,Karosserie- und Fahrzeugbauer/in - Fahrzeugbau,5
2026-07-06,ostalbkreis,Industriemechaniker/in - Maschinen- und Systemtechnik,5
2026-07-06,ostalbkreis,Karosserie- und Fahrzeugbauer/in - Karosseriebau,5
2026-07-06,ostalbkreis,Ingenieur/in - Luft- und Raumfahrttechnik,5
2026-07-06,ostalbkreis,Supply-Chain-Manager/in,5
2026-07-06,ostalbkreis,Assistenzarzt/-ärztin,5
2026-07-06,ostalbkreis,Zahnmedizinische/r Prophylaxeassistent/in,5
2026-07-06,ostalbkreis,SPS-Fachkraft,5
2026-07-06,ostalbkreis,Werkstoffprüfer/in - Metalltechnik,5
2026-07-06,ostalbkreis,Empfangsmitarbeiter/in (Hotel),5
2026-07-06,ostalbkreis,Metallbauer/in - Metallgestaltung,5
2026-07-06,ostalbkreis,Maschinen- und Anlagenführer/in - Textiltechnik (Weberei),5
2026-07-06,ostalbkreis,Land- und Baumaschinenmechatroniker/in,5
2026-07-06,ostalbkreis,Personalsachbearbeiter/in,5
2026-07-06,ostalbkreis,Kassenaufsicht (Handel),5
2026-07-06,ostalbkreis,Geprüfte Schutz- und Sicherheitskraft (IHK),5
2026-07-06,ostalbkreis,Verwaltungsfachangestellte/r - Kommunalverwaltung,5
2026-07-06,ostalbkreis,"Helfer/in - Klempnerei, Installation",5
2026-07-06,ostalbkreis,Kartenverkäufer/in,5
2026-07-06,ostalbkreis,Versicherungsberater/in,5
2026-07-06,ostalbkreis,Helfer/in - Gastgewerbe,5
2026-07-06,ostalbkreis,Industriemechaniker/in - Produktionstechnik,4
2026-07-06,ostalbkreis,Instandhaltungstechniker/in,4
2026-07-06,ostalbkreis,Sozialpädagogische/r Assistent/in / Kinderpfleger/in,4
2026-07-06,ostalbkreis,Heilerziehungspfleger/in - Rehabilitation,4
2026-07-06,ostalbkreis,Personalberater/in,4
2026-07-06,ostalbkreis,Product Owner,4
2026-07-06,ostalbkreis,Helfer/in - Hotel,4
2026-07-06,ostalbkreis,Qualitätssicherungstechniker/in,4
2026-07-06,ostalbkreis,Metallbauer/in - Anlagen- und Fördertechnik,4
2026-07-06,ostalbkreis,Personalreferent/in,4
2026-07-06,ostalbkreis,Ingenieur/in - Physik,4
2026-07-06,ostalbkreis,Ausbilder/in - Erste Hilfe,4
2026-07-06,ostalbkreis,Wirtschaftsinformatiker/in - IT-Systeme,4
2026-07-06,ostalbkreis,Qualitätsingenieur/in,4
2026-07-06,ostalbkreis,Reifenmonteur/in,4
2026-07-06,ostalbkreis,Wissenschaftliche/r Mitarbeiter/in,4
2026-07-06,ostalbkreis,Kaufmann/-frau - Spedition und Logistikdienstleistung,4
2026-07-06,ostalbkreis,Elektroniker/in - Automatisierungs- und Systemtechnik,4
2026-07-06,ostalbkreis,Helfer/in - Farb- und Lacktechnik,4
2026-07-06,ostalbkreis,Ingenieur/in - Systems Engineering,4
2026-07-06,ostalbkreis,Stationsleiter/in - Kranken-/Alten-/Kinderkrankenpflege,4
2026-07-06,ostalbkreis,"Fliesen-, Platten- und Mosaikleger/in",4
2026-07-06,ostalbkreis,Pharmazeutisch-technische/r Assistent/in,4
2026-07-06,ostalbkreis,Trockenbaumonteur/in,4
2026-07-06,ostalbkreis,Wundmanager/in,4
2026-07-06,ostalbkreis,Fachkraft - Marketing/Verkauf/Vertrieb,4
2026-07-06,ostalbkreis,Techniker/in - Elektrotechnik (Automatisierungstechnik)/Bachelor Professional in Technik,4
2026-07-06,ostalbkreis,Industriemechaniker/in - Betriebstechnik,4
2026-07-06,ostalbkreis,Verkaufssachbearbeiter/in,4
2026-07-06,ostalbkreis,Leiter/in - Produktion/Fertigung,4
2026-07-06,ostalbkreis,Helfer/in - Textilverarbeitung,4
2026-07-06,ostalbkreis,Helfer/in - Ver- und Entsorgung,4
2026-07-06,ostalbkreis,Schweißer/in - Konstruktionstechnik,4
2026-07-06,ostalbkreis,Technische/r Systemplaner/in - Versorgungs- und Ausrüstungstechnik,4
2026-07-06,ostalbkreis,Bezirksleiter/in,4
2026-07-06,ostalbkreis,"Helfer/in - Feinmechanik, Werkzeugbau",4
2026-07-06,ostalbkreis,Büroassistent/in,4
2026-07-06,ostalbkreis,Florist/in,4
2026-07-06,ostalbkreis,Disponent/in - Lager,4
2026-07-06,ostalbkreis,Key-Account-Manager/in,4
2026-07-06,ostalbkreis,Fahrlehrer/in,4
2026-07-06,ostalbkreis,Servicefahrer/in,4
2026-07-06,ostalbkreis,Facharzt/-ärztin - Innere Medizin,4
2026-07-06,ostalbkreis,Konditor/in,4
2026-07-06,ostalbkreis,Mechatroniker/in - Kältetechnik,4
2026-07-06,ostalbkreis,Baumaschinenführer/in,4
2026-07-06,ostalbkreis,Kalkulator/in,4
2026-07-06,ostalbkreis,Gesundheits- und Kinderkrankenpfleger/in,4
2026-07-06,ostalbkreis,Verfahrensmechaniker/in - Beschichtungstechnik,4
2026-07-06,ostalbkreis,Karosserie- und Fahrzeugbaumechaniker/in - Karosserie- und Fahrzeugbautechnik,4
2026-07-06,ostalbkreis,Tischlermeister/in/Bachelor Professional im Tischler-Handwerk,4
2026-07-06,ostalbkreis,Betriebswirt/in (Hochschule),3
2026-07-06,ostalbkreis,Pädagogische Fachkraft - Grundschulkindbetreuung,3
2026-07-06,ostalbkreis,Konstrukteur/in - Elektrotechnik,3
2026-07-06,ostalbkreis,"Helfer/in - Büro, Verwaltung",3
2026-07-06,ostalbkreis,Anästhesietechnische/r Assistent/in,3
2026-07-06,ostalbkreis,Lehrer/in - Waldorfschulen,3
2026-07-06,ostalbkreis,Ingenieur/in - Optoelektronik,3
2026-07-06,ostalbkreis,Empfangskraft,3
2026-07-06,ostalbkreis,Ingenieur/in - Automatisierungstechnik,3
2026-07-06,ostalbkreis,Software-Architect,3
2026-07-06,ostalbkreis,Elektroniker/in - Automatisierungstechnik (Handwerk),3
2026-07-06,ostalbkreis,Wartungs- und Servicetechniker/in - Maschinenbau,3
2026-07-06,ostalbkreis,Straßenbauer/in,3
2026-07-06,ostalbkreis,Hörakustiker/in,3
2026-07-06,ostalbkreis,Versicherungskaufmann/-frau,3
2026-07-06,ostalbkreis,Systeminformatiker/in,3
2026-07-06,ostalbkreis,Ingenieur/in - Fahrzeugtechnik,3
2026-07-06,ostalbkreis,Glaser/in - Fenster- und Glasfassadenbau,3
2026-07-06,ostalbkreis,Tierarzt/Tierärztin,3
2026-07-06,ostalbkreis,Web Developer,3
2026-07-06,ostalbkreis,Polier/in - Tiefbau,3
2026-07-06,ostalbkreis,Gesundheits- und Krankenpflegehelfer/in,3
2026-07-06,ostalbkreis,Projektingenieur/in,3
2026-07-06,ostalbkreis,Hebamme,3
2026-07-06,ostalbkreis,Praxisanleiter/in - Pflegeberufe,3
2026-07-06,ostalbkreis,Inbetriebnahmetechniker/in - Maschinenbau,3
2026-07-06,ostalbkreis,Helfer/in - Fahrzeugbau und -instandhaltung,3
2026-07-06,ostalbkreis,"Fachverkäufer/in - Kfz-Zubehör, Reifen",3
2026-07-06,ostalbkreis,Disponent/in - Güterverkehr,3
2026-07-06,ostalbkreis,Medientechnologe/-technologin Druck,3
2026-07-06,ostalbkreis,Architekt/in,3
2026-07-06,ostalbkreis,Technische/r Redakteur/in,3
2026-07-06,ostalbkreis,Chemisch-technische/r Assistent/in,3
2026-07-06,ostalbkreis,Helfer/in - Druck,3
2026-07-06,ostalbkreis,Produktionsmechaniker/in - Textil,3
2026-07-06,ostalbkreis,Leiter/in - Qualitätsmanagement,3
2026-07-06,ostalbkreis,Pflegeassistent/in,3
2026-07-06,ostalbkreis,Industriemechaniker/in - Geräte- und Feinwerktechnik,3
2026-07-06,ostalbkreis,Fachberater/in - Bau- und Heimwerkermärkte,3
2026-07-06,ostalbkreis,Textilmaschinenführer/in - Spinnerei,3
2026-07-06,ostalbkreis,Managementassistent/in,3
2026-07-06,ostalbkreis,Mechaniker/in - Land- und Baumaschinentechnik,3
2026-07-06,ostalbkreis,Kaufmann/-frau - Groß- und Außenhandel (Außenhandel),3
2026-07-06,ostalbkreis,Baggerführer/in,3
2026-07-06,ostalbkreis,Ingenieur/in - Versorgungstechnik,3
2026-07-06,ostalbkreis,Elektromechaniker/in,3
2026-07-06,ostalbkreis,Maschinen- und Anlagenführer/in - Lebensmitteltechnik,3
2026-07-06,ostalbkreis,Industrieelektroniker/in - Produktionstechnik,3
2026-07-06,ostalbkreis,Hauswirtschafter/in (ohne Schwerpunkte),3
2026-07-06,ostalbkreis,Orthopädietechnik-Mechaniker/in - Individuelle Rehatechnik,3
2026-07-06,ostalbkreis,Kraftfahrzeug-Servicetechniker/in,3
2026-07-06,ostalbkreis,Installateur- und Heizungsbauermeister/in/Bachelor Professional im Installateur- und Heizungsbauer-Handwerk,3
2026-07-06,ostalbkreis,Stuckateurmeister/in/Bachelor Professional im Stuckateur-Handwerk,3
2026-07-06,ostalbkreis,Apotheker/in,3
2026-07-06,ostalbkreis,Dachdecker/in,3
2026-07-06,ostalbkreis,Zahnarzt/-ärztin,3
2026-07-06,ostalbkreis,Fahrzeugpfleger/in,3
2026-07-06,ostalbkreis,Statiker/in,3
2026-07-06,ostalbkreis,Fachwirt/in - Steuer,3
2026-07-06,ostalbkreis,Dachdecker/in - Abdichtungstechnik,3
2026-07-06,ostalbkreis,Fachverkäufer/in - Nahrungsmittelhandwerk (Fleischerei),3
2026-07-06,ostalbkreis,Kunststoff- und Kautschuktechnologe/-technologin - Formteile,2
2026-07-06,ostalbkreis,IT-Berater/in,2
2026-07-06,ostalbkreis,Haushälter/in (Privathaushalt),2
2026-07-06,ostalbkreis,Pflegeassistent/in (Altenpflege),2
2026-07-06,ostalbkreis,Ingenieur/in - Verfahrenstechnik,2
2026-07-06,ostalbkreis,Mechaniker/in - Karosserieinstandhaltungstechnik,2
2026-07-06,ostalbkreis,Professor/in - Hochschulen,2
2026-07-06,ostalbkreis,Kindergartenleiter/in,2
2026-07-06,ostalbkreis,Werkzeugmechaniker/in,2
2026-07-06,ostalbkreis,Finanzwirt/in,2
2026-07-06,ostalbkreis,Werkstoffprüfer/in (mit Schwerpunkten),2
2026-07-06,ostalbkreis,Messingenieur/in,2
2026-07-06,ostalbkreis,Musikschullehrer/in,2
2026-07-06,ostalbkreis,Handelsvertreter/in,2
2026-07-06,ostalbkreis,Masseur/in und medizinische/r Bademeister/in,2
2026-07-06,ostalbkreis,Fachkaufmann/-frau - Büromanagement,2
2026-07-06,ostalbkreis,Reiseverkehrskaufmann/-frau,2
2026-07-06,ostalbkreis,Ingenieur/in - Gebäudetechnik/Facility-Management,2
2026-07-06,ostalbkreis,Technische/r Produktdesigner/in - Maschinen- und Anlagenkonstruktion,2
2026-07-06,ostalbkreis,Kaufmann/-frau - Digitalisierungsmanagement,2
2026-07-06,ostalbkreis,Arzt/Ärztin,2
2026-07-06,ostalbkreis,Anwendungsprogrammierer/in,2
2026-07-06,ostalbkreis,IT-Projektkoordinator/in,2
2026-07-06,ostalbkreis,Betriebswirt/in (Hochschule) - Rechnungswesen und Controlling,2
2026-07-06,ostalbkreis,Gärtner/in - Baumschule,2
2026-07-06,ostalbkreis,Wirtschaftsinformatiker/in (Hochschule),2
2026-07-06,ostalbkreis,Betriebswirt/in (Fachschule) - Controlling/Bachelor Professional in Wirtschaft,2
2026-07-06,ostalbkreis,DevOps Engineer,2
2026-07-06,ostalbkreis,Fachberater/in - Vertrieb,2
2026-07-06,ostalbkreis,Forstwirt/in,2
2026-07-06,ostalbkreis,Fachkraft - Schutz und Sicherheit,2
2026-07-06,ostalbkreis,Werkstattleiter/in,2
2026-07-06,ostalbkreis,Ingenieur/in - Sicherheitstechnik,2
2026-07-06,ostalbkreis,Fotograf/in,2
2026-07-06,ostalbkreis,Glasreiniger/in,2
2026-07-06,ostalbkreis,Kaufmann/-frau - Versicherungen und Finanzanlagen,2
2026-07-06,ostalbkreis,Berufsspezialist/in - Kraftfahrzeug-Servicetechnik,2
2026-07-06,ostalbkreis,Automobil-Serviceberater/in,2
2026-07-06,ostalbkreis,Testingenieur/in,2
2026-07-06,ostalbkreis,Ingenieur/in - Materialwissenschaften,2
2026-07-06,ostalbkreis,Orthopädieschuhmacher/in,2
2026-07-06,ostalbkreis,Vorarbeiter/in - Maler- und Lackiererarbeiten,2
2026-07-06,ostalbkreis,Heizungs-/Sanitärkaufmann/-frau (Handel),2
2026-07-06,ostalbkreis,Leiter/in - Personal,2
2026-07-06,ostalbkreis,Fachpflegekraft - Psychiatrie,2
2026-07-06,ostalbkreis,Gärtnermeister/in - Garten- und Landschaftsbau,2
2026-07-06,ostalbkreis,Chemielaborant/in,2
2026-07-06,ostalbkreis,Messtechniker/in (Energietechnik),2
2026-07-06,ostalbkreis,Maschineneinrichter/in (Zerspanungstechnik),2
2026-07-06,ostalbkreis,Behälter- und Apparatebauer/in,2
2026-07-06,ostalbkreis,Heilerziehungspflegeassistent/in,2
2026-07-06,ostalbkreis,Fachmann/-frau - Restaurants und Veranstaltungsgastronomie,2
2026-07-06,ostalbkreis,Empfangschef/in (Hotel),2
2026-07-06,ostalbkreis,Kranführer/in,2
2026-07-06,ostalbkreis,Verfahrensmechaniker/in - Kunststoff- und Kautschuktechnik - Bauteile,2
2026-07-06,ostalbkreis,Leiter/in - Lagerwirtschaft,2
2026-07-06,ostalbkreis,Produktionsfachkraft Chemie,2
2026-07-06,ostalbkreis,Leiter/in - betriebliche Aus- und Weiterbildung,2
2026-07-06,ostalbkreis,Holzmechaniker/in - Möbelbau und Innenausbau,2
2026-07-06,ostalbkreis,Baumaschinenmechaniker/in,2
2026-07-06,ostalbkreis,Tiefbaufacharbeiter/in (ohne Angabe des Schwerpunkts),2
2026-07-06,ostalbkreis,Kaufmann/-frau - Gesundheitswesen,2
2026-07-06,ostalbkreis,Maschinen- und Anlagenführer/in - Textiltechnik,2
2026-07-06,ostalbkreis,Servicetechniker/in - Land- und Baumaschinen,2
2026-07-06,ostalbkreis,Zweiradmechatroniker/in - Motorradtechnik,2
2026-07-06,ostalbkreis,Leiter/in - Projekt-/Programmmanagement,2
2026-07-06,ostalbkreis,Patentanwaltsfachangestellte/r,2
2026-07-06,ostalbkreis,Holzmechaniker/in - Montieren von Innenausbauten und Bauelementen,2
2026-07-06,ostalbkreis,Betriebstechniker/in,2
2026-07-06,ostalbkreis,Leiter/in - Export,2
2026-07-06,ostalbkreis,Assistent/in - Produktionsleitung,2
2026-07-06,ostalbkreis,Facharzt/-ärztin - Strahlentherapie,2
2026-07-06,ostalbkreis,Technische/r Fachkaufmann/-frau - Werkzeuge/Maschinen,2
2026-07-06,ostalbkreis,Sous-Chef/in,2
2026-07-06,ostalbkreis,Bausachverständige/r,2
2026-07-06,ostalbkreis,Ingenieur/in - Kunststofftechnik,2
2026-07-06,ostalbkreis,Arzthelfer/in,2
2026-07-06,ostalbkreis,Kunststoff- und Schwergewebekonfektionär/in,2
2026-07-06,ostalbkreis,"Kaufmann/-frau - Einzelhandel (Diät- und Reformwaren, Lebensmittel)",2
2026-07-06,ostalbkreis,CAD-Fachkraft - Elektrotechnik,2
2026-07-06,ostalbkreis,Karosserie- und Fahrzeugbaumechaniker/in - Karosserieinstandhaltungstechnik,2
2026-07-06,ostalbkreis,Vermessungstechniker/in - Vermessung,2
2026-07-06,ostalbkreis,Kinder- und Jugendlichenpsychotherapeut/in,2
2026-07-06,ostalbkreis,Servicekraft - Schutz und Sicherheit,2
2026-07-06,ostalbkreis,"Kundenberater/in (Bank, Sparkasse)",2
2026-07-06,ostalbkreis,Maschinenführer/in - Schweißanlagen,2
2026-07-06,ostalbkreis,Hauswart/in/Haustechniker/in,2
2026-07-06,ostalbkreis,Fahrer/in - Personenbeförderung,2
2026-07-06,ostalbkreis,Bauleitende/r Monteur/in,2
2026-07-06,ostalbkreis,Baumpfleger/in,2
2026-07-06,ostalbkreis,Leiter/in - Gastronomiebetrieb,2
2026-07-06,ostalbkreis,Dreher/in,2
2026-07-06,ostalbkreis,Fachkraft - Metalltechnik - Zerspanungstechnik,2
2026-07-06,ostalbkreis,"Fachkraft - Kurier-, Express- und Postdienstleistungen",2
2026-07-06,ostalbkreis,Kraftfahrzeugtechnikermeister/in/Bachelor Professional im Kraftfahrzeugtechniker-Handwerk,2
2026-07-06,ostalbkreis,Fachverkäufer/in - Sanitätsfachhandel,2
2026-07-06,ostalbkreis,Heilpädagoge/-pädagogin,2
2026-07-06,ostalbkreis,Konstruktionsingenieur/in,2
2026-07-06,ostalbkreis,Jurist/in,2
2026-07-06,ostalbkreis,Notfallsanitäter/in,2
2026-07-06,ostalbkreis,Holzmechaniker/in - Herstellen von Möbeln und Innenausbauteilen,2
2026-07-06,ostalbkreis,Landwirt/in,2
2026-07-06,ostalbkreis,Fachkaufmann/-frau - Vertrieb,2
2026-07-06,ostalbkreis,Spezialitätenkoch/-köchin,2
2026-07-06,ostalbkreis,Notarfachangestellte/r,2
2026-07-06,ostalbkreis,Anwendungssystemberater/in,2
2026-07-06,ostalbkreis,Fachverkäufer/in - Elektro/Sanitär/Heizung/Installation,2
2026-07-06,ostalbkreis,"Maschinen-, Anlagen- und Behälterreiniger/in",2
2026-07-06,ostalbkreis,Spielhallenaufsicht,2
2026-07-06,ostalbkreis,Verfahrensmechaniker/in - Kunststoff- und Kautschuktechnik - Formteile,2
2026-07-06,ostalbkreis,Elektroniker/in - Gebäude- und Infrastruktursysteme,2
2026-07-06,ostalbkreis,"Fachverkäufer/in - Textilien, Bekleidung",2
2026-07-06,ostalbkreis,Lehrer/in/Dozent/in - Erwachsenenbildung,2
2026-07-06,ostalbkreis,Küchenchef/in,2
2026-07-06,ostalbkreis,Pflegepädagoge/-pädagogin,2
2026-07-06,ostalbkreis,Tischler/in und Glaser/in,2
2026-07-06,ostalbkreis,Facharzt/-ärztin - Frauenheilkunde und Geburtshilfe,2
2026-07-06,ostalbkreis,Betonfertigteilbauer/in,2
2026-07-06,ostalbkreis,Facility-Manager/in,2
2026-07-06,ostalbkreis,Tiefbauingenieur/in,2
2026-07-06,ostalbkreis,Papiertechnologe/-technologin,2
2026-07-06,ostalbkreis,Kaufmann/-frau - Groß- und Außenhandel (Großhandel),2
2026-07-06,ostalbkreis,Garten-/Landschaftsgestalter/in,2
2026-07-06,ostalbkreis,Buchhändler/in,2
2026-07-06,ostalbkreis,Fachkraft - Abwassertechnik,2
2026-07-06,ostalbkreis,Augenoptiker/in,2
2026-07-06,ostalbkreis,Kaufmann/-frau - Einzelhandel (Küchenhandel),2
2026-07-06,ostalbkreis,"Kaufmann/-frau - Einzelhandel (Wohnbedarf, Hausrat, Glas, Porzellan)",2
2026-07-06,ostalbkreis,Hochbauingenieur/in,2
2026-07-06,ostalbkreis,Bodenleger/in,2
2026-07-06,ostalbkreis,Verkaufsfahrer/in,2
2026-07-06,ostalbkreis,Fachkraft - Metalltechnik - Montagetechnik,2
2026-07-06,ostalbkreis,Blechpresser/in,2
2026-07-06,ostalbkreis,Helfer/in - stationäre Krankenpflege,2
2026-07-06,ostalbkreis,Taxifahrer/in,2
2026-07-06,ostalbkreis,Callcenteragent/in,2
2026-07-06,ostalbkreis,Techniker/in - Bautechnik (Baubetrieb),2
2026-07-06,ostalbkreis,Maler/in und Tapezierer/in,2
2026-07-06,ostalbkreis,Elektroniker/in - Prüffeld,2
2026-07-06,ostalbkreis,Fachkraft - Lebensmitteltechnik,2
2026-07-06,ostalbkreis,Medizinische/r Technologe/Technologin - Radiologie,2
2026-07-06,ostalbkreis,Glasfasermonteur/in,2
2026-07-06,ostalbkreis,Steinmetz/in und Steinbildhauer/in - Steinmetzarbeiten,2
2026-07-06,ostalbkreis,Bauzeichner/in - Architektur,2
2026-07-06,ostalbkreis,Fachverkäufer/in - Nahrungsmittelhandwerk (Bäckerei/Konditorei),2
2026-07-06,ostalbkreis,Fachkraft - Mechatronik,2
2026-07-06,ostalbkreis,Fachgehilf(e/in) - steuer- und wirtschaftsberatende Berufe,2
2026-07-06,ostalbkreis,Friseurmeister/in/Bachelor Professional im Friseur-Handwerk,2
2026-07-06,ostalbkreis,Industriemeister/in - allgemein,2
2026-07-06,ostalbkreis,Techniker/in - Holztechnik (Holzbau),2
2026-07-06,ostalbkreis,Orthopädietechnik-Mechaniker/in,2
2026-07-06,ostalbkreis,Fachkrankenpfleger/in - Nephrologie,2
2026-07-06,ostalbkreis,Objektleiter/in (Gebäudereinigung),2
2026-07-06,ostalbkreis,Weber/in,2
2026-07-06,ostalbkreis,Fachkraft - Süßwarentechnik - Schokolade,2
2026-07-06,ostalbkreis,Facharzt/-ärztin - Innere Medizin und Kardiologie,2
2026-07-06,ostalbkreis,Facharzt/-ärztin - Anästhesiologie,2
2026-07-06,ostalbkreis,Redakteur/in,2
2026-07-06,ostalbkreis,Elektroanlagenmonteur/in,2
2026-07-06,ostalbkreis,Vorarbeiter/in - Gartenbau,2
2026-07-06,ostalbkreis,Blitzschutzmonteur/in,2
2026-07-06,ostalbkreis,Gerüstbauer/in,2
2026-07-06,ostalbkreis,Dachdecker/in und Bauklempner/in,2
2026-07-06,ostalbkreis,Helfer/in - Glasherstellung und -verarbeitung,2
2026-07-06,ostalbkreis,EDV-Sachbearbeiter/in,1
2026-07-06,ostalbkreis,Meister/in - Kreislauf- und Abfallwirtschaft und Städtereinigung,1
2026-07-06,ostalbkreis,Geschäftsführer/in,1
2026-07-06,ostalbkreis,Betonpumpenbediener/in,1
2026-07-06,ostalbkreis,Waldorferzieher/in,1
2026-07-06,ostalbkreis,Fullstack-Entwickler/in,1
2026-07-06,ostalbkreis,Immobilienkaufmann/-frau,1
2026-07-06,ostalbkreis,"Fachkraft - Möbel-, Küchen- und Umzugsservice",1
2026-07-06,ostalbkreis,Kesselwärter/in,1
2026-07-06,ostalbkreis,Fachkaufmann/-frau - Personal,1
2026-07-06,ostalbkreis,Sekretär/in,1
2026-07-06,ostalbkreis,Fachkrankenschwester/-pfleger - Operationsdienst,1
2026-07-06,ostalbkreis,Kaufmann/-frau - Versicherungen und Finanzen - Finanzberatung,1
2026-07-06,ostalbkreis,Kinderpflegehelfer/in,1
2026-07-06,ostalbkreis,Feinoptiker/in,1
2026-07-06,ostalbkreis,Schweißer/in - Fahrzeugbau,1
2026-07-06,ostalbkreis,Leiter/in - Operationsdienst,1
2026-07-06,ostalbkreis,Fachkraft - alternative Therapieformen (nicht Arzt/Ärztin oder Heilpraktiker/in),1
2026-07-06,ostalbkreis,Operationstechnische/r Angestellte/r,1
2026-07-06,ostalbkreis,Lehrer/in - Deutsch als Fremdsprache,1
2026-07-06,ostalbkreis,Eurythmielehrer/in,1
2026-07-06,ostalbkreis,Feinwerkmechaniker/in - Zerspanungstechnik,1
2026-07-06,ostalbkreis,Veranstaltungskaufmann/-frau,1
2026-07-06,ostalbkreis,Leiter/in - Betriebliche Instandhaltung,1
2026-07-06,ostalbkreis,Musiklehrer/in,1
2026-07-06,ostalbkreis,Fachkinderkrankenpfleger/in - Intensivpflege/Anästhesie,1
2026-07-06,ostalbkreis,Ausbilder/in - Anerkannte Ausbildungsberufe,1
2026-07-06,ostalbkreis,Metallschleifer/in,1
2026-07-06,ostalbkreis,"Helfer/in - Metallerzeugung, Gießerei",1
2026-07-06,ostalbkreis,Vertriebstechniker/in,1
2026-07-06,ostalbkreis,Klebfachingenieur/in,1
2026-07-06,ostalbkreis,Ingenieur/in - Chemietechnik,1
2026-07-06,ostalbkreis,Fachwirt/in - Bau,1
2026-07-06,ostalbkreis,Medizinprodukteberater/in,1
2026-07-06,ostalbkreis,Nachhilfelehrer/in,1
2026-07-06,ostalbkreis,Assistent/in - Gesundheits- und Sozialwesen,1
2026-07-06,ostalbkreis,Sticker/in,1
2026-07-06,ostalbkreis,Fuhrparkleiter/in,1
2026-07-06,ostalbkreis,Bauzimmerer/-zimmerin,1
2026-07-06,ostalbkreis,Fachwirt/in - Erziehungswesen,1
2026-07-06,ostalbkreis,Rohrnetzbauer/in und -schlosser/in,1
2026-07-06,ostalbkreis,Techniker/in - Bautechnik (Tiefbau)/Bachelor Professional in Technik,1
2026-07-06,ostalbkreis,Tourismuskaufmann/-frau (Privat- und Geschäftsreisen),1
2026-07-06,ostalbkreis,Gießereimechaniker/in,1
2026-07-06,ostalbkreis,"Fachkraft - Rohr-, Kanal- und Industrieservice",1
2026-07-06,ostalbkreis,Fachassistent/in Rechnungswesen und Controlling,1
2026-07-06,ostalbkreis,Ingenieur/in - Medizintechnik,1
2026-07-06,ostalbkreis,Arbeitsassistent/in,1
2026-07-06,ostalbkreis,Ingenieur/in - Biotechnologie,1
2026-07-06,ostalbkreis,Psychologe/Psychologin,1
2026-07-06,ostalbkreis,Medieninformatiker/in,1
2026-07-06,ostalbkreis,Tiefbaufacharbeiter/in - Straßenbauarbeiten,1
2026-07-06,ostalbkreis,Rohrleitungsbauer/in,1
2026-07-06,ostalbkreis,Anwendungsberater/in,1
2026-07-06,ostalbkreis,Facharzt/-ärztin - Hygiene und Umweltmedizin,1
2026-07-06,ostalbkreis,Neuropsychologe/-psychologin,1
2026-07-06,ostalbkreis,Erdbewegungsmaschinenführer/in,1
2026-07-06,ostalbkreis,Kraftfahrzeugmechatroniker/in - Karosserietechnik,1
2026-07-06,ostalbkreis,CAD-Organisator/in,1
2026-07-06,ostalbkreis,Kaufmann/-frau - Einzelhandel (Elektrogeräte),1
2026-07-06,ostalbkreis,Bereichsleiter/in,1
2026-07-06,ostalbkreis,Vorarbeiter/in - Fahrzeuglackierung,1
2026-07-06,ostalbkreis,Fachkrankenpfleger/in - Onkologie,1
2026-07-06,ostalbkreis,Eisenbahner/in - Zugverkehrssteuerung,1
2026-07-06,ostalbkreis,Facharzt/-ärztin - Allgemeinchirurgie,1
2026-07-06,ostalbkreis,Medizinische/r Technologe/Technologin - Funktionsdiagnostik,1
2026-07-06,ostalbkreis,Master of Business Administration,1
2026-07-06,ostalbkreis,Facharzt/-ärztin - Radiologie,1
2026-07-06,ostalbkreis,Fachverkäufer/in - Nahrungsmittel,1
2026-07-06,ostalbkreis,"Holzmechaniker/in - Herstellen von Bauelementen, Holzpackmitteln und Rahmen",1
2026-07-06,ostalbkreis,Rollladen- und Sonnenschutzmechatroniker/in,1
2026-07-06,ostalbkreis,IT-Projektleiter/in (Weiterbildung/Ausbildung),1
2026-07-06,ostalbkreis,Ingenieur/in - Augenoptik/Optometrie,1
2026-07-06,ostalbkreis,Technische/r Produktdesigner/in (ohne Fachrichtungen),1
2026-07-06,ostalbkreis,CNC-Schleifer/in,1
2026-07-06,ostalbkreis,Immobilienmakler/in,1
2026-07-06,ostalbkreis,Estrichleger/in,1
2026-07-06,ostalbkreis,Praktische/r Betriebswirt/in,1
2026-07-06,ostalbkreis,Leiter/in - Verkauf (Handel),1
2026-07-06,ostalbkreis,Employer-Branding-Manager/in,1
2026-07-06,ostalbkreis,Auftragsleiter/in,1
2026-07-06,ostalbkreis,Technische/r Systemplaner/in - Stahl- und Metallbautechnik,1
2026-07-06,ostalbkreis,Leiter/in - Programmierung,1
2026-07-06,ostalbkreis,SPS-Ingenieur/in,1
2026-07-06,ostalbkreis,Beamter/Beamtin - Wehrverwaltung (mittlerer technischer Dienst),1
2026-07-06,ostalbkreis,Fachberater/in - Finanzdienstleistungen,1
2026-07-06,ostalbkreis,IT-Compliance-Consultant,1
2026-07-06,ostalbkreis,Sicherheitsmanager/in,1
2026-07-06,ostalbkreis,Gemeindearbeiter/in,1
2026-07-06,ostalbkreis,"Meister/in - Möbel-, Küchen- und Umzugsservice",1
2026-07-06,ostalbkreis,Techniker/in - Bautechnik (Ausbau)/Bachelor Professional in Technik,1
2026-07-06,ostalbkreis,Betonsanierer/in,1
2026-07-06,ostalbkreis,Technische/r Zeichner/in - Stahl- und Metallbautechnik,1
2026-07-06,ostalbkreis,Betriebswirt/in - allgemeine Betriebswirtschaft,1
2026-07-06,ostalbkreis,Helfer/in - Fischwirtschaft,1
2026-07-06,ostalbkreis,Feinwerkmechaniker/in,1
2026-07-06,ostalbkreis,Arbeitsvermittler/in,1
2026-07-06,ostalbkreis,Sicherheitstechniker/in (IT),1
2026-07-06,ostalbkreis,Verwaltungsfachangestellte/r - Kirchenverwaltung - evangelische Kirche,1
2026-07-06,ostalbkreis,Lehrer/in - Schularten der Sekundarstufe I,1
2026-07-06,ostalbkreis,Fachkaufmann/-frau - Einkauf und Logistik,1
2026-07-06,ostalbkreis,Ingenieur/in - Sensortechnik,1
2026-07-06,ostalbkreis,Techniker/in - Mechatronik/Bachelor Professional in Technik,1
2026-07-06,ostalbkreis,Kaufmann/-frau - Groß- und Außenhandelsmanagement (Außenhandel),1
2026-07-06,ostalbkreis,Kraftfahrzeugführer/in - Ver- und Entsorgung,1
2026-07-06,ostalbkreis,Galvaniseur/in und Metallschleifer/in,1
2026-07-06,ostalbkreis,Bankettleiter/in,1
2026-07-06,ostalbkreis,Techniker/in - Maschinentechnik (Automatisierungstechnik)/Bachelor Professional in Technik,1
2026-07-06,ostalbkreis,Kundendienstberater/in,1
2026-07-06,ostalbkreis,Laserstrahlfachkraft,1
2026-07-06,ostalbkreis,Bauten- und Objektbeschichter/in,1
2026-07-06,ostalbkreis,Betriebswirt/in (Fachschule) - Handel,1
2026-07-06,ostalbkreis,Industriemeister/in - Qualitätskontrolle,1
2026-07-06,ostalbkreis,Kinderbetreuer/in,1
2026-07-06,ostalbkreis,Cyber-Security-Consultant,1
2026-07-06,ostalbkreis,Maler/in und Lackierer/in - Fahrzeuglackierer/in,1
2026-07-06,ostalbkreis,Produktionsassistent/in (Film/Fernsehen),1
2026-07-06,ostalbkreis,Metallbauermeister/in/Bachelor Professional im Metallbauer-Handwerk,1
2026-07-06,ostalbkreis,Industriemeister/in - Metall,1
2026-07-06,ostalbkreis,Ingenieur/in - Werkstofftechnik,1
2026-07-06,ostalbkreis,Leiter/in - Vertriebsinnendienst,1
2026-07-06,ostalbkreis,Großküchenkoch/-köchin,1
2026-07-06,ostalbkreis,Fachberater/in - Integrierte Systeme,1
2026-07-06,ostalbkreis,Leiter/in - Materialwirtschaft,1
2026-07-06,ostalbkreis,Industriereiniger/in (Gebäudereinigung),1
2026-07-06,ostalbkreis,Pflegefachmann/-frau (Gesundheits- und Kinderkrankenpflege),1
2026-07-06,ostalbkreis,Techniker/in - Medizintechnik/Bachelor Professional in Technik,1
2026-07-06,ostalbkreis,Isolierer/in,1
2026-07-06,ostalbkreis,Schienenfahrzeugführer/in,1
2026-07-06,ostalbkreis,Rohrvorrichter/in,1
2026-07-06,ostalbkreis,"Barmixer/in, Barkeeper/in",1
2026-07-06,ostalbkreis,Hydraulik-Fachkraft,1
2026-07-06,ostalbkreis,Weiterbildungsassistent/in (Arzt/Ärztin),1
2026-07-06,ostalbkreis,Gärtner/in - Gemüsebau,1
2026-07-06,ostalbkreis,Fitnesstrainer/in,1
2026-07-06,ostalbkreis,"Leiter/in - Projektentwicklung (Immobilien, Bau)",1
2026-07-06,ostalbkreis,Verkehrsplaner/in,1
2026-07-06,ostalbkreis,Fachkraft - Sozialarbeit,1
2026-07-06,ostalbkreis,IT-Einkäufer/in,1
2026-07-06,ostalbkreis,Fachinformatiker/in - Daten- und Prozessanalyse,1
2026-07-06,ostalbkreis,Ingenieur/in - Fahrzeugelektronik,1
2026-07-06,ostalbkreis,Global-Sourcing-Manager/in,1
2026-07-06,ostalbkreis,Servicetechniker/in - IT,1
2026-07-06,ostalbkreis,Bäcker/in und Konditor/in,1
2026-07-06,ostalbkreis,Techniker/in - Maschinentechnik (Betriebstechnik),1
2026-07-06,ostalbkreis,Klempner/in und Installateur/in,1
2026-07-06,ostalbkreis,Maschinen- und Anlagenführer/in - Druckweiter- und Papierverarbeitung,1
2026-07-06,ostalbkreis,Technische/r Einkäufer/in,1
2026-07-06,ostalbkreis,Brennschneider/in,1
2026-07-06,ostalbkreis,Stahl- und Metallbauingenieur/in,1
2026-07-06,ostalbkreis,Automatenbefüller/in,1
2026-07-06,ostalbkreis,Hochbaufacharbeiter/in - Beton- und Stahlbetonarbeiten,1
2026-07-06,ostalbkreis,Techniker/in - Bautechnik (Betonbau),1
2026-07-06,ostalbkreis,Elektroschweißer/in,1
2026-07-06,ostalbkreis,Wirtschaftsprüfer/in,1
2026-07-06,ostalbkreis,Betonfertigteilemontierer/in,1
2026-07-06,ostalbkreis,Konstruktionsmechaniker/in - Schweißtechnik,1
2026-07-06,ostalbkreis,EUTB-Berater/in,1
2026-07-06,ostalbkreis,Schweißer/in - Anlagen- und Apparatebau,1
2026-07-06,ostalbkreis,"Schilder- und Lichtreklamehersteller/in - Technik, Montage, Werbeelektrik/-elektronik",1
2026-07-06,ostalbkreis,Montageleiter/in (Bau),1
2026-07-06,ostalbkreis,Fachkraft - Arbeitssicherheit,1
2026-07-06,ostalbkreis,Ingenieur/in - Holztechnik,1
2026-07-06,ostalbkreis,Verfahrensmechaniker/in - Steine- und Erdenindustrie - Baustoffe,1
2026-07-06,ostalbkreis,Betriebsleiter/in - kaufmännisch,1
2026-07-06,ostalbkreis,Glaser/in - Verglasung und Glasbau,1
2026-07-06,ostalbkreis,Restaurator/in für Möbel und Holzobjekte/Bachelor Professional Technik,1
2026-07-06,ostalbkreis,Geoinformatiker/in,1
2026-07-06,ostalbkreis,Pflasterer/Pflasterin,1
2026-07-06,ostalbkreis,Erzieher/in - sonderpädagogische Einrichtungen,1
2026-07-06,ostalbkreis,Ingenieur/in - Angewandte Mechanik,1
2026-07-06,ostalbkreis,Datenbankentwickler/in,1
2026-07-06,ostalbkreis,Textildrucker/in,1
2026-07-06,ostalbkreis,Löter/in,1
2026-07-06,ostalbkreis,Customer-Experience-Manager/in,1
2026-07-06,ostalbkreis,Fachverkäufer/in - Elektronik,1
2026-07-06,ostalbkreis,Fachangestellte/r - Medien- und Informationsdienste - Medizinische Dokumentation,1
2026-07-06,ostalbkreis,Pferdepfleger/in,1
2026-07-06,ostalbkreis,Fachverkäufer/in - Sportartikel,1
2026-07-06,ostalbkreis,Schweißer/in - Schiffbau,1
2026-07-06,ostalbkreis,Berechnungsingenieur/in,1
2026-07-06,ostalbkreis,"Verwaltungsangestellte/r - Krankenkassen, Krankenhäuser, Kliniken",1
2026-07-06,ostalbkreis,Konstrukteur/in - Maschinen-/Anlagentechnik,1
2026-07-06,ostalbkreis,Business-Development-Manager/in,1
2026-07-06,ostalbkreis,Roboterprogrammierer/in,1
2026-07-06,ostalbkreis,Gärtner/in - Zierpflanzenbau,1
2026-07-06,ostalbkreis,Produktmanager/in,1
2026-07-06,ostalbkreis,Pflegedienstleiter/in,1
2026-07-06,ostalbkreis,Gartenbauverwalter/in,1
2026-07-06,ostalbkreis,Landmaschinenmechaniker/in,1
2026-07-06,ostalbkreis,Hauswirtschaftliche/r Betriebsleiter/in/Bachelor Professional in Wirtschaft,1
2026-07-06,ostalbkreis,Umweltmanagementbeauftragte/r,1
2026-07-06,ostalbkreis,Fachaltenpfleger/in - Psychiatrie,1
2026-07-06,ostalbkreis,IT-System-Kaufmann/-frau,1
2026-07-06,ostalbkreis,Natur- und Landschaftspfleger/in,1
2026-07-06,ostalbkreis,Barmeister/in,1
2026-07-06,ostalbkreis,Fachverkäufer/in - Pflanzen und Saatgut,1
2026-07-06,ostalbkreis,Vorarbeiter/in - Hochbau,1
2026-07-06,ostalbkreis,Dienstwagenfahrer/in,1
2026-07-06,ostalbkreis,Servicetechniker/in - Sicherheits-/Alarmanlagen,1
2026-07-06,ostalbkreis,Meister/in - Hauswirtschaft,1
2026-07-06,ostalbkreis,Techniker/in - Maschinentechnik (ohne Schwerpunkt)/Bachelor Professional in Technik,1
2026-07-06,ostalbkreis,Innendienstleiter/in,1
2026-07-06,ostalbkreis,Techniker/in - Holztechnik (ohne Schwerpunkt)/Bachelor Professional in Technik,1
2026-07-06,ostalbkreis,Rechtsanwalt/Rechtsanwältin,1
2026-07-06,ostalbkreis,Gebietsleiter/in - Außenwirtschaft,1
2026-07-06,ostalbkreis,Orthopädieschuhmachermeister/in/Bachelor Professional im Orthopädieschuhmacher-Handwerk,1
2026-07-06,ostalbkreis,Bauwerksabdichter/in,1
2026-07-06,ostalbkreis,Straßenwärter/in,1
2026-07-06,ostalbkreis,Bestattungsfachkraft,1
2026-07-06,ostalbkreis,Raumausstatter/in,1
2026-07-06,ostalbkreis,Assistent/in - Logistik,1
2026-07-06,ostalbkreis,Fachkaufmann/-frau - Außenwirtschaft,1
2026-07-06,ostalbkreis,Kunststoffspritzer/in,1
2026-07-06,ostalbkreis,Onlinemarketing-Manager/in,1
2026-07-06,ostalbkreis,Marketingfachkraft/-assistent/in,1
2026-07-06,ostalbkreis,Assistent/in - Controlling,1
2026-07-06,ostalbkreis,Medizinisch-technische/r Radiologieassistent/in,1
2026-07-06,ostalbkreis,Bausteinmetz/in,1
2026-07-06,ostalbkreis,Steinmetz/in und Steinbildhauer/in - Steinbildhauerarbeiten,1
2026-07-06,ostalbkreis,Maschinen- und Anlagenführer/in - Textiltechnik (Maschen),1
2026-07-06,ostalbkreis,Techniker/in - Elektrotechnik (ohne Schwerpunkt)/Bachelor Professional in Technik,1
2026-07-06,ostalbkreis,Assistent/in - Technische Kommunikation,1
2026-07-06,ostalbkreis,Arbeitsplanungsingenieur/in,1
2026-07-06,ostalbkreis,Berufsspezialist/in Technische/r Kaufmann/-frau,1
2026-07-06,ostalbkreis,Helfer/in - Tierpflege,1
2026-07-06,ostalbkreis,Fleischer/in - Verkauf,1
2026-07-06,ostalbkreis,Bar-Chef/in,1
2026-07-06,ostalbkreis,Elektroniker/in - Maschinen und Antriebstechnik (BBiG),1
2026-07-06,ostalbkreis,Naturwerksteinmechaniker/in - Maschinenbearbeitungstechnik,1
2026-07-06,ostalbkreis,Industriemeister/in - Naturwerkstein,1
2026-07-06,ostalbkreis,Sachbearbeiter/in - Logistik,1
2026-07-06,ostalbkreis,Baukalkulator/in,1
2026-07-06,ostalbkreis,Arztassistent/in / Physician Assistant,1
2026-07-06,ostalbkreis,Fachkraft - Gastronomie (Restaurantservice),1
2026-07-06,ostalbkreis,Karosseriebauer/in,1
2026-07-06,ostalbkreis,Technische/r Assistent/in - Automatisierungstechnik,1
2026-07-06,ostalbkreis,Leckageorter/in,1
2026-07-06,ostalbkreis,Helfer/in - Landwirtschaft,1
2026-07-06,ostalbkreis,Vorarbeiter/in - Bodenverlegung,1
2026-07-06,ostalbkreis,Beikoch/-köchin,1
2026-07-06,ostalbkreis,Betriebstischler/in,1
2026-07-06,ostalbkreis,Pädagogische/r Assistent/in,1
2026-07-06,ostalbkreis,Techniker/in - Bautechnik (Hochbau)/Bachelor Professional in Technik,1
2026-07-06,ostalbkreis,Bau- und Projektkaufmann/-frau,1
2026-07-06,ostalbkreis,Fachverkäufer/in - Geschenkartikel,1
2026-07-06,ostalbkreis,Pflegeassistent/in (Gesundheits- und Krankenpflege),1
2026-07-06,ostalbkreis,Ökotrophologe/Ökotrophologin,1
2026-07-06,ostalbkreis,Promoter/in,1
2026-07-06,ostalbkreis,Fachlehrkraft - Förderschulen,1
2026-07-06,ostalbkreis,Lehrer/in - Förderschulen,1
2026-07-06,ostalbkreis,Maschinenbaumechaniker/in,1
2026-07-06,ostalbkreis,Betriebsmanager/in - Kraftfahrzeugtechnik,1
2026-07-06,ostalbkreis,Facharzt/-ärztin - Psychiatrie und Psychotherapie,1
2026-07-06,ostalbkreis,Maurer- und Betonbauermeister/in/Bachelor Professional im Maurer- und Betonbauer-Handwerk,1
2026-07-06,ostalbkreis,Tierarzt/-ärztin - Haus- und Heimtiere,1
2026-07-06,ostalbkreis,Kinderkrankenschwester/-pfleger,1
2026-07-06,ostalbkreis,Bauabrechner/in,1
2026-07-06,ostalbkreis,Fußpfleger/in (kosmetisch),1
2026-07-06,ostalbkreis,"Kaufmann/-frau - Einzelhandel (Heimwerkerbedarf und Werkzeuge, Pflanzen und Gartenbedarf, Zoofachhandel)",1
2026-07-06,ostalbkreis,Medientechnologe/-technologin Druckverarbeitung,1
2026-07-06,ostalbkreis,Notargehilfe/-gehilfin,1
2026-07-06,ostalbkreis,Werkzeugmacher/in - Stanzwerkzeug- und Vorrichtungsbau,1
2026-07-06,ostalbkreis,Hausdame/Housekeeper,1
2026-07-06,ostalbkreis,Brauer/in und Mälzer/in,1
2026-07-06,ostalbkreis,"Kabelmonteur/in (Fern-, Frei- und Fahrleitungsbau)",1
2026-07-06,ostalbkreis,Pflegewissenschaftler/in,1
2026-07-06,ostalbkreis,Personaldienstleistungskaufmann/-frau,1
2026-07-06,ostalbkreis,Facharzt/-ärztin - Innere Medizin und Nephrologie,1
2026-07-06,ostalbkreis,Hörakustikermeister/in/Bachelor Professional im Hörakustiker-Handwerk,1
2026-07-06,ostalbkreis,Facharzt/-ärztin - Allgemeinmedizin (Hausarzt/-ärztin),1
2026-07-06,ostalbkreis,IT-Kundenbetreuer/in,1
2026-07-06,ostalbkreis,Fachkrankenschwester/-pfleger - Endoskopie,1
2026-07-06,ostalbkreis,Datenerfasser/in,1
2026-07-06,ostalbkreis,Fachkraft - innovative Fahrzeugaufbereitung,1
2026-07-06,ostalbkreis,Facharzt/-ärztin - Kinder- und Jugendmedizin,1
2026-07-06,ostalbkreis,Gestalter/in - Grafikdesign,1
2026-07-06,ostalbkreis,Cutter/in,1
2026-07-06,ostalbkreis,Baureiniger/in (Gebäudereinigung),1
2026-07-06,ostalbkreis,Honorarprofessor/in,1
2026-07-06,ostalbkreis,"Ingenieur/in - Informations-, Kommunikationstechnik",1
2026-07-06,ostalbkreis,IT-Forensiker/in,1
2026-07-06,ostalbkreis,Osteopath/in,1
2026-07-06,ostalbkreis,Zweiradmechaniker/in - Motorradtechnik,1
2026-07-06,ostalbkreis,"Vorarbeiter/in - Lagerwirtschaft, Güter- und Warenumschlag",1
2026-07-06,ostalbkreis,Elektroprüfer/in,1
2026-07-06,ostalbkreis,Facharzt/-ärztin - Innere Medizin und Pneumologie,1
2026-07-06,ostalbkreis,Bürogehilf(e/in),1
2026-07-06,ostalbkreis,Projektkoordinator/in (kaufmännisch),1
2026-07-06,ostalbkreis,Umwelttechnologe/-technologin - Wasserversorgung,1
2026-07-06,ostalbkreis,Leiter/in - Kundendienst (technisch),1
2026-07-06,ostalbkreis,Land- und Baumaschinenmechatronikermeister/in/Bachelor Professional im Land- und Baumaschinenmechatroniker-Handwerk,1
2026-07-06,ostalbkreis,Orthopädietechniker/in,1
2026-07-06,ostalbkreis,Betriebswirt/in (Fachschule) - Holz,1
2026-07-06,ostalbkreis,"Helfer/in - Naturstein- und Mineralaufbereitung, Baustoffherstellung",1
2026-07-06,ostalbkreis,Kaufmann/-frau - Versicherungen und Finanzen - Versicherung,1
2026-07-06,ostalbkreis,Vorarbeiter/in - Holzbe- und -verarbeitung,1
2026-07-06,ostalbkreis,Fachinformatiker/in - Anwendungsentwicklung,1
2026-07-06,ostalbkreis,Webdesigner/in,1
2026-07-06,ostalbkreis,First-Level-Supporter/in,1
2026-07-06,ostalbkreis,Kachelofenbauer/in,1
2026-07-06,ostalbkreis,Wasserbauingenieur/in,1
2026-07-06,ostalbkreis,3-D-Druck-Spezialist/in,1
2026-07-06,ostalbkreis,Zimmerermeister/in/Bachelor Professional im Zimmerer-Handwerk,1
2026-07-06,ostalbkreis,Textilmaschinenführer/in - Weberei,1
2026-07-06,ostalbkreis,Fachkraft - Trockenbau,1
2026-07-06,ostalbkreis,Technische/r Zeichner/in - Heizungs-/Klima-/Sanitärtechnik,1
2026-07-06,ostalbkreis,Fachwirt/in - Verwaltung,1
2026-07-06,ostalbkreis,Buchbinder/in,1
2026-07-06,ostalbkreis,Industriemeister/in - Elektrotechnik,1
2026-07-06,ostalbkreis,Assistent/in - Bibliotheken,1
2026-07-06,ostalbkreis,Zweiradmechaniker/in - Fahrradtechnik,1
2026-07-06,ostalbkreis,Fassadenmonteur/in,1
2026-07-06,ostalbkreis,Fachkraft - Wasserversorgungstechnik,1
2026-07-06,ostalbkreis,Abfüller/in,1
2026-07-06,ostalbkreis,Konditormeister/in/Bachelor Professional im Konditor-Handwerk,1
2026-07-06,ostalbkreis,"Fliesen-, Platten- und Mosaiklegermeister/in/Bachelor Professional im Fliesen-, Platten- und Mosaikleger-Handwerk",1
2026-07-06,ostalbkreis,Pizzabäcker/in,1
2026-07-06,ostalbkreis,Ingenieur/in - Abfallwirtschaft,1
2026-07-06,ostalbkreis,Technische/r Systemplaner/in - Elektrotechnische Systeme,1
2026-07-06,ostalbkreis,Landmaschinenführer/in,1
2026-07-06,ostalbkreis,Chef de rang,1
2026-07-06,ostalbkreis,Vertriebscontroller/in,1
2026-07-06,ostalbkreis,Techniker/in - Bautechnik (ohne Schwerpunkt)/Bachelor Professional in Technik,1
2026-07-06,ostalbkreis,Qualitätsbeauftragte/r - Gesundheits-/Sozialwesen,1
2026-07-06,ostalbkreis,Werksteinhersteller/in,1
2026-07-06,ostalbkreis,Helfer/in - Tiefbau,1
2026-07-06,ostalbkreis,Schilder- und Lichtreklamehersteller/in,1
2026-07-06,ostalbkreis,Kraftfahrzeugelektriker/in,1
